:020000040800F2
:10000000F07D0020A1020008B7510008714C0008E3
:10001000B55100083B060008077D000800000000FD
:10002000000000000000000000000000035600086F
:10003000411D000800000000BB55000805560008DF
:10004000BB020008BB020008BB020008BB0200089C
:10005000BB020008BB020008BB020008BB0200088C
:10006000BB020008BB020008BB020008BB0200087C
:10007000BB020008BB020008BB020008BB0200086C
:10008000BB020008BB020008BB020008BB0200085C
:10009000BB020008BB020008BB020008BB0200084C
:1000A000BB0200080D5700083957000865570008C3
:1000B000BB020008BB020008BB020008BB0200082C
:1000C000BB020008BB020008BB020008BB0200081C
:1000D000BB020008BB020008BB020008BB0200080C
:1000E000BB020008BB020008BB020008BB020008FC
:1000F000BB020008BB020008000000000000000076
:100100000000000000000000BB020008BB02000865
:100110000000000000000000BB020008BB02000855
:10012000BB020008BB020008991C0008A51C0008BF
:10013000B11C0008BB020008BB020008BB0200089B
:10014000BB020008000000000000000000000000EA
:10015000000000000000000000000000000000009F
:100160000000000000000000BB020008817C0008C5
:10017000BB02000800000000BB02000800000000F5
:1001800000000000BB02000800F002F800F05EF87A
:100190000AA090E8000C82448344AAF10107DA45E2
:1001A00001D100F053F8AFF2090EBAE80F0013F0D6
:1001B000010F18BFFB1A43F001031847CCA0000041
:1001C000ECA000000A444FF0000C10F8013B13F0C3
:1001D000070408BF10F8014B1D1108BF10F8015BA0
:1001E000641E05D010F8016B641E01F8016BF9D193
:1001F00013F0080F1EBF10F8014BAD1C0C1B09D1EA
:100200006D1E58BF01F801CBFAD505E014F8016B5B
:1002100001F8016B6D1EF9D59142D6D370470000ED
:100220000023002400250026103A28BF78C1FBD8FF
:10023000520728BF30C148BF0B6070471FB508F098
:10024000F0FF00F0DAF81FBD10B510BD00F092F914
:100250001146FFF7F3FF08F0D7F800F0B0F903B448
:10026000FFF7F2FF03BC00F0B3F900000B49D1F82F
:1002700000C04A685CF8043B1068184442F8040B5C
:100280008C4528BFA1F1DC0C8A4228BFA1F1DC0219
:10029000C1F800C04A6020F000407047887100201B
:1002A0000948804709480047FEE7FEE7FEE7FEE70A
:1002B000FEE7FEE7FEE7FEE7FEE7FEE70448054946
:1002C000054A064B70470000A55600088901000842
:1002D000F0710020F07D0020F0770020F077002002
:1002E00053EA020C00F069802DE9F04B4FF0000654
:1002F000002B1FBFB3FA83F503FA05F424FA05F6C1
:100300005E4012BF1643B2FA82F502FA05F4C5F157
:1003100020051EBF22FA05FC44EA0C04203556EAEB
:10032000044C4FEA144418BF641C4FF000084FF00F
:100330000009904271EB030C39D3002919BFB1FABF
:1003400081F701FA07F6B0FA80F700FA07F6C7F16D
:1003500020071EBF20FA07FC46EA0C062037B6FB32
:10036000F4FCA7EB0507103F07F01F0BCBF12006AD
:100370000CFA0BFB2CFA06F644BFB3460026202FDE
:10038000A4BF5E464FF0000B5BEA060C08BF4FF0BF
:10039000010B19EB0B09ABFB027C48EB0608C01BF9
:1003A00006FB02CC0BFB03CC71EB0C01C1E70B4647
:1003B000024641464846BDE8F08B13B54FF00000B9
:1003C0004FF00001AFF30080BDE81C407047000013
:1003D0000B4910B5A1F17C020A4CC2E93712372152
:1003E00006E000EB104342F82130074B00FB0340CE
:1003F0000B1EA1F10101F4DC10BD0120E8E70000B3
:1004000028710020E119D666CD0D0100032A40F2C3
:10041000308010F0030C00F0158011F8013BBCF1A6
:10042000020F624498BF11F801CB00F8013B38BFBE
:1004300011F8013BA2F1040298BF00F801CB38BFCC
:1004400000F8013B11F0030300F02580083AC0F0EA
:10045000088051F8043B083A51F804CBA0E8081092
:10046000F5E7121D5CBF51F8043B40F8043BAFF3C5
:100470000080D20724BF11F8013B11F801CB48BF1F
:1004800011F8012B24BF00F8013B00F801CB48BF55
:1004900000F8012B704710B5203AC0F00B80B1E88E
:1004A0001850203AA0E81850B1E81850A0E81850A9
:1004B000BFF4F5AF5FEA027C24BFB1E81850A0E8B2
:1004C000185044BF18C918C0BDE810405FEA827CCC
:1004D00024BF51F8043B40F8043B08BF7047D207E3
:1004E00028BF31F8023B48BF11F8012B28BF20F884
:1004F000023B48BF00F8012B70474FF0000200B5E7
:10050000134694469646203922BFA0E80C50A0E836
:100510000C50B1F12001BFF4F7AF090728BFA0E8E4
:100520000C5048BF0CC05DF804EB890028BF40F8B0
:10053000042B08BF704748BF20F8022B11F0804FF2
:1005400018BF00F8012B704770477047704710B50F
:1005500000F008F8006810BD10B5044600F002F87D
:10056000046010BD0048704790710020004870473B
:10057000907100207546FFF7F9FFAE460500694609
:10058000534620F00700854618B020B5FFF796FEC9
:10059000BDE820404FF000064FF000074FF0000884
:1005A0004FF0000B21F00701AC46ACE8C009ACE805
:1005B000C009ACE8C009ACE8C0098D46704710B569
:1005C0000446AFF300802046BDE81040FFF747BE69
:1005D00001491820ABBEFEE726000200704770B547
:1005E00004462068816811F0010F24D0816821F051
:1005F0000101816001F090FF05462068806810F0DD
:10060000010F18D001F088FF401B02280ED9206886
:10061000806810F0010F09D0A06A40F01000A062BD
:10062000E06A40F00100E062012070BD206880684F
:1006300010F0010FE6D1002070BDFEE700207047EA
:100640000020704710B500220449054805F085FEDA
:100650000449034805F07BFE002010BDC46C002057
:100660000C5F0020DC68002070B50E460546014690
:10067000084805F06CFE074805F048FE002404E039
:10068000295D0548641C00F0A2FF3068A042F7D83D
:10069000002070BD0C5F0020A03C00200A460949E4
:1006A00010B5D1F8B812D1F8141209B1012010BD5B
:1006B0000146044805F051FEBDE81040014805F030
:1006C000C7BE00000C5F002010B504462DED028B64
:1006D000806A01F0C1F9B0EE408A84ED008AE06AD8
:1006E00001F0BAF9E06901281BD0F0EE408A606B96
:1006F000B0EE680A01F0B0F984ED010A84ED028AD7
:10070000C4ED038A0021A06B01F05EFAA06B90F8A3
:100710002800C00702D0002000F0B8FABDEC028B20
:1007200010BDF0EEC08AE2E7704710B504462DED2B
:10073000028BF0EE608A806A01F08EF9A0690128D0
:100740003CD0B0EE408A206BB0EE480A01F084F94C
:1007500084ED000AB0EE680AE06A01F07DF9E06914
:1007600001282ED0F0EE408A606BB0EE680A01F0EE
:1007700073F984ED010A84ED028AC4ED038A94EDD5
:10078000000A0021A06B01F01FFA94ED010A01217B
:10079000E06B01F019FAA06B90F82800C00702D0B6
:1007A000002000F073FAE06B90F82800C00702D038
:1007B000012000F06BFABDEC028B10BDB0EEC08AD8
:1007C000C1E7F0EEC08ACFE710B504462DED048BEB
:1007D000B0EE608A806A01F03FF9F0EE408A206B4B
:1007E00001F03AF9F0EE409AB0EE480AE06A01F002
:1007F00033F9B0EE408A606B01F02EF9B0EE409A0A
:10080000B0EE690A20EE000A08EEA80A10EE100AFF
:1008100008F096FC41EC100B07F0F2FC51EC100BC9
:1008200007F042FFB0EE490A206020EE000A08EE11
:10083000080A10EE100A08F083FC41EC100B07F0D8
:10084000DFFC51EC100B07F02FFF6060C4ED028A53
:1008500084ED038A94ED000A0021A06B01F0B4F945
:1008600094ED010A0121E06B01F0AEF9A06B90F864
:100870002800C00702D0002000F008FAE06B90F8D2
:100880002800C00702D0012000F000FABDEC048B64
:1008900010BD10B504462DED028BF0EE608A806A23
:1008A00001F0DAF8A069012839D0B0EE408A206B57
:1008B000B0EE480A01F0D0F884ED000AB0EE680A04
:1008C000E06A01F0C9F8E06901282BD0F0EE408A17
:1008D000606BB0EE680A01F0BFF884ED010A84EDA8
:1008E000028AC4ED038A94ED000A0021A06B01F096
:1008F0006BF994ED010A0121E06B01F065F9A06B41
:1009000090F82800C00707D0E06B90F82800C007D7
:1009100002D0002000F0BAF9BDEC028B10BDB0EEA1
:10092000C08AC4E7F0EEC08AD2E700002DE9FF5F7D
:100930009A46DDF83CB091460E460546002405EB8C
:100940004400418A21F400614182204600F0A8F968
:10095000C4EB0410C0EBC00005EB84070AEBC00336
:10096000BB620E99C4EBC4020BEBC20801EBC001E1
:10097000C7F838803963288A052808D909EB44224A
:10098000D2F884000A2802D21830C2F8840009EB99
:100990004422184600F0BEFA06EB8400D0F8E8C006
:1009A000D0F8D83050F8A82F01698DE80E1090EDDE
:1009B000160AD6E93E234046316801F0D5F80120F9
:1009C000641CB861022CBADBD6E95012284600F04C
:1009D000A7F82E62B6F8A400002180B22882E9822E
:1009E000082809D2DFE800F004060F1113151719C3
:1009F0000B4800E00B4868620B48006804B0BDE893
:100A0000F05FFFF7E5BC0948F5E70948F3E7094857
:100A1000F1E70948EFE70948EDE70948EBE700008F
:100A200029070008290B0008282800402B07000888
:100A3000C906000893080008450A0008790B000859
:100A4000C907000810B500F14801D1E902325B1E68
:100A500042F1FF32C1E90232D94371EA020104D105
:100A600000F004F8002000F011F910BD2DE9F0416C
:100A700000F148042DED028B016A09888DB2FFF761
:100A8000F5FB00EE100ADFED180AD4E90060B8EEBD
:100A9000C00A801B60EE200A00EE100AB8EE400A81
:100AA00020EE800A10EE100A08F002FC361841F120
:100AB0000007284608F02AF89FED0C1B53EC112B79
:100AC00007F0CCFE41EC180B3046394608F032F8FE
:100AD00053EC182B08F074F808F0AEFBC4E90201DF
:100AE000BDEC028BBDE8F08100000030000000008A
:100AF0000000244000280DD1074841F287310268E8
:100B0000D162006801640549488820F4C05040F46F
:100B10000050488070470000C806002000000020F8
:100B2000C0E91212FFF7A2BF10B504462DED028BEB
:100B3000806A00F091FFA069012819D0B0EE408AC8
:100B4000206BB0EE480A00F087FF84ED000A84EDC8
:100B5000028A0021A06B01F037F8A06B90F8280002
:100B6000C00702D0002000F091F8BDEC028B10BD50
:100B7000B0EEC08AE4E7000010B504462DED048B0A
:100B8000806A00F069FFB0EE408A206B00F064FFDD
:100B9000B0EE409A29EE090A08EE080A10EE100A93
:100BA00008F0CEFA41EC100B07F02AFB51EC100BC9
:100BB00007F07AFD206084ED028A18EE100A08F032
:100BC000BFFA41EC180B19EE100A08F0B9FA41EC23
:100BD000100BB0EE481AF0EE681A07F019FA9FED04
:100BE000131B51EC100B53EC112B07F037FE9FED4C
:100BF000118B53EC182B07F0E3FF53EC182B07F085
:100C000085FD07F051FD6060E06094ED000A002171
:100C1000A06B00F0D9FFA06B90F82800C00702D0AD
:100C2000002000F033F8BDEC048B10BD112D4454AE
:100C3000FB21094000000000004CCD40028A4FF427
:100C40000061082A0BD2DFE802F00A040606060457
:100C50000406806B02E0826B9162C06B8162704718
:100C600000280ED1074841F287310268D16200683E
:100C7000491001640449488820F4205040F4805011
:100C800048807047C806002000000020034900EBA0
:100C9000C00001EB800000F02ABC0000F85D0020DD
:100CA0007CB504F03BF904F085F9234800F0EAFB39
:100CB00021482430054600F0E5FB00231A461F4971
:100CC0001D4800F030FB1D49012300224C3128460D
:100CD00000F029FBFFF7CAFA194CD4F8D820D4F851
:100CE000E81000FB012082B2B4F8B800B4F8C810D4
:100CF00080B289B2CDE9001034F8A80F83B2B4F8FD
:100D0000780081B20C4800F026FBFFF7AFFA626B67
:100D1000616C00FB012082B2A08AA18C80B289B2F2
:100D2000CDE90010A08883B2B4F87C0081B22846D7
:100D300000F011FB7CBD0000F85D002014070020CE
:100D4000B028002010B5002812D10A4842F20F71D5
:100D50000268D1620068491001640021054803F06F
:100D6000ADFE0549488820F4405040F400604880BA
:100D700010BD0000C80600200000002010B500F5DE
:100D80008053D3F8A040F4B1D3F89C4000EB840426
:100D900004F5805464690C60D3F89C1000EB81006A
:100DA00000F58050406D1060D3F89C00411C08296C
:100DB00001D2401C00E0C01F43F89C0F5868401E41
:100DC0005860002010BD4FF0FF3010BD10B500F589
:100DD0008053D3F8944000EB840404F5805461619F
:100DE000D3F8941000EB810000F580504265D3F8F1
:100DF0009400411C082901D2401C00E0C01F43F8A8
:100E0000940FD868401CD860002010BD00B500F5D4
:100E10008051002281F88020CA6F496FFFF7D6FF0A
:100E2000002000BD30B500F5805241F21005D2F827
:100E3000983000240B44AB4201D3C2F89840D2F85A
:100E40009830801C1844D167C2E91D04012482F83F
:100E500080405C18AC4203D3A1F5805110395C1876
:100E6000C2F8984030BD10B500F58050D0E91E346E
:100E70005A1CA34204D2446F82670020E15410BD83
:100E800082674FF0FF3010BD00F58050002180F8E0
:100E90008010816708467047A0F6887000F5005002
:100EA00003C8081A7047014612282ED012DC052903
:100EB00020D008DC40F20120012903D0022901D012
:100EC000032917D17047062916D0102917D01128E9
:100ED00010D11AE040290DD006DC14290FD02029AA
:100EE0000FD0212806D10EE0412903D060290ED071
:100EF00083280AD00120704740F202207047062064
:100F00007047162070470E2070470220704705205A
:100F1000704700002DE9F74FD04DD2F8843005F529
:100F20007372CF4981B005F16C0A05F1D80905F556
:100F3000A27605F5D87B05F5227E05F5587705F5EF
:100F4000077C02F55874222B77D2DFE803F01121D9
:100F50003344546677889AAAB2C1767676767676E6
:100F6000767676767676D0E1FAF8F7F6F5F4F3F25F
:100F7000BA4A03234832A2F12401009500F0BCFDD7
:100F8000B848032300F1480200F1240100905FE11A
:100F9000B24A0323B432A2F12401CDF800A000F03C
:100FA000ABFDB0486C30032300F1480200F124018E
:100FB00000904DE1AC4A0323A2F12401CDF800904A
:100FC00000F09AFDA748D830032300F1480200F151
:100FD000240100903CE1A44A03236C32A2F12401D5
:100FE000009600F089FDA148032300F1480200F1BA
:100FF000240100902CE19C4A0323D832A2F1240161
:10100000CDF800B000F078FD98486C30032300F173
:10101000480200F1240100901AE1954A0323A2F14D
:101020002401CDF800E000F067FD9248032300F1B1
:10103000480200F1240100900AE10CE1894A0323EF
:10104000903AA2F12401009700F056FD8948D8306B
:10105000032300F1480200F124010090F8E0844AE3
:1010600003236C3AA2F12401CDF800C000F044FD46
:1010700080486C38032300F1480200F124010090FD
:10108000E6E00092774A0323243AA2F1240100F01B
:1010900033FD7948032300F1480200F12401009058
:1010A000D6E073490323243101F148020091243131
:1010B0001AE00B882BB10A1D009201F582724431AF
:1010C00012E06D4A0323903AA2F124010094BFE09C
:1010D000B1F8C431002BF4D0614901F5E4720092FB
:1010E00001F5327201F5027100F006FDE9E75B4A95
:1010F00003234832A2F12401009500F0FDFC5E4874
:101100006C30072300F1A80200F1540100909FE029
:10111000554A03236C3AA2F12401CDF800A000F057
:10112000EBFC5648072300F1A80200F1540100909F
:101130008EE07CE06AE057E046E035E022E011E036
:10114000FFE7494A0323A2F12401CDF8009000F003
:10115000D3FC4A48FC30052300F1780200F13C0141
:10116000009075E0404A03236C32A2F124010096FE
:1011700000F0C2FC4248052300F1780200F13C0176
:10118000009065E0384A0323D832A2F12401CDF85B
:1011900000B000F0B1FC3A48B430032300F148023B
:1011A00000F12401009053E0314A0323A2F124010D
:1011B000CDF800E000F0A0FC3248032300F1480223
:1011C00000F12401009043E0264A0323903AA2F163
:1011D0002401009700F090FC2B48032300F1480203
:1011E00000F12401009033E0214A03236C3AA2F17C
:1011F0002401CDF800C000F07FFC22486C380323A6
:1012000000F1480200F12401009021E00092154A0B
:101210000323243AA2F1240100F06EFC1A486C303A
:10122000032300F1480200F12401009010E010496E
:101230000323243101F148020091243100F05CFCC9
:1012400010486C30052300F1780200F13C01009059
:10125000029800F051FCBDE8FF8F00000C930008DD
:1012600098010020449700082C94000888980008F2
:10127000DC950008CC990008109B0008789C0008B9
:10128000289E0008B49F0008D4A0000810B501896A
:1012900021F00101018100F0AFF810BD10B5044646
:1012A000006803F0D5F9208940F002002081206910
:1012B000B0F5803F01D34FF6FF702168C860216808
:1012C00000204861226861891268D162216809683A
:1012D0000863206803F007F920680068016921F0BD
:1012E0001F0101612068BDE8104003F071B9018958
:1012F00041F0010101817047016809680A690B69C1
:1013000023F01F030B61D10708D001898A0703D49A
:10131000490707D5818B19B100F036B800F09EB8A7
:1013200000F0CEB8704770B5038401600446828037
:1013300001209040E08080208861206800250561C0
:1013400002F0EAF942F21071B0FBF1F02168401EA0
:101350004860658470BD30B5DDE9035481826D1E3F
:101360004583C38242814FF6FF71C18304830168C4
:1013700083883425096805EB0313CC500168CA60E3
:1013800000680021416130BD10B50446006803F0DB
:101390005FF9208920F0020040F0080020812168D8
:1013A000A08AC860206803F09EF82068A1883422D3
:1013B000006802EB01110844E18A0160A088012263
:1013C00081002068006804F073FB206800680169F0
:1013D00021F01F01016120680068C168E28841EACC
:1013E0004201C160206803F0F3F8204600F016F8CF
:1013F000A08B401EA08310BD4FF09040816941F04A
:1014000080618161816941F0007181610248418898
:1014100021F00F0141807047000000200D49D1F8F4
:10142000A010012912D14FF09042916941F48061DE
:101430009161094B018C588849B1012906D140F0CE
:1014400008005880906940F040009061704740F07B
:101450000200F6E7B02800200000002010B5044686
:101460000089002220F0080040F010002081A088B0
:1014700081002068006804F01BFB204600F002F8A1
:1014800010BD00004FF09042916941F08061916180
:101490000A4B018C588849B1012906D1916941F460
:1014A0008001916120F0080058807047916941F4F3
:1014B0008001916120F00200F6E7000000000020AA
:1014C00010B50446006803F0C3F8A088002281002C
:1014D0002068006804F0ECFA208920F01C002081CC
:1014E0002046FFF7CFFF204600F048F810BD10B5AA
:1014F0000446408C08B318202189014223D141F0D1
:1015000004002081204600F01FF8FEF7AFFE0146E0
:101510004FF6FF7091FBF0F200FB1211A2895143CC
:10152000B1FBF0F0618908182061618BA18320462E
:1015300005D0BDE81040FFF7B1BE1A20DCE7BDE8DA
:101540001040FFF721BF10BD4FF090418A6942F46F
:1015500000728A618A6942F020028A61064A018C1F
:10156000508829B1012902D140F004005080704711
:1015700040F00100FAE70000000000204FF0904129
:101580008A6942F000728A618A6942F400128A61B3
:10159000064A018C508829B1012902D120F00400AB
:1015A0005080704720F00100FAE7000000000020A2
:1015B00041F2A4031844FFF7E1BB41F2A40108443F
:1015C000FFF724BC41F2A4021044FFF74CBC2DE904
:1015D000F0410F4641F2A40100F500548046461840
:1015E000D4F848014FF0FF35810536D54FF48450CB
:1015F000805D78B93846FFF756FC002807DD38468D
:10160000FFF751FC01463046FFF70CFC02E0304684
:10161000FFF73AFC3046FFF73FFC002809DD39466A
:101620004046FFF7CFFF401C1ED13046FFF72CFC91
:101630000EE03E2F09D03046FFF726FCD4F84801D3
:1016400020F40070C4F848010EE04046FFF7B5FFF3
:10165000D4F8480120F4007003E03C2F04D140F49A
:1016600000700025C4F848012846BDE8F08100005C
:101670002DE9FC410446994D0078994AA5F5D267B9
:1016800005F1700814287CD011DC964E102879D012
:1016900006DC01281CD002284BD0062848D15CE08B
:1016A0000021012311286ED01228F7D1A8E08D491E
:1016B0003439412868D006DC202866D0212865D03E
:1016C0004028EBD1EEE0602875D08328E6D1FEE01B
:1016D0004FF4A472611C8348FEF798FE824BCDE95B
:1016E0000075A3F580627F4903F55960FFF71EF985
:1016F000FEF7BCFDD6F8D820D6F8E81000FB012094
:1017000082B2B6F8B80081B2B6F8C80080B2CDE9AE
:10171000000136F8A80F83B2B6F8780081B270489D
:10172000FFF719FE6D487030FFF788FA00F07AF97C
:10173000D0E04FF40072611C6C48FEF767FE6A4B04
:10174000CDE90075694A674903F55960FFF7EEF87E
:1017500062487030FFF772FABCE06078644BC0EB0F
:101760000011C1EBC010B4F8035023F8205003EB74
:101770008006611DAA00301DFEF78DFE04EB850773
:1017800005E04BE018E02DE090E059E068E005EB63
:10179000450084007F1D06F1440022463946FEF7CD
:1017A0007AFE05EB450007EB8001224606F58270C4
:1017B000FEF771FE8EE07DE0627869460020231816
:1017C0009B780B54401C0428F9DBC2EBC2009DED52
:1017D000000A05EBC00080ED060AD0ED070A20EEF6
:1017E000200A2AE0607828B13D48C6F8A030FFF70B
:1017F0007EFD6FE03A48C6F8A010FFF747FD69E0AC
:10180000607828B1A8F816305384A2F8463061E019
:10181000A8F816105184A2F846105BE06278694679
:10182000002023189B780B54401C0428F9DB9DED05
:10183000000AC2EBC20005EBC00080ED050A49E0DA
:101840006178638801EBC10102EB81014B81E28881
:101850008A816289CA82E2898A82608A488339E001
:1018600066782249A01C01EB46250268C5F88C2049
:101870004168C5F884108068C5F88000C6EB061082
:10188000C0EBC000184B07EBC0012A4603EBC000B9
:10189000FFF740FBD5F8840000B1012008EB86017A
:1018A000886117E0486840F0020001E06FF0020034
:1018B00048600FE0D4F801000A21B0FBF1F000EE1F
:1018C000100A0C48B8EE400A80ED010A02E0044814
:1018D000FFF70DFE0020BDE8FC810000D03B00209A
:1018E000F85D0020B0280020B02E0020B02A002093
:1018F000980100200000002009480169826801F574
:1019000080718A4203D8B1FBF2F303FB121101612B
:101910008169A1F5807181610249002008707047DA
:101920007C2800200000002038B5374C207870B1AA
:1019300001284BD0022809D13E208DF8000001215A
:101940006846FEF7ABFE002800D1207038BD2E4857
:101950003C210C302D4D0170AD214170A96B2C4AFA
:10196000DFED2C0A91ED050A10EE101A914201DD0F
:10197000B0EE600A10EE101A4FF047439FED261AA2
:10198000994201D9B0EE410ABDEEC00A10EE101A1C
:101990004180E96B91ED050A10EE101A914201DDCC
:1019A000B0EE600A10EE101A994201D9B0EE410A69
:1019B000BDEEC00A10EE101A8180134806210C30CB
:1019C000FEF76CFE0028C1D10120BEE71348144980
:1019D000006908444FF48071FEF760FE0028B5D11D
:1019E000022020700D480169826801F580718A42E9
:1019F00003D8B1FBF2F303FB121101618169A1F578
:101A00008071816138BD000000000020403C002052
:101A100000FEFF4600FEFF46000000C77C280020B5
:101A20007C0800200A4810B5D0F8A000094C002816
:101A3000A4F1240005D0FFF75AFC2046FFF757FC1D
:101A400010BDFFF723FC2046FFF720FC10BD00006F
:101A5000B02800201C5E0020F0B5002246E002EB1A
:101A6000420100EB810400EB8205D4ED600AD0F85E
:101A70004063D5F80013B0EE402A20EE800A8E466F
:101A8000012356F8227015E004EB830C04EB810669
:101A9000DCED600A96ED001AD6ED301A491E60EEB4
:101AA000810A9CED901A41EE610A30EE800A00D561
:101AB00039445B1C9F42E7DC0EF1010EC5F800E3E0
:101AC000D0F8401351F82210714501DD714602E053
:101AD0000021C5F8001304EB8101521C81ED002A9E
:101AE000D5F8001304EB810181ED300AD0F84413DE
:101AF0009142B4DCF0BD00002DE9F04F99469346C9
:101B00008A460023DDF824E025E003EB43020021B0
:101B10009FED140A0F4600EB83060BEB82050AEBE0
:101B2000820400EB820C0CEB810205EB810882ED54
:101B3000000A82ED300AC6F80073D8ED000A04EB03
:101B40008108C2ED900AD8ED000A491CC2ED600A76
:101B50000329E8DB5B1C4B45D7DBC0E9D0E9BDE8D6
:101B6000F08F000000000000F0B54A43DDE90754A3
:101B7000DDE90576426201FB03F2026201FB07F335
:101B80004FF47A72B3FBF2F3C36001FB06F3B3FBCD
:101B9000F2F3036101FB05F36143B3FBF2F5B1FB23
:101BA000F2F1C0E90151B3FBF2F101600021C16221
:101BB00080ED060A9FED030A416380ED050A81620C
:101BC000F0BD00000000000070B50446806A020508
:101BD00056D5020454D4820446D4C20427D5656A7B
:101BE000636BAB423CDB226A15449D420CDD00EE88
:101BF000902AF8EEE00A80EE201A94ED070A31EE02
:101C0000000A84ED070A2BE094ED070AD4ED060ADA
:101C100020F4805040F4005020EE200A84ED050AA4
:101C2000A0620020E0620846FEF764FF18E0636AE5
:101C3000626B9A420CDB20F480409FED160A40F460
:101C4000805084ED070AA0620846FFF709F807E014
:101C5000420405D440F48040A0620846FFF772F8C1
:101C6000606B401C60630BE0D4ED050AC10709D02E
:101C7000F4EEC00AF1EE10FA02DD20F00100A062DD
:101C8000A06A70BDF4EEC00AF1EE10FAF8D240F08E
:101C90000100F4E700000000014800F051BA000024
:101CA000405E0020014800F04BBA0000845E002036
:101CB000014800F045BA0000C85E00200C4B0168E6
:101CC0000C4A994209D20C4B1944A2FB0121090983
:101CD000890001640949C1637047094B1944A2FB9B
:101CE00001210909890001640649C16370470000A8
:101CF00008040240CDCCCCCCF8FFFDBF0000024070
:101D0000F8FBFDBF0004024010B490F840C001246D
:101D100004FA0CFCC46BC4F804C0D0F800C0CCF8C2
:101D200004304368102B05D0036899600068C260D6
:101D300010BC704703689A600068C16010BC7047AF
:101D40007047FEE778B40024A446CDF800C090F8B0
:101D50002420012A14D0012280F824204A681F255B
:101D6000072A10D203685E6B521E02EB8202954076
:101D700026EA05050E6806FA02F22A435A631FE0B6
:101D800078BC022070470D2A0DD203681E6BD21F4B
:101D900002EB8202954026EA05050E6806FA02F279
:101DA0002A431A630CE00368DE6A0D3A02EB8202F2
:101DB000954026EA05050E6806FA02F22A43DA6221
:101DC0000A6807250A2A0DD90368DE680A3A02EB79
:101DD0004202954026EA05058E6806FA02F22A4379
:101DE000DA600BE003681E6902EB4202954026EAC6
:101DF00005058E6806FA02F22A431A610A68102A5B
:101E000004D0112A02D0122A1AD01EE00268936868
:101E100043F4000393600968102916D10D490E4A56
:101E20000968B1FBF2F101EB8101490000910099D1
:101E300059B10099491E009100990029F9D104E097
:101E400006490A6842F080720A6080F824C0204681
:101E500078BC70477400002040420F000000014031
:101E60002DE9F041044600270025002C03D0A06A8C
:101E7000002618B108E00120BDE8F081E66284F890
:101E80002460204600F07CF82046FEF7A8FB0146BF
:101E9000A06A10F0100F00D139B1A06A40F0100014
:101EA000A06201210846BDE8F081A06A20F48850B4
:101EB00040F00200A062E2696068237B104347EAB9
:101EC00043020243A068B0F5807F08D0012806D005
:101ED000002094F814C0BCF1010F03D00BE04FF4C4
:101EE0008070F6E7F3B1A36A43F02003A362E36ACC
:101EF00043F00103E3622368D3F804C02CF4694C77
:101F00004CEA0000586020688368DFF86CC003EA80
:101F10000C0313438360A068B0F5807F09D00128CB
:101F200007D009E0A3695B1E40EA433040F400603B
:101F3000E1E7208A401E05052068C36A23F4700388
:101F40002B43C362206880680C4B1840904207D135
:101F5000E662A06A20F0020040F00100A062A1E762
:101F6000A06A20F0020040F01000A062E06A40F099
:101F70000100E062012195E7FDF7E1FFFE0E1FFF82
:101F800010B586B0044614216846FEF7B6FA11492A
:101F9000206888421BD11048816941F40071816139
:101FA000816901F400710591416941F40031416199
:101FB0004069694600F4003005900120009003203C
:101FC0000190002002904FF0904000F099F906B087
:101FD00010BD0000002401400010024030B44379DD
:101FE000012B21D001244471022303710368D3F82B
:101FF00000C040F6FE7595402CEA050C0D68496856
:102000002943914041EA0C01196001680B684FF0C7
:10201000C00C0CFA02F223EA02020A6004710021E9
:10202000417130BC0020704730BC0220704770B551
:102030000446002C03D02079002510B105E00120D2
:1020400070BD6571204600F007F8022020712561FF
:1020500001202071002070BD10B586B00446142107
:102060006846FEF74AFA1149206888421BD1104899
:10207000C16941F00051C161C16901F00051059190
:10208000416941F4003141614069694600F4003022
:1020900005901020009003200190002002904FF046
:1020A000904000F02DF906B010BD00000074004013
:1020B0000010024081B0D0F800C0CDF800C0006828
:1020C0000029104406D014300090009803600020CE
:1020D00001B0704708300090F7E710B44279012A48
:1020E00015D001234371022202710268D2F800C0A8
:1020F00003FA01F44CEA040CC2F800C051B10168C3
:102100000A684FF4701C3CEA02020FD012E010BCC7
:102110000220704701680A684FF03C0C3CEA02025A
:1021200008D14A6842F001024A6003E04A6842F07E
:1021300002024A6003710021417110BC0020704707
:10214000F0B4C16B0A6801680B68D0F840C0042481
:1021500004FA0CF5154215D013F0040F12D00A68DA
:1021600012F0200F03D10A6822F004020A6090F8EE
:102170004010C26B04FA01F15160C16A002941D0DC
:10218000F0BC0847022505FA0CF414424FF0000693
:102190004FF0010419D013F0020F16D00A6812F0A4
:1021A000200F05D10A6822F00A020A6080F8214057
:1021B00090F84010C26B05FA01F1516080F8206080
:1021C000816A00291ED0F0BC0847082505FA0CFCDE
:1021D0001CEA020F16D013F0080F13D00A6822F081
:1021E0000E020A6090F84010C26B04FA01F15160CF
:1021F000846380F8214080F82060016B002901D0C1
:10220000F0BC0847F0BC704710B50446002C22D043
:10221000022084F82100206801686FF30D11A36883
:102220006268D4F810C01A43E36843EA0C031A4307
:1022300063691A43A3691A43E3691A4311430160AE
:102240002046FFF73BFD0020A063012184F8211008
:1022500084F8200010BD012010BD70B50446002593
:1022600094F8200001280DD0012084F8200094F873
:1022700021C00020BCF1010F06D084F82000022507
:10228000284670BD022070BD4FF0020C84F821C0BA
:10229000A0632068D0F800C02CF0010CC0F800C08A
:1022A0002046FFF731FDE06A28B12068016841F05F
:1022B0000E01016009E02068016841F00A01016037
:1022C0002068016821F0040101602068016841F084
:1022D00001010160D4E7000070B5044600F01CF96C
:1022E0000546B4F1FF3F02D004480078044400F0F2
:1022F00013F9401BA042FAD370BD00007800002003
:102300002DE9F84F00220B68002B7CD0DFF8F0A1FC
:10231000DFF8E8914FF0010E03274FF00F080AF1A4
:10232000040B0B680EFA02F42340002B6CD091F8DA
:1023300004C00CF0030CBCF1010F02D0BCF1020F81
:1023400018D185684FEA420C07FA0CF6B543CE68FF
:1023500006FA0CFC4CEA050CC0F808C0D0F804C022
:102360002CEA040C0C79C4F30014944044EA0C0CDD
:10237000C0F804C0D1F804C037EA0C0C0CD0C46813
:102380004FEA420C07FA0CF5AC438D6805FA0CFCD9
:102390004CEA040CC0F80CC091F804C00CF0030C1B
:1023A000BCF1020F12D14FEAD20C00EB8C04256A6B
:1023B0004FEA427C4FEADC6C08FA0CF6B5430E6932
:1023C00006FA0CFC4CEA050CC4F820C004684FEA7D
:1023D000420C07FA0CF5AC430D7905F0030505FA3C
:1023E0000CFC4CEA040CC0F800C0D1F804C01CF48A
:1023F000403F6DD0D9F818C04CF0010CC9F818C096
:10240000D9F818C001E068E062E00CF0010CCDF8EA
:1024100000C022F0030C0CF1804505F58035D5F89D
:1024200008C09407240F08FA04F62CEA0606B0F157
:10243000904F57D0A0F1904CBCF5806C4FD0A0F1DC
:10244000904CBCF5006C50D0A0F1904CBCF5406CA9
:102450004ED0A0F1904CBCF5805C4CD04FF0050CF8
:102460000CFA04FC4CEA060CC5F808C0DAF800C007
:102470002CEA030C4C6814F4803F01D04CEA030CA6
:10248000CAF800C0DBF800C02CEA030C4C6814F456
:10249000003F01D04CEA030CCBF800C0194CD4F833
:1024A00000C02CEA030C4D6815F4801F01D04CEAE3
:1024B000030CC4F800C0144CD4F800C02CEA030C80
:1024C0004D6815F4001F01D04CEA030CC4F800C09D
:1024D000521C0B68D3407FF424AFBDE8F88F4FF057
:1024E000010CBDE74FF0000CBAE74FF0020CB7E764
:1024F0004FF0030CB4E74FF0040CB1E700100240BA
:1025000000040140080401400C040140002A01D0ED
:1025100081617047816270470148806870470000A0
:102520007800002090F84120202A01D00220704736
:1025300090F84020012A20D0012280F84020242257
:1025400080F841200268136823F0010313600268D9
:10255000136823F4805313600268136819431160F1
:1025600001680A6842F001020A60202180F84110E7
:10257000002180F84010002070470220704790F83A
:102580004120202A01D00220704790F84020012AE3
:102590001ED0012280F84020242280F841200268C9
:1025A000136823F0010313600268136823F4706357
:1025B00043EA0121116001680A6842F001020A60E1
:1025C000202180F84110002180F840100020704741
:1025D0000220704770B50446002C04D094F84100E6
:1025E000002510B106E0012070BD84F8405020465F
:1025F00000F050F8242084F841002068016821F0A0
:10260000010101606068216820F070600861206845
:10261000816821F400418160E068012808D0A06849
:10262000216840F404408860E068022806D009E090
:10263000A068216840F400408860F5E721684FF405
:10264000006048602068416841F4004141F0007139
:1026500041602068C16821F40041C160616920695E
:102660000843A16940EA01202168C860216AE06945
:102670000843216808602068016841F00101016099
:102680006564202084F84100256384F842500020CE
:1026900070BD000010B586B0044614216846FDF7F1
:1026A0002CFF1349206888421FD1124C606940F406
:1026B000802060616069694600F4802005904FF4D5
:1026C000407000901220019001200290032003909E
:1026D000042004900848FFF713FEE06940F400105E
:1026E000E061E06900F40010059006B010BD000044
:1026F0000054004000100240000400480248816875
:1027000002781144816070477800002010B50748B6
:10271000016841F010010160032000F085F80020FD
:1027200000F006F800F026F8002010BD002002405E
:1027300070B504460D4D4FF47A712878B1FBF0F076
:102740000B490968B1FBF0F001F03EFE08B1012031
:1027500070BD102C07D200222146501E00F030F828
:102760006C60002070BD012070BD0000780000206A
:10277000740000200A4882B0816941F00101816142
:10278000816901F001010091C16941F08051C1618D
:10279000C06900F080500090052002B000F044B8FD
:1027A0000010024000280ADB00F01F01012202FA9B
:1027B00001F14009800000F1E020C0F800117047ED
:1027C00010B4184B1B68C3F30223C3F1070CBCF110
:1027D000040F01D94FF0040C1C1D072C01D200235B
:1027E00000E0DB1E012404FA0CFCACF1010C0CEA45
:1027F0000101994004FA03F35B1E1A4011430028BB
:1028000006DB00F1E020090180F8001410BC7047DD
:1028100000F00F0000F1E020090180F8141D10BC49
:10282000704700000CED00E000F00700064A116858
:102830004FF6FF03194041EA002040F0FD7040F0E0
:1028400080601060704700000CED00E011F0800F18
:1028500007D001F0070101EB810100EBC100283036
:1028600005E001EB810100EBC10000F5B47099B205
:1028700032B1012202730181190C4181002070479D
:1028800000220273C180F9E7704701EB810200EB7F
:10289000C202D0F8E802D26B04F03AB801EB810230
:1028A00000EBC202D0F8E802D2F87C2104F09BB819
:1028B00070B5044611F0800F01F0070000EB8001B5
:1028C00004EBC1014FF001024FF0000502D02831A6
:1028D0004A7002E001F5B4714D70087094F8A802D6
:1028E000012808D084F8A822206804F097FD84F815
:1028F000A852002070BD022070BD70B5044601F0E2
:102900000F006268904201D9012070BD11F0800F64
:1029100001F0070000EB800104EBC1014FF0010260
:102920004FF0000502D028314A7002E001F5B47181
:102930004D708D70087094F8A802012808D084F8B2
:10294000A822206804F042FE84F8A852002070BD3E
:10295000022070BD2DE9F0470B78D1F818C004684B
:1029600012F4804F4FF0000848F2800748F2C0058B
:102970004FF480663DD0B4F850904FF0020A0AEB55
:10298000C30AD14406EB4906A45BC4F30904A44579
:1029900004D3ACEB040CC1F818C001E0C1F81880F6
:1029A000D1F818C0BCF1000F0CD1D0F800C03CF831
:1029B000236026F0700626F4804686F400563E43D7
:1029C0002CF8236012F0400F0BD00B78026832F81D
:1029D00023C02CF0700C2CF4E04C4CEA050C22F8CF
:1029E00023C0ECB30A8949690068234605F051F910
:1029F0003EE0B4F850904FF0060A0AEBC30AD14407
:102A000006EB4906A45BC4F30904A44504D3ACEB6C
:102A1000040CC1F818C001E0C1F81880D1F818C042
:102A2000BCF1000F0CD1D0F800C03CF8236026F0B8
:102A3000700626F4804686F400563E432CF8236048
:102A400012F0400F0BD10B78026832F823C02CF043
:102A5000700C2CF4E04C4CEA050C22F823C000E08A
:102A600006E02CB14A8949690068234605F011F94E
:102A70002046BDE8F0872DE9F05F05460C46164676
:102A80002178A269286816F0400F4CF280074FF6B3
:102A9000FF734FF4806E4FF002094FF006084FF0BD
:102AA000000C7CD0B0F850B009EBC10AD3440EEB57
:102AB0004B0B30F80B00C0F30900824202D9121A06
:102AC000A26101E0C4F818C0A26992B116F4804F67
:102AD00009D02A6832F8216026F0700626F4E04614
:102AE0003E4322F8216094F82410012958D000F0C8
:102AF00085B9607810B1012811D018E02868B0F8C5
:102B00005010084400EB4A0000F58060018821F471
:102B1000F8410180018841F40041018007E0286804
:102B2000B0F85010084400EB4A00A0F800C4286830
:102B3000617811B1012913D01CE0B0F8501008449D
:102B4000217808EBC10100EB410000F580600188AD
:102B500021F4F8410180018841F40041018009E03D
:102B6000B0F850100844217808EBC10100EB410097
:102B7000A0F800C421782846FFF787FE16F4804F9E
:102B800000F03C812078296831F8202022F0700282
:102B900022F4E0423A4321F8202000F02FB958E017
:102BA000616901446161E1690144E1612269216A6D
:102BB000914203D31046091A216205E049B184F815
:102BC00024C00846C4F820C0617829B101292ED05C
:102BD00038E084F824C0F7E72968B1F850201144A0
:102BE000227809EBC20201EB420101F5806150B18C
:102BF0003E2811D8420810F0010F00D0521C03EA01
:102C000082220A801EE00A8822F4F8420A800A889A
:102C100042F400420A8015E0420910F01F0F00D173
:102C2000521E4FF4004343EA82220A800AE02968D8
:102C3000B1F850201144227809EBC20201EB4201A5
:102C4000A1F8000483B222896169286805F046F87A
:102C5000D4E0B0F850A008EBC10BDA440EEB4A0AFE
:102C600030F80A00C0F30900824202D3121AA261AE
:102C700001E0C4F818C0A2691AB116F4804F58D008
:102C800061E0607810B1012813D01CE02868B0F82A
:102C90005020104409EBC10100EB410000F58060B9
:102CA000018821F4F8410180018841F4004101804C
:102CB00009E02868B0F85020104409EBC10100EB8E
:102CC0004100A0F800C42868617811B1012913D02F
:102CD0001CE0B0F850100844217808EBC10100EB6B
:102CE000410000F58060018821F4F84101800188ED
:102CF00041F40041018009E0B0F850100844217807
:102D000008EBC10100EB4100A0F800C4217828467F
:102D1000FFF7BBFD16F4804F70D12178286830F89A
:102D2000212022F0700222F4E0423A4320F82120D0
:102D300064E02A6832F8216026F0700626F4E04646
:102D40003E4322F8216094F82410012956D161698C
:102D500001446161E1690144E1612269216A9142B2
:102D600003D31046091A216205E051B10846C4F8A0
:102D700020C084F824C0296862782AB1012A2DD0A5
:102D800036E084F824C0F6E7B1F8502011442278E8
:102D900008EBC20201EB420101F5806150B13E280F
:102DA00011D8420810F0010F00D0521C03EA822211
:102DB0000A801DE00A8822F4F8420A800A8842F458
:102DC00000420A8014E0420910F01F0F00D1521E89
:102DD0004FF4004343EA82220A8009E0B1F8502010
:102DE0001144227808EBC20201EB4201A1F8000471
:102DF00083B262896169286804F070FF20782968CD
:102E000031F8202022F4415222F4804282F0100254
:102E100082F0200248F280031A4321F8202000208B
:102E2000BDE8F09F01F0070101EB810100EBC1005B
:102E3000D0F88401704770B5044611F0800F01F09E
:102E4000070000EB800104EBC1014FF0010C4FF0D3
:102E5000000503D0283181F801C002E001F5B4710A
:102E60004D7008700A61CB704A7802B1C881022B9C
:102E700000D10D7194F8A802012808D084F8A8C2E6
:102E8000206804F039F9284684F8A85270BD022061
:102E900070BD10B501F0070C0CEB8C0100EBC1010B
:102EA00001F5B4714A618B610022CA614A7081F8F0
:102EB00000C0BCF1000F04D0006804F0F3FB002058
:102EC00010BD006804F0EEFBF9E770B5044601F0B0
:102ED00007006268904201D9012070BD11F0800F97
:102EE0004FF000054FF0010206D000EB800104EB2B
:102EF000C10128314A7006E001EB810104EBC101F8
:102F000001F5B4714D708A70087094F8A802012818
:102F100008D084F8A822206804F0A5FB84F8A85201
:102F2000002070BD022070BD10B501F0070C0CEB45
:102F30008C0100EBC10128314A618B61012281F8CB
:102F400024200B620023CB614A7081F800C0BCF1E1
:102F5000000F04D0006804F0A5FB002010BD00683D
:102F600004F0A0FBF9E710B50446206804F08EFEDB
:102F700010F4004F02D0204602F01EF9206804F041
:102F800085FE10F4806F0DD02068B0F8441021F455
:102F90008061A0F84410204600F00CF90021204682
:102FA00000F023F9206804F071FE10F4804F06D081
:102FB0002068B0F8441021F48041A0F84410206843
:102FC00004F064FE10F4005F06D02068B0F84410EE
:102FD00021F40051A0F84410206804F057FE10F4CA
:102FE000805F17D02068B0F8401021F00401A0F8ED
:102FF00040102068B0F8401021F00801A0F84010FF
:10300000204600F0EAF82068B0F8441021F480511E
:10301000A0F84410206804F039FE10F4006F17D0B7
:103020002068B0F8401041F00801A0F84010206876
:10303000B0F8441021F40061A0F844102068B0F802
:10304000401041F00401A0F84010204600F002F9C1
:10305000206804F01BFE10F4007F09D02068B0F84F
:10306000441021F40071A0F84410204600F0B9F893
:10307000206804F00BFE10F4807F06D02068B0F8C2
:10308000441021F48071A0F8441010BD70B586B0D2
:103090000446002C04D094F8A902002518B107E0DA
:1030A00006B0012070BD84F8A852204600F048F810
:1030B000032084F8A902206804F080FA00216068E7
:1030C0000126002812D901EB810004EBC00080F832
:1030D000296080F82810C18680F82B508563C5636D
:1030E0000564481CC1B260688842ECD80021606861
:1030F000002814D901EB810004EBC00080F869516D
:1031000080F8681180F86B51C0F87851C0F87C5194
:10311000C0F88051481CC1B260688842EAD804F106
:10312000100090E80F108DE80F1094E80F0004F0E5
:1031300039FA84F8245084F8A96206B0002070BDE2
:1031400010B586B0044614216846FDF7D6F9174934
:103150002068884228D1164C606940F400306061D4
:103160006069694600F4003005904FF4C05000904B
:103170000220019000200290032003900E20049072
:103180004FF09040FFF7BCF8E06940F40000E061C8
:10319000E069002200F40000059011464B20FFF783
:1031A0000FFB4B20FFF7FEFA06B010BD005C00409D
:1031B0000010024070B5044680680125022801D045
:1031C000FEF7BFFD2946D4F8E80203F0F9FCD4F875
:1031D000E802BDE8704003F0B4BCD0F8E80203F0A8
:1031E000D9BCD0F8E80203F0DFBC10B5044694F86F
:1031F000A80201280BD0012084F8A80284F824102A
:10320000206804F064FD002084F8A80210BD0220AC
:1032100010BDD0F8E82200F52C71104603F0DCBC9C
:1032200010B5044694F8A802012810D0012084F8B3
:10323000A802206804F01BFD01212046FFF724FBB3
:10324000206804F0ADF9002084F8A80210BD022027
:1032500010BD000010B50446D0F8E80203F0FDFCF4
:10326000A069002804D00348016841F0060101600C
:1032700010BD000010ED00E081B00749CA6942F0BE
:103280008052CA61C96901F08051009103490A68FE
:103290001043086001B07047001002400070004009
:1032A0002DE9F84F0446002620688A4D10F4803F2F
:1032B00070D0E86910F0805F08D1E86940F0805074
:1032C000E861E86900F0805000900126824F38687C
:1032D00010F4807F17D1386840F480703860FFF7B1
:1032E0001BF98046386810F4807F0CD1FFF714F981
:1032F000A0EB0800642802D90320BDE8F88F3868E5
:1033000010F4807FF2D0286A00F44070002878D052
:10331000A18801F44071814273D0286A20F4407082
:103320004FF4803191FAA1F2B2FA82F2920002F1E6
:10333000844202F584024FF00109C2F8009491FA28
:10334000A1F10022B1FA81F1890001F1844101F576
:103350008401C1F80024286210F0010F51D0FFF75A
:10336000DBF807464FF0020898FAA8F0B0FA80F0B0
:1033700040F04000B9EB501F01D128680CE098FAEA
:10338000A8F0B0FA80F040F04000B8EB501F02D136
:10339000286A01E041E0686A98FAA8F1B1FA81F17F
:1033A00001F01F0109FA01F108422AD141F2883ADD
:1033B000FFF7B2F8C01B504502D90320BDE8F88FD3
:1033C00098FAA8F0B0FA80F040F04000B9EB501F36
:1033D00001D128680BE098FAA8F0B0FA80F040F02C
:1033E0004000B8EB501F01D1286A00E0686A98FAE3
:1033F000A8F1B1FA81F101F01F0109FA01F10842C7
:10340000D6D0286A616820F4407008432862012EF3
:1034100003D1E86920F08050E861207810F0010FB6
:1034200005D0286BA16820F00300084328632078AA
:1034300010F0020F05D0286BE16820F440300843FB
:103440002863207810F0040F05D0286B216920F440
:10345000402008432863207810F0200F05D0286B07
:10346000616920F0100008432863206810F4003FD1
:1034700005D06868A16A20F480000843686020785D
:1034800010F0400F05D0286BA16920F02000084300
:103490002863207810F0800F05D06868E16920F477
:1034A000404008436860208810F4006F05D06868C9
:1034B000216A20F0784008436860208810F4806F0B
:1034C00005D0286B616A20F0400008432863002083
:1034D000BDE8F88F00100240007000402DE9F04771
:1034E00004460D46002C17D0DFF8B481D8F8000050
:1034F00000F00700A84212D2D8F8000020F0070020
:103500002843C8F80000D8F8000000F00700A842DF
:1035100005D00120BDE8F0870120BDE8F0872078C4
:10352000604E10F0020F05D07068A16820F0F00026
:1035300008437060207810F0010F6FD0606801229E
:1035400001280CD0022823D0022393FAA3F1B1FA68
:1035500081F141F02001490933D0316832E04FF464
:10356000003393FAA3F1B1FA81F141F02001490946
:1035700001D0316800E0716A93FAA3F3B3FA83F3E0
:1035800003F01F039A40114228D10120BDE8F087C3
:103590004FF0007393FAA3F1B1FA81F141F02001E9
:1035A000490901D0316800E0716A93FAA3F3B3FAD4
:1035B00083F303F01F039A4011420FD10120BDE8AD
:1035C000F087716A93FAA3F3B3FA83F303F01F034E
:1035D0009A40114202D10120BDE8F087716821F0C4
:1035E000030108437060FEF797FF07467068616843
:1035F00000F00C00B0EB810F10D041F28839FEF7DB
:103600008BFFC01B484502D90320BDE8F0877068D6
:10361000616800F00C00B0EB810FF0D1D8F8000029
:1036200000F00700A8420FD9D8F8000020F00700EA
:103630002843C8F80000D8F8000000F00700A842AE
:1036400002D00120BDE8F087207810F0040F05D0EB
:103650007068E16820F4E06008437060207810F042
:10366000080F06D07068216920F4605040EAC1005C
:10367000706000F051F87168F02292FAA2F201F045
:10368000F001B2FA82F2D140074A515CC8400749C2
:10369000086007480068FFF74BF80020BDE8F08796
:1036A0000020024000100240ACA10008740000207D
:1036B0007C00002001480068704700007400002072
:1036C00000B5FFF7F7FF074949684FF4E06292FA47
:1036D000A2F201F4E061B2FA82F2D140024A515CF6
:1036E000C84000BD00100240BCA1000800B5FFF7B3
:1036F000E1FF074949684FF4605292FAA2F201F4DF
:103700006051B2FA82F2D140024A515CC84000BD19
:1037100000100240BCA1000810B5194B59681948A7
:1037200001F00C02042A02D0082A01D0164810BD6C
:103730004FF4701C9CFAACFC01F47012BCFA8CFCC7
:1037400022FA0CF2DFF844C01CF80240DA6A0F23B8
:1037500093FAA3F302F00F02B3FA83F3DA400CF109
:1037600010039A5C11F4803F06D000231946FCF741
:10377000B7FDA0FB040110BD0548A4FB000110BD6E
:1037800000100240001BB70000127A00C4A100081C
:1037900000093D002DE9F84F0446002C12D0207896
:1037A000FA4D10F0010F4FF001067DD068687704E4
:1037B00000F00C0004280CD0686800F00C00082809
:1037C00003D021E00120BDE8F88F686810F4803F45
:1037D0001AD097FAA7F0B0FA80F040F02000400924
:1037E00001D0286800E0686A97FAA7F1B1FA81F180
:1037F00001F01F0106FA01F1084255D06068002867
:1038000052D10120BDE8F88F6068B0F5803F20D02C
:1038100020B3B0F5A02F2AD0286820F4803028608B
:10382000286820F480202860E86AA16820F00F0052
:103830000843E8626068C0B3FEF76EFE804697FA00
:10384000A7F0B0FA80F040F02000400918D02868B6
:1038500017E0286840F480302860E5E7286820F405
:1038600080302860286820F480202860DCE7286801
:1038700040F480202860286840F480302860D3E736
:10388000686A97FAA7F1B1FA81F101F01F0106FA0F
:1038900001F1084256D1FEF73FFEA0EB0800642874
:1038A00004D90320BDE8F88F4CE015E097FAA7F0A3
:1038B000B0FA80F040F02000400901D0286800E014
:1038C000686A97FAA7F1B1FA81F101F01F0106FACF
:1038D00001F10842DFD035E0FEF71EFE804697FA80
:1038E000A7F0B0FA80F040F02000400901D028682D
:1038F00000E0686A97FAA7F1B1FA81F101F01F01BF
:1039000006FA01F108421DD0FEF706FEA0EB080002
:10391000642802D90320BDE8F88F97FAA7F0B0FA1F
:1039200080F040F02000400901D0286800E0686A7B
:1039300097FAA7F1B1FA81F101F01F0106FA01F13E
:103940000842E1D120784FF0000910F0020F4FF04B
:1039500002074ED068684FF0F80A10F00C0F21D023
:10396000686800F00C00082803D1686810F4803FF4
:1039700018D0206988B396FAA6F0B0FA80F08000DB
:1039800000F1844000F584000660FEF7C5FD804626
:1039900097FAA7F0B0FA80F040F02000400929D053
:1039A000286828E097FAA7F0B0FA80F040F02000ED
:1039B000400901D0286800E0686A97FAA7F1B1FAD7
:1039C00081F101F01F0106FA01F1084206D02069D9
:1039D000012803D00120BDE8F88F40E028689AFA5A
:1039E000AAF26169B2FA82F220F0F800914008432D
:1039F000286075E0686A97FAA7F1B1FA81F101F0E1
:103A00001F0106FA01F108421DD1FEF785FDA0EB6A
:103A10000800022802D90320BDE8F88F97FAA7F022
:103A2000B0FA80F040F02000400901D0286800E0A2
:103A3000686A97FAA7F1B1FA81F101F01F0106FA5D
:103A400001F10842E1D028689AFAAAF220F0F801C0
:103A50006069B2FA82F290400843286040E096FA2A
:103A6000A6F0B0FA80F0800000F1844000F58400F8
:103A7000C0F80090FEF750FD804697FAA7F0B0FA24
:103A800080F040F02000400901D0286800E0686A1A
:103A900097FAA7F1B1FA81F101F01F0106FA01F1DD
:103AA00008421DD0FEF738FDA0EB0800022802D91D
:103AB0000320BDE8F88F97FAA7F0B0FA80F040F045
:103AC0002000400901D0286800E0686A97FAA7F151
:103AD000B1FA81F101F01F0106FA01F10842E1D1CA
:103AE000207810F0080F5ED0A069B8B396FAA6F05F
:103AF000B0FA80F0800000F1844000F58400C0F846
:103B00008064FEF709FD804697FAA7F0B0FA80F0CE
:103B100040F06000B6EB501F01D128680BE097FA27
:103B2000A7F0B0FA80F040F06000B7EB501F01D171
:103B3000286A00E0686A97FAA7F1B1FA81F101F00A
:103B40001F0106FA01F108422DD1FEF7E5FCA0EBBA
:103B50000800022803D90320BDE8F88F24E097FA73
:103B6000A7F0B0FA80F040F06000B6EB501F01D132
:103B700028680EE097FAA7F0B0FA80F040F06000F5
:103B8000B7EB501F04D1286A03E000000010024088
:103B9000686A97FAA7F1B1FA81F101F01F0106FAFC
:103BA00001F10842D1D058E096FAA6F0B0FA80F0C0
:103BB000800000F1844000F58400C0F88094FEF796
:103BC000ABFC804697FAA7F0B0FA80F040F06000B6
:103BD000B6EB501F01D128680BE097FAA7F0B0FAB6
:103BE00080F040F06000B7EB501F01D1286A00E080
:103BF000686A97FAA7F1B1FA81F101F01F0106FA9C
:103C000001F1084229D0FEF787FCA0EB080002284A
:103C100002D90320BDE8F88F97FAA7F0B0FA80F038
:103C200040F06000B6EB501F01D128680BE097FA16
:103C3000A7F0B0FA80F040F06000B7EB501F01D160
:103C4000286A00E0686A97FAA7F1B1FA81F101F0F9
:103C50001F0106FA01F10842D5D1207810F0040FB7
:103C600074D04FF00008E86910F0805F09D1E8696E
:103C700040F08050E861E86900F0805000904FF01B
:103C80000108DFF8C0B3DBF8000010F4807F1BD11F
:103C9000DBF8000040F48070CBF80000FEF73CFC3D
:103CA0008246DBF8000010F4807F0DD1FEF734FC73
:103CB000A0EB0A00642802D90320BDE8F88FDBF8E6
:103CC000000010F4807FF1D0E06801281CD000B320
:103CD000052827D0286A20F001002862286A20F0F1
:103CE00004002862E06841F2883B80B3FEF714FCD0
:103CF000824697FAA7F0B0FA80F040F04000B6EBA9
:103D0000501F18D1286824E0286A40F0010028627A
:103D1000E8E7286A20F001002862286A20F0040001
:103D20002862DFE7286A40F004002862286A40F031
:103D300001002862D6E797FAA7F0B0FA80F040F0C9
:103D40004000B7EB501F03D1286A02E08BE035E05A
:103D5000686A97FAA7F1B1FA81F101F01F0106FA3A
:103D600001F1084278D1FEF7D7FBA0EB0A005845D5
:103D700002D90320BDE8F88F97FAA7F0B0FA80F0D7
:103D800040F04000B6EB501F01D128680BE097FAD5
:103D9000A7F0B0FA80F040F04000B7EB501F01D11F
:103DA000286A00E0686A97FAA7F1B1FA81F101F098
:103DB0001F0106FA01F10842D5D04DE0FEF7ACFB39
:103DC000824697FAA7F0B0FA80F040F04000B6EBD8
:103DD000501F01D128680BE097FAA7F0B0FA80F0E5
:103DE00040F04000B7EB501F01D1286A00E0686A3C
:103DF00097FAA7F1B1FA81F101F01F0106FA01F17A
:103E0000084229D0FEF788FBA0EB0A00584502D9EA
:103E10000320BDE8F88F97FAA7F0B0FA80F040F0E1
:103E20004000B6EB501F01D128680BE097FAA7F0CD
:103E3000B0FA80F040F04000B7EB501F01D1286A83
:103E400000E0686A97FAA7F1B1FA81F101F01F0169
:103E500006FA01F10842D5D1B8F1010F03D1E869A2
:103E600020F08050E861E069D0B3696801F00C018E
:103E700008297DD04FF0807A4FF00078022817D0C3
:103E80009AFAAAF0B0FA80F0800000F1844000F5C0
:103E90008400C0F80090FEF73FFB044698FAA8F0B3
:103EA000B0FA80F040F02000400975D028688BE01F
:103EB0009AFAAAF0B0FA80F0800000F1844000F590
:103EC0008400C0F80090FEF727FB074698FAA8F098
:103ED000B0FA80F040F02000400902D0286801E0EC
:103EE00099E0686A98FAA8F1B1FA81F101F01F012E
:103EF00006FA01F108421CD0FEF70EFBC01B022897
:103F000002D90320BDE8F88F98FAA8F0B0FA80F043
:103F100040F02000400901D0286800E0686A98FA63
:103F2000A8F1B1FA81F101F01F0106FA01F108428E
:103F3000E2D1216A606A0843696821F47411084378
:103F400068609AFAAAF0B0FA80F0800000F184402C
:103F500000F584000660FEF7DFFA044698FAA8F040
:103F6000B0FA80F040F02000400902D0286801E05B
:103F700052E0686A98FAA8F1B1FA81F101F01F01E4
:103F800006FA01F108425AD1FEF7C6FA001B0228D0
:103F900003D90320BDE8F88F15E098FAA8F0B0FA2D
:103FA00080F040F02000400901D0296800E0696AF3
:103FB00098FAA8F0B0FA80F000F01F0006FA00F0BE
:103FC0000142E1D03BE0686A98FAA8F1B1FA81F1C8
:103FD00001F01F0106FA01F1084230D0FEF79CFA09
:103FE000001B022802D90320BDE8F88F98FAA8F038
:103FF000B0FA80F040F02000400901D0296800E0CC
:10400000696A98FAA8F0B0FA80F000F01F0006FA8A
:1040100000F00142E2D112E001280DD06868226A66
:1040200000F48031914204D1616A00F4701088423A
:1040300005D00120BDE8F88F0120BDE8F88F0020F1
:10404000BDE8F88F007000402DE9F04104460F46AE
:104050001646002594F83C00012801D0012524E0F3
:10406000204601F0ABFA20B1FF2084F83C00032584
:104070001BE0A7F50020B0F5807011D0380C216846
:104080000B6C1F2202EA80000322824023EA020214
:104090000A6421680A6C06FA00F01043086401E023
:1040A00020684664204601F0A6FA2846BDE8F08163
:1040B00070B504460E46002594F83C00012802D055
:1040C0000125284670BD204601F078FA20B1FF2076
:1040D00084F83C000325F4E72068416821F00601DC
:1040E00041602068416831434160204601F083FA15
:1040F0002068416841F010014160022084F83C00D2
:10410000DFE710B44FF0000C90F83C30002B19D0D2
:10411000FF2B17D003685C6824F49E045C60012ABE
:1041200007D003685C686FF30F0121435960826117
:104130000AE003685C686FF30F0141F480012143DA
:104140005960F4E74FF0010C10BC60467047000066
:1041500070B50446002C45D00020A061E061012527
:1041600025626562A062E062690321636063A06307
:104170002064204600F03AF82068016821F4E051FC
:104180000160E168606801432068026811430160D2
:104190002068416821F08071416020684168A26810
:1041A0001143416010480168226901F44071914255
:1041B0000AD0016821F4407101600168226911434D
:1041C00001600220FEF788F82068416841F0010193
:1041D00041602068816811F4004FFBD184F83C50A5
:1041E000002070BD012070BD006001402DE9F04746
:1041F00086B0044614216846FCF77FF94948DFF889
:1042000020C1236800250321474A861507154FF072
:1042100020084FF4405963452AD1836943F08073E5
:104220008361836903F080730593436943F48023BA
:104230004361406900F48020059005208DE823004B
:1042400069461046FEF75CF8DFF8E4A037495046AF
:10425000E0E8021520C080E8E0015046CAF81C9052
:1042600056E0C4F814A0CAF8244006B0BDE8F087B0
:10427000DFF8C0C0634524D1836943F000738361D4
:10428000836903F000730593436943F4802343611A
:10429000406900F48020059004208DE823006946E1
:1042A0001046FEF72DF8DFF890A020495046143153
:1042B000E0E8021520C080E8E0015046CAF81C90F2
:1042C00026E01E4A9342D0D1826942F08062826128
:1042D000826902F080620592426942F48012426172
:1042E0004069009600F480100590CDE901156946FB
:1042F0001348FEF705F8DFF84CA00C49504628316A
:10430000E0E8021520C080E8E0015046CAF81C90A1
:10431000FDF77AFF0028A4D0FDF713FDA1E7000008
:1043200000600140001002400004004830040240D8
:10433000405E002000640140845E0020006801406F
:10434000000C0048C85E00202DE9F04105460F46EC
:104350001446002695F83C00012801D0012618E0FB
:10436000284601F02BF920B1FF2085F83C000326F8
:104370000FE02021286801EB87010844626821686A
:10438000E3681143A2681A4311430160284601F013
:1043900032F93046BDE8F08100220368A3F1804C79
:1043A000BCF5B03C01D101290AD090F83C30012B7A
:1043B00008D0022B06D0042B04D0012210467047EF
:1043C0000122FBE78162F9E7401EB0F1807F01D353
:1043D000012070474FF0E0214861044AF02010703E
:1043E00000208861072008610020704723ED00E06D
:1043F00090F83C20012A2CD0012280F83C20CA6889
:104400000023D1F808C022F4407242EA0C02D1F82D
:1044100004C022F4806242EA0C02D1F800C022F407
:10442000006242EA0C02D1F810C022F4805242EA43
:104430000C02D1F814C022F4005242EA0C02C969FD
:1044400022F4804211430268516480F83C3000201D
:1044500070470220704730B490F83C20012A3FD0CA
:10446000012480F83C40022280F83D200268D2F806
:1044700004C093682CF0700C0D6845EA0C0CC2F86F
:1044800004C00268B2F1804F1DD0A2F1804CBCF58F
:10449000806C18D0A2F1804CBCF5006C13D0A2F156
:1044A000804CBCF5406C0ED0A2F1804CBCF5C05CD9
:1044B00009D0A2F1804CBCF5A03C04D0A2F1804C04
:1044C000BCF5AE3C04D123F08003496819439160E8
:1044D00080F83D40002180F83C1030BC002070473F
:1044E00030BC0220704710B50446002C03D094F86D
:1044F0003D0010B107E0012010BD002084F83C0011
:10450000204600F01FF8022084F83D00211D20689D
:1045100001F068FA012084F8480084F83E0084F82D
:104520003F0084F8400084F8410084F8440084F897
:10453000450084F8460084F8470084F83D000020D8
:1045400010BD000008B500681D4A1E4990420ED1FA
:10455000886940F4003088618869002200F40030E6
:10456000009011461920FEF72BF9192022E0164A77
:1045700090420ED1886940F48020886188690122C8
:1045800000F48020009000211A20FEF719F91A206B
:1045900010E00E4A904211D1C86940F40070C86121
:1045A000C869002200F40070009001211B20FEF772
:1045B00007F91B20BDE80840FEF7F4B808BD00006D
:1045C000004401400010024000480140009C0040AF
:1045D00090F83D10012901D001207047022180F898
:1045E0003D100168CA6842F00102CA600068B0F17B
:1045F000804F23D0A0F18041B1F580611ED0A0F1A1
:104600008041B1F5006119D0A0F18041B1F5406160
:1046100014D0A0F18041B1F5C0510FD0A0F180417C
:10462000B1F5A0310AD0A0F18041B1F5AE3105D08D
:10463000016841F00101016000207047816801F0CC
:1046400007010629F8D0016841F001010160F3E794
:104650000168CA6822F00102CA6001680A6A41F270
:1046600011131A4207D10A6A9B101A4203D10A6831
:1046700022F001020A60012180F83D1000207047FD
:1046800070B505460C46002695F83C0001280FD071
:10469000012085F83C006AB1042A1CD0082A2CD0DD
:1046A0000C2A3BD00126002085F83C00304670BD26
:1046B000022070BDE36862682168286801F0B5FADD
:1046C0002868816921F00C01816128688169A268EC
:1046D00011438161E7E7E36862682168286801F0B7
:1046E000E6FA2868816921F440618161286881695E
:1046F000A26841EA02218161D5E7E3686268216826
:10470000286801F0F4FA2868C16921F00C01C16140
:104710002868C169A2681143C161C4E7E36862689F
:104720002168286801F001FB2868C16921F4406113
:10473000C1612868C169A26841EA0221C161B2E78A
:1047400010B50446002C03D094F83D0010B107E0EA
:10475000012010BD002084F83C00204600F01EF827
:10476000022084F83D00211D206801F03BF9012062
:1047700084F8480084F83E0084F83F0084F8400044
:1047800084F8410084F8440084F8450084F8460029
:1047900084F8470084F83D00002010BD10B586B0B5
:1047A000044614216846FBF7A8FE2068B0F1804F4C
:1047B0001FD11148C16941F00101C161C16901F016
:1047C00001010591416941F4003141614069694647
:1047D00000F4003005900420009002200190002099
:1047E000029003200390012004904FF09040FDF7C9
:1047F00087FD06B010BD00000010024010B586B065
:10480000044614216846FBF778FE0E49206888426A
:1048100016D10D48416941F40031416140690021E0
:1048200000F4003005904FF4807000900220CDE934
:104830000101CDE9031069464FF09040FDF760FD9E
:1048400006B010BD000C00400010024070B50446D8
:10485000002594F83C0001280FD0012084F83C008A
:104860006AB1042A0FD0082A11D00C2A13D00125CE
:10487000002084F83C00284670BD022070BD2068EE
:1048800001F026F9F4E7206801F062F9F0E720680A
:1048900001F092F9ECE7206801F0AAF9E8E710B519
:1048A0000446002C03D094F83D0010B107E001202D
:1048B00010BD002084F83C00204600F01EF80220C5
:1048C00084F83D00211D206801F08CF8012084F857
:1048D000480084F83E0084F83F0084F8400084F8E3
:1048E000410084F8440084F8450084F8460084F8C8
:1048F000470084F83D00002010BD704770B50446A5
:104900000D46002C03D094F83D0010B107E00120C3
:1049100070BD002084F83C00204600F01FF8022003
:1049200084F83D00211D206801F05CF820680168D2
:1049300021F008010160206801682943016001201D
:1049400084F8480084F83E0084F83F0084F844006E
:1049500084F8450084F83D00002070BD704770B5B4
:1049600004460D46002694F83C0001280FD0012093
:1049700084F83C006AB1042A1FD0082A32D00C2ADD
:1049800044D00126002084F83C00304670BD02204F
:1049900070BD2946206801F09BF82068816941F0CC
:1049A000080181612068816921F00401816120682A
:1049B00081692A6911438161E4E72946206801F091
:1049C000C7F82068816941F40061816120688169CC
:1049D00021F480618161206881692A6941EA0221AC
:1049E0008161CFE72946206801F0E6F82068C169B7
:1049F00041F00801C1612068C16921F00401C16171
:104A00002068C1692A691143C161BBE72946206852
:104A100001F0EEF82068C16941F40061C1612068CD
:104A2000C16921F48061C1612068C1692A6941EAD4
:104A30000221C161A6E710B50446002C03D094F80A
:104A40003D0010B107E0012010BD002084F83C00BB
:104A5000204600F01FF8022084F83D00211D206848
:104A600000F0C0FF012084F8480084F83E0084F87C
:104A70003F0084F8400084F8410084F8440084F842
:104A8000450084F8460084F8470084F83D00002083
:104A900010BD000008B500680649884208D10648E4
:104AA000C16941F00801C161C06900F008000090CF
:104AB00008BD0000000C00400010024010B5044684
:104AC000002909D004290AD008290BD094F8410004
:104AD00001280AD0012010BD94F83E00F8E794F8B0
:104AE0003F00F5E794F84000F2E70220F1B3042913
:104AF0004DD008294ED084F841000122206800F0F2
:104B0000D7FF26492068884209D0A0F18042B2F53B
:104B1000A23204D0A0F18042B2F5A43203D1426C9B
:104B200042F4004242642068B0F1804F22D0A0F1EC
:104B30008042B2F580621DD0A0F18042B2F50062E1
:104B400018D0A0F18042B2F5406213D0A0F18042AB
:104B5000B2F5C0520ED088420CD0A0F18041B1F520
:104B6000AE3107D0016841F0010100E00CE00160C6
:104B7000002010BD816801F007010629F8D0016806
:104B800041F001010160F3E784F83E00B5E784F8E5
:104B90003F00B2E784F84000AFE70000004001406A
:104BA00010B50446002C02D0A06F10B107E0012020
:104BB00010BD002084F87400204600F027F824205F
:104BC000A0672068016821F001010160204601F022
:104BD0006BF9012818D0606A10B1204601F0C5F8C1
:104BE0002068416821F4904141602068816821F08B
:104BF0002A0181602068016841F0010101602046BE
:104C0000BDE8104001F01DB9012010BD10B586B0FF
:104C1000044614216846FBF770FC1249206888425C
:104C20001ED11148C16941F40031C161C16901F46B
:104C300000310591416941F4802141614069694633
:104C400000F48020059018200090022001900020A0
:104C5000029003200390072004900448FDF750FBC6
:104C600006B010BD0044004000100240000400489F
:104C7000FEE7F0B500230A24302537261F4610E052
:104C8000B4EB107F02D905EB107C01E006EB107C41
:104C900001F813C001EB430C00015B1C8CF80170A0
:104CA000DBB29342ECD3F0BD3EB500240F48009434
:104CB000019402940C498460016004730475012519
:104CC00005614FF460214460C161FDF7C9F800B18E
:104CD000FEE7CDE90045694604480294FDF732F845
:104CE000002800D0FEE73EBD002401402005002042
:104CF000F0B587B014216846FBF7FFFB29484169EE
:104D000041F480014161416901F4800105914169EB
:104D100041F400314161416901F40031059141697B
:104D200041F480214161416901F48021059141698B
:104D300041F48011416140694FF4CC6400F480106B
:104D40004FF090450590002221462846FDF7DEFBF6
:104D50000120CDE9004000240294694628460394CE
:104D6000FDF7CEFA0225032600950F4FCDE9016429
:104D700069463846FDF7C4FAB003CDE90004694638
:104D800038460294FDF7BCFA2020CDE900050294D4
:104D90000520CDE9036069463846FDF7B1FA07B052
:104DA000F0BD00000010024000040048114810B59A
:104DB0000F4901601049416000210122C0E902123F
:104DC000016141618161C1610162FDF703FC00B1D4
:104DD000FEE700210748FDF7A5FB00B1FEE7002133
:104DE0000448FDF7CCFB002800D0FEE710BD000012
:104DF00000540040640500200E0900201FB5002467
:104E000012480094019402940F490394C0E90014DD
:104E10008460C4600461FFF79BF900B1FEE70021E4
:104E20000A48FFF7B9FA00B1FEE74FF04060CDE95C
:104E3000000402946A46002104480394FFF784FAB0
:104E4000002800D0FEE71FBD00600140B005002033
:104E50001FB5002412480094019402940F49039452
:104E6000C0E900148460C4600461FFF771F900B107
:104E7000FEE700210A48FFF78FFA00B1FEE74FF086
:104E80004060CDE9000402946A460021044803947E
:104E9000FFF75AFA002800D0FEE71FBD006401406A
:104EA000F40500201FB500241A48009401940294D0
:104EB00017490394C0E900148460C4600461FFF7DB
:104EC00047F900B1FEE700211248FFF765FA00B18B
:104ED000FEE74FF04060CDE9000402946A460021ED
:104EE0000C480394FFF730FA00B1FEE70A4C0022A9
:104EF00021460848FFF7A8F800B1FEE70122214645
:104F00000448FFF7FEF8002800D0FEE71FBD0000B0
:104F100000680140380600204000060010B590B03F
:104F20001C2108A8FBF7E9FA20216846FBF7E5FAFF
:104F30001F481E490024016041F61F41C0E90114C9
:104F40004FF6FF71C0E9031444618461FFF7CBFAA7
:104F500000B1FEE71648FFF7A2FC00B1FEE708210A
:104F60001348FFF7CBFC00B1FEE7089409940A94BC
:104F70000B940C940D94002208A90D480E94FFF791
:104F800065FC00B1FEE700944FF40050CDE9044009
:104F9000029401940394694605480794FFF728FAA0
:104FA000002800D0FEE710B010BD00000044014012
:104FB0001407002010B590B01C2108A8FBF79DFA3B
:104FC00020216846FBF799FA1F481E49002401601A
:104FD00041F61F41C0E901144FF6FF71C0E9031407
:104FE00044618461FFF77FFA00B1FEE71648FFF7DE
:104FF00022FD00B1FEE708211348FFF77FFC00B156
:10500000FEE76020CDE908040A940B940C940D94FB
:10501000002208A90C480E94FFF7A1FC00B1FEE79E
:1050200000944FF40050CDE904400294019403949D
:10503000694605480794FFF7DBF9002800D0FEE732
:1050400010B010BD004801406007002010B586B0C8
:1050500000241748009401940294039404944FF0A0
:1050600080410594016041F61F41C0E9011442F2FC
:105070000F71C0E9031480218161FFF761FB00B16A
:10508000FEE7009469460A480194FFF7E4F900B18D
:10509000FEE70120CDE902400494082202A9044859
:1050A0000594FFF7EDFA002800D0FEE706B010BD2A
:1050B0007C06002010B58AB0002407941C216846A5
:1050C0000894FBF71AFA17481549016041F61F4189
:1050D000C0E9011442F20F71C0E90314802181611B
:1050E000FFF7A9FC00B1FEE7079407A90D48089453
:1050F000FFF7B1F900B1FEE76020009041F2873080
:10510000CDE901040022694606480494FFF727FC14
:1051100000B1FEE70348FFF771FB0AB010BD0000C5
:10512000000C0040C80600200C4810B50A49016078
:105130004FF416414160002181600C22C160C0E93A
:1051400004128161C16101624162FFF729FD0028FB
:1051500000D0FEE710BD000000440040F80700202A
:1051600010B500220F49104801F0AAFB08B1FCF766
:10517000E8FD0E490C4801F096FD08B1FCF7E1FD91
:105180000B49094801F0DBF808B1FCF7DAFD0648E5
:1051900001F03AFE002803D0BDE81040FCF7D1BD75
:1051A00010BD0000140000200C5F002060010020F2
:1051B00064000020FEE770472DE9F05F0446206898
:1051C000B0F8440010F4004F00F0CF814FF0060813
:1051D0004FF002094FF480672068B0F8441001F0E6
:1051E0000F06002E47D030F826A01AF4004F00F02A
:1051F000458130F8261021F0700121F4704141F012
:10520000800120F8261006EB860004EBC00000F5B4
:10521000B475287B002800F0EE80E878022800F0C2
:10522000FF802978206830F8212022F0700222F4D3
:10523000E04248F2C0031A4320F821202978206870
:1052400030F8212012F4804F00F0F180B0F85020A7
:1052500009EBC101114407EB4101415AC1F3090BAC
:10526000BBF1000F00F0F5802A895B46696902F006
:1052700010FD00F0EEB811F0100F25D004F5B47554
:10528000018811F4006F52D0B0F850102A7808EB62
:10529000C202114407EB4101405AC0F30903EB611C
:1052A000EA8804F52C71206802F0F3FC206801887C
:1052B00021F0700121F4704141F08001018020460D
:1052C000FDF7A7FF00F04AB9018821F0F00121F4B1
:1052D000E04141F40041018004F128052068B0F864
:1052E00050102A7809EBC202114407EB4101405AE1
:1052F000C0F30900E861696908446861002120463B
:10530000FDF7C3FA94F82400002800F02781A8696B
:10531000002840F0238194F82400216840F08000A8
:10532000A1F84C00002084F8240000F017B911F413
:10533000004F00F01381018821F0700121F47041C9
:1053400041F0800101802068B0F850102A7808EB05
:10535000C202114407EB4101405AC0F30900E86161
:1053600070B1696961B183B2EA88206802F091FC8A
:10537000E96968690844686100212046FDF78EFAF2
:105380002068018811F4006F73D1B0F85010084400
:1053900000F20C40296961B13E2913D84A0811F086
:1053A000010F00D0521C4FF6FF7101EA82210180EB
:1053B00012E0018821F4F8410180018841F40041A4
:1053C000018009E04A0911F01F0F00D1521E4FF46D
:1053D000004141EA822101802068018821F07001AA
:1053E00021F4804181F4805181F4005148F280021F
:1053F00011430180B2E02068B0F850102A7808EB21
:10540000C202114407EB4101415AC1F3090BBBF140
:10541000000F1ED0EA885B46696902F03AFC18E08A
:10542000524629462046FDF795FA834611E0B0F82A
:10543000502008EBC101114407EB4101415AC1F36F
:10544000090BBBF1000F04D06A895B46696902F061
:1054500020FCE8695844E861686958446861A869B3
:1054600010B12869584505D929782046FDF716FA64
:1054700004E06BE02946206802F014F91AF0800F6E
:105480006CD006EB860004EBC00000F12801206818
:1054900030F8262022F0F00222F4E04242F40042EA
:1054A00020F82620C878022851D000238B611AF0FA
:1054B000400F24D0487810B1012814D042E0206871
:1054C000B0F8502010440A7809EBC20200EB420009
:1054D00000F58060028822F4F8420280028842F4DB
:1054E000004202802EE02068B0F8502010440A7874
:1054F00009EBC20200EB4200A0F8003422E0206871
:105500004A7812B1012A13D01CE0B0F850201044A0
:105510000A7808EBC20200EB420000F580600288C6
:1055200022F4F8420280028842F40042028009E03C
:10553000B0F8502010440A7808EBC20200EB420099
:10554000A0F8003409782046FDF79FF906E01AF428
:10555000807F0DD052462046FDF78DFA2068B0F8C6
:10556000440010F4004F7FF437AE0020BDE8F09FF8
:105570002068B0F850200B7809EBC3031A4407EBFE
:105580004202805AC0F309008A69824202D9121A83
:105590008A6101E000228A618A694AB14A6902444B
:1055A0004A61CA691044C861206802F07BF8D5E7F7
:1055B00009782046FDF769F9D0E7704770B50446D1
:1055C0002068016841F000410160FCF7A5FF054635
:1055D0002068806810F0004F0BD1FCF79DFF401B46
:1055E000C82801D9032070BD2068806810F0004FE2
:1055F000F3D0002070BD0068016821F00041016017
:1056000070477047FDF77AB830B59BB028216846DF
:10561000FAF773FF142115A8FAF76FFF2C210AA8D7
:10562000FAF76BFF032001210090049110214FF441
:10563000803000240591CDE901040225CDE9075011
:10564000000109906846FEF7A5F800B1FEE70F20BB
:10565000CDE915054FF48065CDE91745022115A860
:105660001994FDF73BFF00B1FEE70F940C4814942A
:105670000A900D944FF02840CDE911400AA8FDF79B
:105680000FFE00B1FEE74FF40070FDF7F5FD284670
:10569000FDF7F2FD4FF40060FDF7EEFD1BB030BDED
:1056A000A20802001448016841F470010160134827
:1056B000016841F0010101604168114A11404160F7
:1056C0000168104A11400160016821F480210160E5
:1056D000416821F4FE014160C16A21F00F01C162FD
:1056E000016B094A11400163002181600249C00336
:1056F000803908607047000088ED00E0001002402B
:105700000CC07FF8FFFFF6FECCFC00FF09480068E4
:105710000068016A41F21112114207D1016A921028
:10572000114203D1416C21F4004141640148FBF76F
:10573000E3BD0000F85D00200948406A0068016A86
:1057400041F21112114207D1016A9210114203D1A4
:10575000416C21F40041416401482430FBF7CCBD89
:10576000F85D002070B594496FF001000968086188
:10577000934D924CB5F90010B5F90200D4F8802091
:105780000B1A22B1012A05D0022A07D10EE000EE41
:10579000101A01E000EE100AB8EEC00AD4F8802218
:1057A0003AB1012A08D0022A0AD102E100EE103AE9
:1057B000F2E700EE901A01E000EE900AF8EEE00A3F
:1057C000804C2046616A88477F4928888A6ACB686E
:1057D000D0528889801CC0F30C00C860002001EB07
:1057E0008002401C93699B1C93610228F7DB764979
:1057F00068888A6ACB68D0528889801CC0F30C0004
:10580000C860002001EB8002401C93699B1C9361DF
:105810000228F7DB94ED020A6C4B10EE100ADFED64
:105820006C0A984201DDB0EE600A10EE100A4FF0EB
:1058300047459FED681AA84201D9B0EE410A624976
:10584000BDEEC00A8A6A10EE100ACE6890538889AD
:10585000801CC0F30C00C860002001EB8002401CDB
:105860009669B61C96610228F7DB94ED030A10EEE8
:10587000100A984201DDB0EE600A10EE100AA8424C
:1058800001D9B0EE410A5049BDEEC00A8A6A10EE55
:10589000100ACE6890538889801CC0F30C00C86041
:1058A000002001EB8002401C9669B61C966102281C
:1058B000F7DB494894ED000AD0ED001A20EE210AEA
:1058C00010EE100A984201DDB0EE600A10EE100AE8
:1058D000A84201D9B0EE410A3B49BDEEC00A8A6A2E
:1058E00010EE100ACE6890538889801CC0F30C001B
:1058F000C860002001EB8002401C9669B61C9661CE
:105900000228F7DB94ED010A10EE100A984201DD3F
:10591000B0EE600A10EE100AA84201D9B0EE410ABA
:105920002949FDEEC00A8A6A10EE900ACB68D0526F
:105930008889801CC0F30C00C860002001EB800245
:10594000401C93699B1C93610228F7DBBCEEC00AE4
:105950000422002110EE100A83B22048FCF7AAFBB3
:1059600019491F488A6ACB680088D0528889801CF0
:10597000C0F30C00C860002001EB8002401C93695A
:105980009B1C93610228F7DB0F494AF6CD308A6AE7
:10599000CB68D0528889801CC0F30C00C8600020FE
:1059A00001EB8002401C93699B1C93610228F7DB8A
:1059B00070BD00EE903A01E7AC070020B02A00204D
:1059C00008000020403C00207C28002000FEFF460C
:1059D00000FEFF46000000C7040000205005002024
:1059E000020000202DE9F00102682A4B2A4E2B4FBD
:1059F000DFF8AC80B0F1804F07D0984205D0B042BC
:105A000003D0B84201D0404505D122F07002D1F850
:105A100004C04CEA0202DFF88CC0234C234DB0F1E5
:105A2000804F1CD098421AD0B04218D0B84216D03D
:105A3000A0F18043B3F5C05311D0A0F18043B3F57A
:105A4000E0530CD0A0F18043B3F5005307D060457C
:105A500005D0A04203D0A84201D0404503D122F492
:105A60004072CB681A434B6922F080021A430260ED
:105A70008A68C2620A688262604503D0A04201D08F
:105A8000A84201D10969016301214161BDE8F0012A
:105A9000704700000004004000080040000C004077
:105AA000005C0140004001400044014000480140CA
:105AB00001F01F0101238B40D0F820C02CEA030322
:105AC0000362036A02FA01F11943016270470000A0
:105AD000F0B4026A22F001020262026A4368D0F85E
:105AE00018C02CF0700C2CF0030C0C6844EA0C0C61
:105AF00022F002028C682243124C134D134EA04236
:105B000003D0A84201D0B04205D122F00802CF68EC
:105B10003A4322F00402A04203D0A84201D0B0428E
:105B200007D123F4807323F400734C6923438C69F9
:105B300023434360C0F818C0496841630262F0BC67
:105B4000704700000040014000440140004801400F
:105B500010B4026A22F010020262D0F820C042683B
:105B6000836923F4E04323F440730C6843EA04237D
:105B70002CF0200C8C684CEA041CA0F18044B4F595
:105B8000A03409D0A0F18044B4F5A23404D0A0F12F
:105B90008044B4F5A43407D122F480624C6942EA0F
:105BA00084028C6942EA84024260836149688163AD
:105BB000C0F820C010BC704710B4026A22F4807292
:105BC0000262D0F820C04268C36923F0700323F05A
:105BD00003030C6823432CF4007C8C684CEA042CEF
:105BE0004260C3614968C163C0F820C010BC7047FF
:105BF00010B4026A22F480520262D0F820C04268D7
:105C0000C36923F4E04323F440730C6843EA04239C
:105C10002CF4005C8C684CEA043C4260C361496827
:105C20000164C0F820C010BC704730B4D0F820C068
:105C30002CF0010CC0F820C0D0F818C0046AB0F1F4
:105C4000804F2FD0A0F18045B5F580652AD0A0F116
:105C50008045B5F5006525D0A0F18045B5F54065D6
:105C600020D0A0F18045B5F5C0551BD0A0F18045EE
:105C7000B5F5A03516D0A0F18045B5F5AE3511D0FB
:105C80004CF0010222F0F0024FF0F00C0CEA03138A
:105C90001A4324F00A0301F00A01194382610162E8
:105CA00030BC70472CF0030C4CEA0202EAE710B457
:105CB000D0F820C02CF0100CC0F820C08469D0F8B7
:105CC00020C024F4407444EA022222F470424FF4CB
:105CD000704404EA03331A432CF0A0034FF0A00CE5
:105CE0000CEA011119438261016210BC704710B4C3
:105CF000D0F820C02CF4807CC0F820C0C469D0F853
:105D000020C024F00304224322F0F002F02404EA2D
:105D100003131A432CF420634FF4206C0CEA012186
:105D20001943C261016210BC704710B4D0F820C0A2
:105D30002CF4805CC0F820C0C469D0F820C024F4E2
:105D4000407444EA022222F470424FF4704404EAA0
:105D500003331A432CF420434FF4204C0CEA013156
:105D60001943C261016210BC704790F8241011F011
:105D7000010F06D001684A68836A22F400321A4390
:105D80004A6090F8241011F0020F06D001684A68AA
:105D9000C36A22F480321A434A6090F8241011F04A
:105DA000040F06D001684A68036B22F480221A436C
:105DB0004A6090F8241011F0080F06D001684A6874
:105DC000436B22F400421A434A6090F8241011F009
:105DD000100F06D001688A68836B22F480521A4340
:105DE0008A6090F8241011F0200F06D001688A68AC
:105DF000C36B22F400521A438A6090F8241011F009
:105E0000400F11D001684A68036C22F480121A43D3
:105E10004A60016CB1F5801F06D101684A68436C85
:105E200022F4C0021A434A6090F8241011F0800F47
:105E300006D001684A68806C22F400221043486052
:105E40007047F8B504460025C4F88050FCF764FBA1
:105E50000746206800686FF07E4610F0080F0AD0F1
:105E60003B4600224FF400112046009600F0FEF859
:105E700008B10320F8BD2068006810F0040F0AD0B4
:105E80003B4600224FF480012046009600F0EEF8D9
:105E900008B10320F8BD2020A067E067256684F8DC
:105EA00074500020F8BD000070B50446002521693B
:105EB000A068E269084361691143014320680268F0
:105EC00022F4037222F414421143016020684168F5
:105ED000E26821F4405111434160A069216A014305
:105EE0002068826822F430621143816020685D4935
:105EF000A0F18042B2F59C321AD0A0F18042B2F5F6
:105F0000884229D0A0F18042B2F590423BD01020C7
:105F1000E26955494FF6EF76B2F5004F4AD00928AD
:105F200077D2DFE800F0797D8A88818888888500CB
:105F3000086B10F0030007D0012809D0022809D00F
:105F4000032803D01020E3E70120E1E70220DFE788
:105F50000420DDE70820DBE7086B10F440300AD0AE
:105F6000B0F5803F0BD0B0F5003F0AD0B0F5403F10
:105F700003D01020CCE70020CAE70220C8E70420A5
:105F8000C6E70820C4E7086B10F440200AD0B0F53B
:105F9000802F0BD0B0F5002F0AD0B0F5402F03D0E2
:105FA0001020B5E70020B3E70220B1E70420AFE7F7
:105FB0000820ADE7092815D2DFE800F0050916141E
:105FC0000D1414141100FDF77BFB01460CE0FDF7E6
:105FD0008DFB014608E0FDF79FFB014604E04FF40E
:105FE000004101E000210125A1B36068490001EBF7
:105FF0005001B1FBF0F080B2A0F11001B14209D81C
:106000004FF6F0710140C0F3420008432168C860B8
:1060100022E010E001251FE0FDF752FB01460CE0F5
:10602000FDF764FB014608E0FDF776FB014604E05E
:106030004FF4004101E00021012559B1606801EBF6
:106040005001B1FBF0F080B2A0F11001B14202D8D2
:106050002168C86000E0012500206066A06628462F
:1060600070BD00000010024000127A002DE9F047D8
:106070000446089D884691469A462068C06938EAD9
:10608000000037D00020484558D100272026B5F120
:10609000FF3F4BD0FCF740FAA0EB0A00A8422BD8F8
:1060A00055B32068016811F0040F3FD0C06910F4A7
:1060B000006F3BD021684FF400600862206850E810
:1060C000001F21F4D07140E80012002AF6D12068A8
:1060D000083050E8001F21F0010140E80012002ABA
:1060E000F5D1A667E667C4F8806084F87470032071
:1060F000BDE8F0870120C6E7206850E8001F21F4C2
:10610000D07140E80012002AF6D12068083050E82B
:10611000001F21F0010140E80012002AF5D1A66716
:10612000E66784F874700320BDE8F0872068C069D2
:1061300038EA000005D000204845A8D00020BDE87E
:10614000F0870120F8E770B5D0F8B822D0F8C05237
:10615000002A1BD001EB810C00EB8C030026DC69CC
:1061600054B105EBCC0CDCF838C0B4FBFCF50CFBEF
:10617000154CBCF1000F03D0C2F81462002070BDB2
:10618000DE6100231A4600F071FDF7E7022070BDC2
:1061900070B50546D5F8B842284600F069FCC4F849
:1061A0000C02D5F8B80248B1D5F8BC12D4F80402F4
:1061B000CA6804F503719047002070BD022070BDCD
:1061C00070B5044600268121204600F098FB00258A
:1061D000E5620121204600F092FBC4F86C51822157
:1061E000204600F08CFB2564D4F8B80248B1D4F8FE
:1061F000BC0240688047D4F8B80200F077FFC4F8CA
:10620000B852304670BD10B5D0F8B842D0F8BC12C4
:1062100000290BD094F80002FF2807D08B6894F86F
:10622000012221469847FF2084F80002002010BD7B
:106230000A21018000487047880000204321018026
:1062400000487047D8000020432101800048704773
:106250009400002043210180004870471C01002069
:1062600070B504460026207C0125002831D040234B
:1062700002228121204600F04FFCE56240230222E9
:106280000121204600F048FCC4F86C510823032289
:106290008221204600F040FC25644FF4077000F096
:1062A00027FFC4F8B80230B30546D4F8BC02006832
:1062B00080470020C5F81402C5F81802207CE0B120
:1062C000402301212046D5F8042200F031FC30465D
:1062D00070BD4FF4007302228121204600F01CFCA7
:1062E000E5624FF4007302220121204600F014FC05
:1062F000C4F86C51CAE70126E9E74FF400730121A5
:106300002046D5F8042200F013FCE0E710B5D0F8E1
:10631000B812002911D0027C3AB1D1F804224023EE
:10632000012100F005FC002010BDD1F804224FF43B
:106330000073012100F0FCFBF5E7022010BD0246CE
:106340000220002902D0C2F8BC1200207047D0F809
:10635000B802C0F8041200207047D0F8B802C0F8A4
:106360000812C0F8102200207047F0B583B005462F
:106370000C46D5F8B87200200290019000262078D3
:1063800010F060012ED0202907D02146284600F0C9
:10639000A5F8022603B03046F0BDE288D2B110F075
:1063A000800F0BD0D5F8BC1260788B6839469847BF
:1063B000E2883946284600F0B7F8EBE7607887F8BE
:1063C0000002A07987F80102E2883946284600F0E9
:1063D00091F8DFE7D5F8BC12607800228B6821467F
:1063E0009847D7E7607848B10A2817D00B2825D0FE
:1063F0002146284600F072F80226CBE795F89C0269
:10640000032805D02146284600F068F80226C1E797
:10641000022201A9284600F087F8BBE795F89C0204
:10642000032805D02146284600F058F80226B1E797
:10643000012202A9284600F077F8ABE795F89C0204
:106440000328A7D02146284600F048F80226A1E7F5
:1064500010B5D0F8B812002914D0D1F814220AB11E
:10646000012010BD0122C1F81422D1F810220263CC
:10647000B1F8102293B2D1F80822812100F0F6FB86
:10648000002010BD022010BD10B5D0F8B422526813
:106490009047002010BD90F89C22012A05D0022AC6
:1064A00003D0032A01D000F019B84988012904D18A
:1064B0000021C0F8A41200F044B8704710B513468C
:1064C0000A46002100F034FB002010BD10B5134631
:1064D0000A46002100F0CAFB002010BD10B504469A
:1064E0008021204600F0A7FB2046BDE81040002197
:1064F00000F0A1BB10B50323C0F89432C0F85C21B2
:10650000C0F8602113460A46002100F011FB00206C
:1065100010BD10B50521C0F8941200231A46194683
:1065200000F006FB002010BD10B50223C0F8943225
:10653000C261026213460A46002100F097FB002068
:1065400010BD10B50421C0F8941200231A46194654
:1065500000F08CFB002010BD10B50A46024903A0D4
:1065600000F080F9004810BDDC6600204344432061
:10657000436F6E666967000012200880004870470C
:106580003400002010B50A46024903A000F06AF961
:10659000004810BDDC66002043444320496E74650A
:1065A000726661636500000004200880004870473F
:1065B0003000002010B50A46024903A000F052F94D
:1065C000004810BDDC660020436572654C6F6F703B
:1065D0000000000010B50A46024903A000F042F98D
:1065E000004810BDDC660020434C303220436C6F05
:1065F0007365642D6C6F6F702053797374656D00D3
:1066000010B51A2008800A480168001D0468001DA2
:106610000068081809D008220649FEF72AFB054938
:10662000042210312046FEF724FB0248801E10BDD4
:10663000ACF7FF1F4A000020CA88012A01D0FFF7EB
:106640004DBF90F89C22012A05D0022A03D0032ACC
:1066500008D0FFF743BF00218160012200F108014B
:10666000FFF762BF0122011DFFF75EBF2DE9F8436E
:1066700004460F4600200090002600257888010A75
:10668000082970D2DFE801F0AB040C22ABAB8B9A87
:10669000D4F8B012207C0A68694690470646A3E009
:1066A000207C4FF0020840B1D4F8B402C16A6846B9
:1066B0008847064686F8018096E0D4F8B402816ADD
:1066C00068468847064686F801808DE0C0B20628F5
:1066D0005FD2DFE800F0031221303F4FD4F8B00260
:1066E000426822B1207C6946904706467CE03946E4
:1066F0002046FFF7F3FE012576E0D4F8B002826869
:1067000022B1207C6946904706466DE03946204616
:10671000FFF7E4FE012567E0D4F8B002C26822B1B9
:10672000207C6946904706465EE039462046FFF7E2
:10673000D5FE012558E0D4F8B002026922B1207CD0
:106740006946904706464FE039462046FFF7C6FEA9
:10675000012549E0D4F8B00242692AB1207C69469B
:106760009047064640E03AE039462046FFF7B6FE3D
:10677000012539E0D4F8B002826922B1207C694653
:106780009047064630E039462046FFF7A7FE012530
:106790002AE039462046FFF7A1FE012524E0207CAF
:1067A00028B139462046FFF799FE01251CE0D4F8B0
:1067B000B402416B68468847064615E0207C28B144
:1067C00039462046FFF78AFE01250DE0D4F8B402D1
:1067D000016B6846884706460721717004E0394618
:1067E0002046FFF77BFE0125002D12D1BDF80000E9
:1067F00048B1FA883AB1824200D902460092314645
:106800002046FFF791FEF888002802D12046FFF7C6
:1068100098FEBDE8F88300210278002A05D0491CC3
:10682000C9B2401C0278002AF9D10846704790F896
:106830009C22012A05D0022A03D0032A01D0FFF7A7
:106840004DBECA88022A01D0FFF748BE0121C160AF
:10685000D0F8A41209B10321C160022200F10C0199
:10686000FFF762BE70B504460D461646002C1AD0DE
:106870002046FFF7D0FF022101EB40003080307846
:106880002870032102206970217800290BD0002292
:1068900014F8013B411CC9B22B54481CC0B26A54C5
:1068A00021780029F4D170BD01004FF0000004D020
:1068B000012901D0022901D0022070470120704730
:1068C00010B5002810D0D0F8B43213B10023C0F8AE
:1068D000B43209B1C0F8B012012180F89C120270E4
:1068E00000F0CAF8002010BD022010BD10B5D0F88D
:1068F000C002FCF702F8BDE81040FFF7D5BF10B5A5
:10690000D0F8C002FBF7D4FFBDE81040FFF7CCBFC2
:1069100070B504469446002909D0D4F8B4024269FF
:106920001AB194F89C02032859D0022070BD04F1DA
:106930001400D4F894120025022904D0042940D070
:1069400000293ED041E0C36801698B420DD9591A34
:10695000C1608AB261462046FFF7B8FD00231A469F
:106960001946204600F0E4F82FE08068B0FBF1F211
:1069700001FB12029AB9884211D3D4F898128842C6
:106980000DD2002211462046FFF7A0FDC4F8985210
:1069900000231A461946204600F0CAF815E0D4F83C
:1069A000B402C16829B194F89C02032801D12046A1
:1069B00088478021204600F03EF92046FFF7A9FDD8
:1069C00003E08021204600F036F994F8A002012867
:1069D00007D1204600F070F984F8A05201E020466B
:1069E0009047002070BD10B50446084611460028A7
:1069F00009D0D4F8B4128A691AB194F89C12032908
:106A000031D0022010BD04F5AA70D4F89432032BC3
:106A100002D0052B1FD029E0D0F810C0C368634511
:106A20000BD9A3EB0C03C3600069834200D3034678
:106A30009AB22046FFF742FD18E0D4F8B40201698B
:106A400029B194F89C02032801D1204688472046AA
:106A5000FFF777FD0AE00020C4F8940200212046E9
:106A600000F0E9F802E0014620469047002010BD02
:106A7000D0F8C002FCF7D6B910B504461C481D4931
:106A8000C0F8E842C4F8C002016008214160022158
:106A900081600161002181610162FCF7F7FA08B1B0
:106AA000FBF74FF90022D4F8C0021823114604F571
:106AB0003074FBF7CBFE5823002280212068FBF7BF
:106AC000C5FEC023002281212068FBF7BFFE4FF4E2
:106AD0008873002201212068FBF7B8FE4FF4807311
:106AE000002282212068FBF7B1FE002010BD0000CB
:106AF000F0630020005C00400A0601F07F01D0F83E
:106B0000C00201EB810100EBC10002D590F82A0020
:106B1000704790F86A01704710B51C461346D0F8CC
:106B2000C0022246FCF787F9BDE81040FFF7BCBE63
:106B300010B5D0F8C002FCF7ACF9BDE81040FFF783
:106B4000B3BE70B504460022402311462046FFF72D
:106B5000E3FF0125C4F858514026C4F8646140237E
:106B6000002280212046FFF7D7FFA561666284F8E6
:106B70009C520020C4F894026060C4F8A402D4F8C7
:106B8000B80228B1D4F8B4020021426820469047E8
:106B9000002070BD90F89C12042903D190F89D123A
:106BA00080F89C120020704710B590F89C120329C1
:106BB00004D1D0F8B412C96901B18847002010BDD2
:106BC00001740020704710B5D0F8C002FCF70DFB2F
:106BD000BDE81040FFF768BE10B5044604F52A7002
:106BE00000F04DF80120C4F89402B4F8AE02C4F8E5
:106BF000980294F8A81211F01F000AD001280ED0B4
:106C0000022812D001F08001204600F014F8002084
:106C100010BD04F52A71204600F0FBF8F7E704F5F3
:106C20002A71204600F02DFAF1E704F52A7120467A
:106C300000F02FF9EBE710B5D0F8C002FCF745F9EA
:106C4000BDE81040FFF730BE10B5D0F8C002FCF729
:106C5000E7FABDE81040FFF727BE90F89C1280F8D5
:106C60009D12042180F89C120020704710B5D0F8C6
:106C7000C002FCF759F9BDE81040FFF715BE0A78CD
:106C800002704A7842708A78CB7802EB0322428005
:106C90000A794B7902EB032282808A79C97902EB67
:106CA0000121C180704702460020002902D0C2F8AD
:106CB000B4127047022070470020704770B5044638
:106CC0008888002821D1C888F8B9488880281CD233
:106CD00000F07F0594F89C0203280DD084F89E52A2
:106CE00029462046FFF76FFF2046FFF72AFC45B1F3
:106CF000022084F89C0270BD2046BDE87040FFF77A
:106D0000EDBB012084F89C0270BD2046BDE87040B8
:106D1000FFF7E4BB10B50224D0F8B422002A03D058
:106D20001268904700B90024204610BD70B5044693
:106D30000D46304EA9783170012905D929462046E3
:106D4000BDE87040FFF7CABB94F89C0202280BD044
:106D5000032823D029462046FFF7C0FB3178204680
:106D6000BDE87040FFF790BB99B16160032084F8E3
:106D70009C022046FFF7CEFF022804D02046BDE843
:106D80007040FFF7DEBB29462046BDE87040FFF7A4
:106D9000A5BB2046BDE87040FFF7D3BB91B160684A
:106DA000884221D0C1B22046FFF76EFB3178616086
:106DB0002046FFF7AFFF022810D02046BDE8704004
:106DC000FFF7BFBB022084F89C0261602046FFF7FA
:106DD0005BFB2046BDE87040FFF7B3BB2946204669
:106DE000BDE87040FFF77ABB2046BDE87040FFF772
:106DF000A8BB0000840000204988012903D1C0F805
:106E0000A412FFF79EBB704710B5FFF71DFF0020CF
:106E100010BD10B503460024087810F060020ED0B3
:106E2000202A06D0402A04D01846FFF757FB2046F8
:106E300010BDD3F8B402826818469047F7E7487847
:106E40000A2822D2DFE800F0151D211921090521A9
:106E5000110D1846FFF70AFCE9E71846FFF72EFF69
:106E6000E5E71846FFF762FFE1E71846FFF7E4FBA6
:106E7000DDE71846FFF7DBFCD9E71846FFF7BCFF54
:106E8000D5E71846FFF707FBD1E71846FFF726FBC3
:106E9000CDE72DE9F0410446084600260179037844
:106EA00013F0600211D0202A08D0402A06D00146F3
:106EB0002046FFF713FB3046BDE8F081D4F8B4124A
:106EC0008A68014620469047F5E703F06002202AD1
:106ED0000BD04278002A61D0012A37D0032A0CD087
:106EE00001462046FFF7FAFAE5E7D4F8B4128A68BB
:106EF00001462046BDE8F041104794F89C22022A42
:106F000006D0032A14D001462046FFF7E7FAD2E75D
:106F100049B1802907D02046FFF78DFE8021204609
:106F2000FFF789FEC7E701462046FFF7D7FAC2E719
:106F300042883AB931B1802904D0C08810B92046BE
:106F4000FFF779FE2046FFF7FCFAB4E794F89C229D
:106F5000022A06D0032A14D001462046FFF7BEFAC3
:106F6000A9E749B1802907D02046FFF764FE8021B8
:106F70002046FFF760FE9EE701462046FFF7AEFA87
:106F800099E74088002896D111F07F0F02D0204663
:106F9000FFF7ACFC2046FFF7D4FA8CE794F89C226C
:106FA0000027022A06D0032A26D001462046FFF7F2
:106FB00095FA80E731B1802904D001462046FFF7D9
:106FC0008DFA78E711F0800F08D001F07F0000EB18
:106FD000800004EB800000F1140107E001F07F0065
:106FE00000EB800004EB800000F5AA710F60022224
:106FF0002046FFF799FA5EE711F0800F0CD001F000
:107000000F0202EB820204EB820292696AB9014626
:107010002046FFF763FA4EE701F00F0202EB82020F
:1070200004EB8202D2F858215AB111F0800F0DD032
:1070300001F07F0000EB800004EB800000F11405FC
:107040000CE001462046FFF749FA34E701F07F00E3
:1070500000EB800004EB800000F5AA7541B18029A7
:1070600006D02046FFF748FD20B10120286002E04D
:107070002F6000E02F60022229462046FFF754FAD5
:1070800019E770B505460C46207810F0600209D06B
:10709000202A07D0402A05D021462846FFF71EFAAD
:1070A000002070BD95F89C22012A08D0022A06D043
:1070B000032A04D021462846FFF710FAF0E720798A
:1070C00001280ED8D5F8B402214682682846904798
:1070D000E1880029E4D10028E2D12846FFF731FAFF
:1070E000DEE721462846FFF7F9F9D9E770470000A7
:1070F00000487047D06100202DE9F001002591F88B
:1071000000C030F82C2022F4CE6222F4E042CB788A
:10711000002B7ED0012B7AD0022B02D0032B7BD008
:10712000012548F28004224320F82C200A7830F808
:10713000223023F0700323F4E0431343234320F869
:1071400022300A7B042748F2C0034CF28006002A52
:1071500068D0CA78022A7DD00A7830F822C02CF490
:10716000B87C2CF4E04C4CEA040C20F822C0B0F8B7
:107170005020024491F800C002EB0C12B1F808C094
:107180002CF0010CA2F800C4B0F85020024491F891
:1071900000C007EBCC0C02EB4C02B1F80AC02CF09B
:1071A000010CA2F800C44A78002A6DD00A7830F8A1
:1071B00022C01CF4804F09D030F822C02CF0700C93
:1071C0002CF4E04C4CEA060C20F822C00A7830F887
:1071D00022C01CF0400F09D030F822C02CF0700CF7
:1071E0002CF4E04C4CEA030320F82230CA78012A40
:1071F0007DD00A7830F8223023F4415323F48043C1
:1072000083F02003234320F82230F9E001E006E078
:1072100002E042F4007284E742F4C06281E742F483
:1072200080627EE74A7872B3B0F85020024491F849
:1072300000C002EB0C12B1F806C02CF0010CA2F851
:1072400000C40A7830F822C01CF0400F0BD030F890
:1072500022C000E083E02CF0700C2CF4E04C4CEAEF
:10726000030320F82230CA78012A0ED0097830F8BA
:10727000212022F4415222F4804282F02002224353
:1072800020F82120C6E00BE077E0097830F82120D3
:1072900022F4415222F48042224320F82120B9E016
:1072A000B0F8502002440B7807EBC30302EB430213
:1072B000CB8823F00103A2F80034B0F85020024438
:1072C0000B784FF0060C0CEBC30302EB430202F504
:1072D00080620B6983B13E2B17D84FEA530C13F031
:1072E000010F01D00CF1010C4FF6FF7300E07DE0BF
:1072F00003EA8C23138014E0138823F4F8431380EB
:10730000138843F4004313800BE04FEA531C13F03F
:107310001F0F01D1ACF1010C4FF4004343EA8C2361
:1073200013800A7830F8223013F4804F08D030F8F8
:10733000223023F0700323F4E043334320F822305B
:10734000097830F8212022F0700222F4804282F481
:10735000805282F40052224320F821205AE00A7819
:1073600030F822C02CF0700C2CF4E04C48F280185D
:107370004CEA080C20F822C0F9E60A7830F822C05E
:107380001CF4804F09D030F822C02CF0700C2CF483
:10739000E04C4CEA060C20F822C00A7830F822C0F3
:1073A0001CF0400F09D030F822C02CF0700C2CF4E7
:1073B000E04C4CEA030320F822300A7830F82230FF
:1073C00023F0700323F4804383F4805383F4005349
:1073D000234320F82230097830F8212022F441524A
:1073E00022F48042224320F8212013E00A7830F86A
:1073F000223023F4415323F48043234320F82230E6
:10740000097830F8212022F0700222F480422243D1
:1074100020F821202846BDE8F001704770B40E7BAB
:107420004B780A7848F2800C48F2C0044CF2800590
:10743000002E41D0002B75D030F8223013F4804F4D
:1074400008D030F8223023F0700323F4E0432B43BC
:1074500020F822300A7830F8223013F0400F08D09C
:1074600030F8223023F0700323F4E043234320F864
:1074700022300A7830F8223023F0700323F4E043FE
:107480002B4320F822300A7830F8223023F441537D
:1074900023F4804343EA0C0320F82230097830F8C3
:1074A000212022F0700222F4804242EA0C0220F8ED
:1074B000212070BC00207047CBB130F8223013F08F
:1074C000400F08D030F8223023F0700323F4E0435B
:1074D000234320F82230097830F8212022F4415249
:1074E00022F4804242EA0C0220F82120E1E730F841
:1074F000223013F4804F08D030F8223023F070038C
:1075000023F4E0432B4320F82230097830F821207F
:1075100022F0700222F4804242EA0C0220F821207C
:10752000C7E7FFE730F8223013F4804F08D030F877
:10753000223023F0700323F4E0432B4320F8223061
:107540000A7830F8223013F0400F08D030F822309B
:1075500023F0700323F4E043234320F822300A7819
:1075600030F8223023F0700323F4E043234320F863
:1075700022300A7830F8223023F0700323F480435D
:1075800043EA0C0320F82230097830F8212022F455
:10759000415222F4804242EA0C0220F8212088E77E
:1075A000002070470121A0F840100021A0F84010F1
:1075B000A0F84410A0F8501000207047B0F8401018
:1075C00021F43F41A0F840100020704710B40A7B1E
:1075D000002A45D14A7848F2800C0AB30A7830F87C
:1075E000223013F0400F0AD030F8223023F070031D
:1075F00023F4E04348F2C004234320F82230CA7841
:10760000012A2DD0097830F8212022F4415222F4A9
:10761000804282F0200242EA0C0220F821201FE082
:107620000A7830F8223013F4804F0AD030F8223034
:1076300023F0700323F4E0434CF28004234320F84A
:107640002230097830F8212022F0700222F48042A2
:1076500082F4805282F4005242EA0C0220F8212087
:1076600010BC002070474A78097848F28003002A4D
:107670000BD030F8212022F4415222F4804282F0D3
:1076800010021A4320F821200AE030F8212022F0CD
:10769000700222F4804282F480521A4320F82120A2
:1076A000002070472DE9F04F05460C46062762780A
:1076B000217B4FF0000B4FF002084FF6FF794FF49B
:1076C000004A012A0CD0002900F0A381E0780228AA
:1076D00000F0D181012800F04D820120BDE8F08F3B
:1076E000A6692069864200D90646E9B1E1780229F7
:1076F0002CD0206A801B2062207835F8201011F0F1
:10770000400F00F06681B5F85010294407EBC00027
:1077100001EB4000A0F800646289B3B228466169B9
:1077200000F0DCFA00F064B9B3B2E288284661697F
:1077300000F0D4FAB5F850002844217808EBC101D4
:1077400000EB4100A0F8006400F052B9216A8142C8
:1077500040F22281207835F8201021F0700121F4C8
:10776000E04148F28012114325F82010206A801B66
:107770002062207835F8201011F0400F74D0617825
:1077800011B1012927D02FE0B5F85010294407EB9B
:10779000C00001EB400000F5806056B13E2E11D8CC
:1077A000710816F0010F00D0491C09EA81210180FF
:1077B0001AE0018821F4F8410180018841F4004178
:1077C000018011E0710916F01F0F00D1491E4AEA2D
:1077D0008121018008E0B5F85020511907EBC00065
:1077E00001EB4000A0F800646289B3B228466169E9
:1077F00000F074FA6069304460612169206A88424F
:1078000002D9801B206202E00646C4F820B06078EE
:1078100010B1012829D032E0B5F850002844217871
:1078200008EBC10100EB410000F5806056B13E2E2F
:1078300011D8710816F0010F00D0491C09EA812106
:1078400001801CE0018821F4F8410180018841F4A5
:107850000041018013E0710916F01F0F00D1491E8D
:107860004AEA812101800AE010E0B5F8500028447E
:10787000217808EBC10100EB4100A0F800642289E7
:10788000B3B22846616900F029FAB1E0617811B11C
:10789000012927D02FE0B5F85010294408EBC0008B
:1078A00001EB400000F5806056B13E2E11D8710802
:1078B00016F0010F00D0491C09EA812101801AE06D
:1078C000018821F4F8410180018841F400410180E0
:1078D00011E0710916F01F0F00D1491E4AEA8121FB
:1078E000018008E0B5F85010294408EBC00001EB16
:1078F0004000A0F800642289B3B22846616900F014
:10790000EDF96069304460612169206A884202D9DA
:10791000801B206202E00646C4F820B0607810B1F7
:10792000012828D031E0B5F850002844217807EB31
:10793000C10100EB410000F5806056B13E2E11D828
:10794000710816F0010F00D0491C09EA812101805D
:107950001BE0018821F4F8410180018841F40041D5
:10796000018012E0710916F01F0F00D1491E4AEA8A
:107970008121018009E0B5F850104819217807EB02
:10798000C10100EB4100A0F800646289B3B228464F
:10799000616900F0A3F92BE0207835F8202022F46B
:1079A000B87222F4E04248F280031A4325F82020FE
:1079B000B5F850002844227808EBC20200EB4200E0
:1079C0008BB2A0F8003422892846616900F086F95C
:1079D0000EE0B5F85010294408EBC00001EB400060
:1079E000A0F800642289B3B22846616900F076F9F4
:1079F000207835F8201021F4415121F4804181F0A4
:107A0000100181F0200148F28002114325F8201076
:107A10002AE1A1692069814202D9091AA16102E023
:107A20000846C4F818B0B5F850102944227807EB7E
:107A3000C20201EB420101F5806150B13E2811D82C
:107A4000420810F0010F00D0521C09EA8220088081
:107A5000FAE0088820F4F8400880088840F40040E4
:107A60000880F1E0420910F01F0F00D1521E4AEACF
:107A700082200880E8E03ABBB5F85000284421781D
:107A800008EBC10100EB410000F58060216951B1B4
:107A90003E2911D84A0811F0010F00D0521C09EA02
:107AA0008221018010E0018821F4F84101800188E1
:107AB00041F40041018007E04A0911F01F0F00D195
:107AC000521E4AEA82210180607810B1012829D033
:107AD00033E0B5F850002844217807EBC10100EBF2
:107AE000410000F58060216951B13E2911D84A0852
:107AF00011F0010F00D0521C09EA822101801CE024
:107B0000018821F4F8410180018841F4004101809D
:107B100013E04A0911F01F0F00D1521E4AEA8221D8
:107B200001800AE0B5F850104819217807EBC1012F
:107B300000EB4100218AA0F80014E069D8B3217855
:107B400035F8210010F4804F02D010F0400F05D11D
:107B500000F4804200F04000104375D135F8210058
:107B600020F0700020F4E04048F2C002104325F8F5
:107B7000210069E0A1692069814202D9091AA16145
:107B800002E00846C4F818B03ABBB5F850102944D2
:107B9000227808EBC20201EB420101F5806158B185
:107BA0003E2812D8420810F0010F00D0521C09EAFA
:107BB00082220A8011E047E00A8822F4F8420A8013
:107BC0000A8842F400420A8007E0420910F01F0FC1
:107BD00000D1521E4AEA82220A80617811B101293D
:107BE00028D031E0B5F850102944227807EBC202C2
:107BF00001EB420101F5806150B13E2811D84208E5
:107C000010F0010F00D0521C09EA822008801BE00E
:107C1000088820F4F8400880088840F40040088074
:107C200012E0420910F01F0F00D1521E4AEA8220D2
:107C3000088009E0B5F850205119227807EBC202FC
:107C400001EB4201A1F80004207835F8201021F062
:107C5000700121F4804181F4805181F4005148F297
:107C60008002114325F820100020BDE8F08F00218C
:107C7000A0F844104FF43F41A0F840100020704796
:107C80000148FBF770B90000F0630020B0F8440031
:107C9000704710B44FEA530C00EB420000F58060CF
:107CA000BCF1000F0CD00288841C0A70481C110A19
:107CB0000170411CA01CACF1010CBCF1000FF2D111
:107CC00013F0010F01D00088087010BC7047002924
:107CD00002D18021A0F84C10002070475B1C5B088B
:107CE00000EB420000F58060002B0BD00A78491CA5
:107CF00091F800C042EA0C220280001D491C5B1E64
:107D0000002BF3D17047FEE703B4019841000098BF
:107D100050EAC12018BF04204A0D18BF40F00100EE
:107D200040F2FF72B2EB515F08BF40F00200012841
:107D300008BF052002B0704770B59B482DED020BBF
:107D40002DED068B079D25F00044A04218DC9748D6
:107D5000844202DC0AD1069840B19DED060BBDECD1
:107D6000068B02B0BDE8704000F003BB002DCCBF15
:107D70009FED8F0B9FED900BBDEC068B02B070BD9D
:107D80008F48A04215DD8F48A042D8BF4FF0FF3486
:107D900058DD9DED060B51EC100BFFF7B5FF0428E5
:107DA00008BF00F0FDFA9DED060BBDEC068B02B09E
:107DB00070BD9DED060B51EC100B00F019FBCDE9E9
:107DC000060181489FED828BA0423CDD8248A042A3
:107DD0001FDD00249FED82AB9DED060B53EC1A2BAB
:107DE00051EC100B00F092FC9DED060B41EC190BD1
:107DF00053EC1A2B51EC100B00F0E2FE53EC182B55
:107E000001F0B4F853EC192B00F028FDCDE9060180
:107E100049E09DED060B012453EC182B51EC100B9F
:107E200000F074FC9DED060B41EC190B53EC182B84
:107E300051EC100B01F09AF853EC192B00F00EFDE9
:107E4000CDE906012FE06848A0421FDD02249FED26
:107E5000689B9DED060B53EC192B51EC100B00F0B9
:107E6000AFFE53EC182B00F051FC9DED060B41ECDE
:107E7000180B53EC192B51EC100B01F077F853EC65
:107E8000182B00F0EBFCCDE906010CE09DED060B94
:107E9000032453EC102B9FED580B51EC100B00F00A
:107EA000DDFCCDE906019DED060B53EC102B51ECEA
:107EB000100B00F085FE41EC180B53EC182B00F072
:107EC0007FFE41EC190B4E480621B0EE490AF0EE58
:107ED000690A784400F0D1F953EC182B51EC100BDF
:107EE00000F06EFE41EC180B4648B0EE490AF0EE89
:107EF000690A0521784400F0C0F953EC192B51ECC4
:107F0000100B00F05DFE41EC100B51EC180B53EC24
:107F1000102B002C0EDA00F0F9FB9DED061B53EC44
:107F2000112B00F04DFE9DED061B53EC112B00F0C4
:107F300045FF35E000F0EAFB9DED061B53EC112BED
:107F400000F03EFE41EC100B2F48784400EBC400DB
:107F500090ED001B51EC100B53EC112B01F006F8C7
:107F60009DED061B53EC112B01F000F841EC100BBA
:107F70002648784400EBC40090ED001B51EC100B38
:107F800053EC112B00F01AFF41EC100B002DA2BF97
:107F9000BDEC068B02B070BD51EC100B00F078FB0D
:107FA00041EC100B01E70000000010440000F07FDE
:107FB000182D4454FB21F93F182D4454FB21F9BFDF
:107FC0000000DC3F0000203E0000F33F0000000006
:107FD000000000000000F03F0000E63F000000004D
:107FE000000000000000004000800340000000008E
:107FF000000000000000F83F000000000000F0BF9B
:108000007A23000030230000BA2200007222000010
:1080100070B56B4E2DED040B2DED028B82B0DDF8AB
:108020001CC0DDE905235C422CF000411C4341EA01
:10803000D474049D22F00040B44205D86C422C4315
:1080400040EAD474B4420BD99DED061B9DED040BA0
:1080500002B0BDEC028B04B0BDE8704000F093B9F3
:10806000ACF14054A4F17F641C430BD0022404EA19
:10807000AC7444EAD27405439FED538B9FED542BAF
:1080800007D015E09DED040B51EC100B00F098F9B2
:1080900042E0002C11BF012C9DED040B02B0BDECA1
:1080A000028B04BF04B070BD022C38D0032C3BD02F
:1080B0000B439FED491B9FED4A0B0AD0B14218D1EB
:1080C000B04209D121F0804120F080400791059015
:1080D0000FE0002A15DA10E0434B7B44002C08BF68
:1080E00093ED000B0DD0012C10D0022C17D0032CD7
:1080F0001AD0B0421DD1002A03DAB0EE410AF0EEE8
:10810000610A02B0BDEC028B04B070BD93ED000BB0
:1081100051EC100B00F0BCFA41EC100BF1E7B0EEA3
:10812000480AF0EE680AECE7B0EE420AF0EE620AA6
:10813000E7E7401A00153C28C8BF8DED000B19DC9D
:10814000BCF1000FBEBF10F13C0F9FED290B8DED70
:10815000000B0FDB9DED060B53EC102B9DED040B7C
:1081600051EC100B00F07AFB00F042F900F028F916
:10817000CDE90001002C08BF9DED000BC1D0012C02
:1081800010D0022C9FED1C0B53EC102B9DED000B1F
:1081900051EC100B0DD000F0E9FE53EC182B00F061
:1081A000E5FEB9E7019880F0004001909DED000BDD
:1081B000A7E700F0DBFE53EC182B00F0FFFDABE768
:1081C0000000F07F00000000182D4454FB210940FE
:1081D000182D4454FB2109C0182D4454FB21F9BF2C
:1081E000182D4454FB21F93FA2210000000000009B
:1081F0000000000000000000075C143326A6A13C2C
:1082000000B52DED048BB0EE409AF0EE609A83B08D
:1082100051EC190B00F0DEFD41EC180B18EE100AC2
:1082200018EE901A8DED008B002818BF012008432E
:1082300020F00040C0F17F6000F1E040C00F14D09A
:1082400019EE101A19EE900A8DED009B002918BF47
:108250000121084320F00040C0F17F6000F1E040C0
:10826000C00F04BF0120F8F777F9B0EE480A03B059
:10827000F0EE680ABDEC048B00BD70B504462DED30
:10828000028B4D1E00EBC500B0EE408AF0EE608A16
:1082900090ED000B35F0060017D053EC182B51EC85
:1082A000100B00F08DFC41EC100B6D1E04EBC500B3
:1082B00090ED001B51EC100B53EC112B00F026FA43
:1082C00041EC100B35F00600E7D1022D36D0042D1D
:1082D0001CD0062D1CBFBDEC028B70BD53EC182BBF
:1082E00051EC100B00F06CFC94ED0A1B53EC112BBD
:1082F00000F00CFA53EC182B00F062FC94ED081B14
:1083000053EC112B00F002FA41EC100B53EC182B3C
:1083100051EC100B00F054FC94ED061B53EC112BA8
:1083200000F0F4F953EC182B00F04AFC94ED040B28
:1083300053EC102B00F0EAF941EC100B53EC182B26
:1083400051EC100B00F03CFC94ED021B53EC112B94
:1083500000F0DCF953EC182B00F032FC94ED001B1C
:1083600053EC112B00F0D2F9BDEC028B41EC100B59
:1083700070BD10B553EC102B51EC100B00F0C6F98A
:1083800041EC100B10BD10B553EC112B51EC100B40
:1083900000F0BCF941EC100B10BD00000000000023
:1083A0009FED050B10B553EC102B51EC100B00F0AA
:1083B00007FC41EC100B10BD000000000000001095
:1083C00010B541EC100BFFF7B7FC51EC100B10BDD2
:1083D000002381621946C0E9022300EB8102491C97
:1083E0001361936113620229F7DB036043607047F6
:1083F00082B0CDE9000121F0004001909DED000B1D
:1084000002B051EC100B70470EB5FAF77FF9FDF78B
:10841000FBF8FCF76DFC9448416941F002014161B1
:108420004069002200F00200009011463A20FAF75D
:10843000C7F93A20FAF7B6F9002211463B20FAF7BD
:10844000BFF93B20FAF7AEF9002211463C20FAF7BB
:10845000B7F93C20FAF7A6F9002485490094019465
:108460008248029408600846F9F7E1FD00B1FEE792
:108470000094002269467E480194F9F7AFFD00B1EF
:10848000FEE7FCF7BBFCFCF7E3FCFCF769FEFCF73E
:108490008DFCFCF709FCFCF7D9FD77480094754981
:1084A000019401604721C0E9011440F2E731C16045
:1084B00080218161FCF717F800B1FEE7009469465E
:1084C0006D480194FBF7C7FF00B1FEE7FCF726FDFE
:1084D000FCF770FDFCF728FEFCF7E4FCFCF7EAFD76
:1084E00065480021E438FCF7E9FA63494FF4005588
:1084F000D0312A4601F50050FFF76AFF5F4C4FF478
:108500007A705F4944F88C0BA1F5D260CDE9000187
:10851000A0F5D263A0F52962584900F5E060F8F7AC
:1085200005FA57487030F8F789FB5148042160304C
:10853000FBF7BEFD4E480421A430FBF7B9FD514EB8
:108540004B48012231466030FBF7DBFD48480122F1
:108550003146A430FBF7D5FD454E603630680168E2
:1085600041F40031016031680123474A6431706988
:10857000F9F773FE3068416841F400014160443608
:108580003068016841F4003101603F4A31680123DD
:10859000921C64317069F9F760FE3068416841F4FB
:1085A0000001416000231A4606F590713748F8F73C
:1085B000BAFE364806F5B67124300123002206467D
:1085C000F8F7B1FEF7F752FEE26CE16D00FB012017
:1085D00082B2A08DA18F80B289B2CDE90010A08BAC
:1085E00083B2B4F8940081B22848F8F7B4FEF7F7E4
:1085F0003DFEE26CE16D00FB012082B2A08DA18FF7
:1086000080B289B2CDE90010A08B83B2B4F8940097
:1086100081B23046F8F79FFE00211548F9F75DFD5D
:108620001548FBF7D5FF154C6E11343CA069B042DC
:1086300007D92079800702D5F9F776F901E0F9F733
:108640005BF9A069A84201D9F9F756F90C486A46C6
:1086500001A9D030F8F7ACFF0028E7D1DDE9001020
:10866000F9F706F8E2E7000000100240007400404D
:1086700050050020009C0040AC070020B0280020DE
:10868000D03B00204000060008000020F85D0020DC
:1086900081F00041704780F00040704721F00041B8
:1086A000704720F00040704721F00042A2F1605274
:1086B000B2F5801F01F0004328BFD2F17F6C0BD9C7
:1086C0005FEA001C43EAC20242EB507018BF7047D9
:1086D00028BF20F001007047B2F5801FBCBF1846CC
:1086E00070474FEA410C1CF5001F02D2084600F00B
:1086F0009DBD70B500F00EFB00000089FFF7F6BFCE
:108700004FF00040A0F580007047000010B591EADE
:10871000030F48BF83F0004300F13084841A71EBEB
:10872000030C05D2121943EB0C03001B61EB0C0187
:10873000DFF824E14FEA1154A4EB135C1EEA430F67
:1087400018BF9EEA445F73D023EA0E03DCF1200ECB
:1087500021EA045143F4801332D322FA0CFE10EBC9
:108760000E0023FA0CFE41EB0E01CCF1200E03FAB1
:108770000EFE10EB0E0051F10001B1F5801FCCF19F
:10878000200E32D201EB045112FA0EF2BDE8104075
:1087900058BF7047401C38BF5FEA420218BF70479D
:1087A000002814BF20F0010041F100014FEA41030D
:1087B00013F5001F38BF7047A1F1C04100F0F8BAAF
:1087C000012A43EB0302ACF1200CDCF11F0E32BF97
:1087D0004FF0000E23FA0CF310EB030041EB0451B1
:1087E000B4EB115FD0D0A1EB045101F58011490821
:1087F0005FEA300001EB04510ED350F1000038BFA6
:1088000012FA0EFE08D1BDE81040C9E7401C38BF7F
:108810005FEA4202CAD1C3E7BDE810404FEA410314
:1088200013F5001F38BF7047A1F1C04100F0C0BA76
:108830009EEA445F08D011EA5E0FBDE8104004BF15
:1088400001F0004100207047BDE8104070B500F015
:1088500061FA00BF64FBBE3E0000E0FF2DE9C041AD
:1088600030B4DFF8A0C23CEA111418BF3CEA13147C
:1088700000F0EC8081EA03051CEA111444EAD57487
:1088800018BF1CEA131500F0C780A4EB05044FF0D5
:10889000004545EAC12145EAC32341EA505143EA74
:1088A000525304F17F74994204F500344FEAC0201A
:1088B0004FEAC22208BF904200F09C804FEA136545
:1088C0000FF24016765D4FEA134506FB05F7C7F138
:1088D000807706FB07F74FEAD737A7FB0368764296
:1088E000C8F58038A7FB06CE38BFA8F1010807FB02
:1088F00008E64FF0000EA6FB028CE6FB03CEDCF18F
:10890000000CCEF1004E38BFAEF1010EA6FB0C58A4
:108910004FF000074FF00005E6FB0E87A1FB08C6ED
:10892000A0FB07CE16EB0E0645F10005E1FB07653F
:1089300015F1E04E7EBFA4F580345FEA46066D4136
:1089400016F1800745F100054FEA17274FEA066642
:1089500047EA0567A6F1DE46B6F1805F4FEA1525C6
:108960001FD9384624F0010C05EBC471BCF1FE6F31
:1089700001EB0C1102D8F0BCBDE8008124425CBFC1
:1089800001F5801E9EEAC47F02D4F0BCBDE80081E0
:10899000244238D4F0BCA1F1C041BDE8004100F050
:1089A00007BA4FEAD22242EA43524FEAD323A7FB47
:1089B00002864FEAD02040EA415007FB03661EEAD8
:1089C0000E0F4FEAD12105FB026658BFA6EB0056F9
:1089D000B6EB00564FEA520E4EEAC37E18EB0E0E6F
:1089E00056EB530EBDD518EB02085E417F1C55F1C6
:1089F0000005B6E74FF480154FF000074FF0000672
:108A00004FF00008ADE7F0BC4FF0000001F1C041AD
:108A100001F00041BDE8008111EA0C1F0CEA1315BA
:108A200000D00CE013EA0C1F00F025804FF000008E
:108A3000F0BC81EA030101F00041BDE80081F0BC17
:108A4000BDE8004181EA030100F0B2B9F0BCBDE825
:108A5000004170B500F05EF9097EFC3E00F007B8F9
:108A600081EA03014FF0000001F00041704781EA04
:108A7000030100F09DB9F0BCBDE800414FF00000DB
:108A800021497047FFFDFBF9F7F5F4F2F0EEEDEB4D
:108A9000E9E8E6E4E3E1E0DEDDDBDAD8D7D5D4D3FC
:108AA000D1D0CFCDCCCBCAC8C7C6C5C4C2C1C0BF48
:108AB000BEBDBCBBBAB9B8B7B6B5B4B3B2B1B0AF4E
:108AC000AEADACABAAA9A8A8A7A6A5A4A3A3A2A132
:108AD000A09F9F9E9D9C9C9B9A99999897979695ED
:108AE00095949393929191908F8F8E8E8D8C8C8B89
:108AF0008B8A898988888787868585848483838211
:108B0000828181800000FF070000F87FB0FA80F3C7
:108B100010FA03F10AD0C3F11D0303F580634FEA95
:108B200041504FEA035202EBD12170474FF0000051
:108B300070470000B1FA81F30B3B20D3994010D16C
:108B4000B0FA80F310FA03F108BF7047C3F11D03B8
:108B500003F580634FEAD1224FEA415002EB035103
:108B60007047C3F1200C20FA0CFC9840C3F132038B
:108B700003F5806341EA0C0101EB0351704710B526
:108B8000C3F10004C3F1320CC4F1200E0CF5806275
:108B900001FA0EFC21FA04F100FA0EF3E040BDE800
:108BA000104040EA0C0001EB025138BF7047401CF6
:108BB00041F100015B0008BF20F001007047000098
:108BC000DFF848C170B51CEA111E1EBF1CEA131560
:108BD0009EEA0C0F95EA0C0F00F06F8081EA030407
:108BE00023EA4C134EEAD47E21EA4C1141F4801161
:108BF00043F48013AE44A1FB024CA0FB0365AEF12D
:108C00007F7E361955EB0C05A1FB034C4CF100039C
:108C1000A0FB021C16EB0C06654153F10003094250
:108C200018BF46F0010613F4007F0BD14FEA033161
:108C30004FEA0530340341EA155140EA16506FF00F
:108C400003020AE04FEAC3214FEAC520F40241EAD9
:108C5000555140EA56506FF0020202EB2E4201EBF2
:108C6000025585EACE710AD05FEA440C18BF24F0A1
:108C7000004450F1000041F1000120EAD47040F2BC
:108C8000FE7C624500D270BDA84214BF4FF0804404
:108C90004FF04044002E08BF0024BEF1806FA8BFF3
:108CA000A1F1C041BDE8704080F282804FF0000029
:108CB00001F1C04101F0004170479EEA0C0F0CEA3F
:108CC000131518BF95EA0C0F06D04FF0000081EA8B
:108CD000030E0EF0004170BD00F01CF88900013E4B
:108CE00000F007B800F009B84FEA430C5FEA5C5C9B
:108CF00008D081EA030100F05BB84FEA410C5FEA5B
:108D00005C5CF6D14FF00000014970470000FF079E
:108D10000000F87F0EF1020E2EF0030E5EF8046BD9
:108D2000364205D4012A43EB030515F5001F12D87E
:108D3000012841EB010C1CF5001F0CD80ED14FEAA5
:108D4000D17C15F5001F0CEB4C0C0CF1020C08BF8C
:108D50004CEBD37C04E04FF0080C01E04FEAD37CED
:108D60000CEB4C0526FA05F606F00706B6F1040CE6
:108D700006D20EEB860CBDE870404CF0010C60474B
:108D8000DFE80CF0090B02024FF000414FF0000049
:108D9000A1F5002170BD19461046012851EB0104D0
:108DA00018BFD4F5001484BF002001F0004170BD4D
:108DB0000808A0F500114FEA3101704791EA030F4E
:108DC00010B581F000413FF5A9AC83F0004300F0FD
:108DD000D5B800002DE9F04101F5801CBCF5001F5D
:108DE000C0F2A9804FEA115C21EA0C510CF1FD0C94
:108DF00041F480115FEA5C0C0CF5C07C01D34000AB
:108E0000494130A4890241EA905187028E0E0A0C32
:108E1000A45D04FB04F602FB06F6C6F14046A4FB83
:108E20000662F60D46EA422606FB06F4A4FB012381
:108E30005242C3F1404338BF5B1EA6FB02420024EE
:108E4000E6FB0324D20B42EA4446A6FB0623A1FB21
:108E500002E2A3FB07E4E3FB61426442C2F1404E3D
:108E600038BFAEF1010EA6FB04234FF00002E6FB73
:108E70000E32A2FB03463400E2FB6264A1FB06E66D
:108E8000A4FB07E8E4FB61687642C8F1405838BFAC
:108E9000A8F10108A2FB06E4A3FB08E5E2FB685485
:108EA000A1FB05E6A7FB04E8E1FB648618F12005B9
:108EB00056F10006A809A8F11B08B10908F03F08FF
:108EC000B8F10A0F40EA86601CD901EB0C51BDE8ED
:108ED000F08100BFFCF5EEE8E2DDD8D3CFCBC7C30D
:108EE000C0BDB9B6B4B1AEACA9A7A5A3A19F9D9BC7
:108EF0009A9896959392908F8D8C8B89888786858A
:108F000084838281A0FB006800FB01F208EB420829
:108F1000B8EB872807D5341858EB0104D5D5401C89
:108F200051F10001D1E7341A78EB0104CDD4401E91
:108F300071F10001C9E75FEA4C0C5FEA9C5C0DD15E
:108F400005D34FF0000001F00041BDE8F081BDE81D
:108F5000F04170B5FFF7DEFE6DDBFFBEBDE8F0410E
:108F60004FF00000004970470000F87F10B591EA0B
:108F7000030F48BF83F000433FF5D0AB841A71EB79
:108F8000030C07D212198CF0004C43EB0C03001BAE
:108F900061EB0C01DFF8A4E14FEA1154A4EB135C80
:108FA0001EEA430F18BF9EEA445F00F0B08023EA38
:108FB0006E03524221EA0451C3EB6E0338BF5B1EBD
:108FC000DCF1200E25D322FA0CFE10EB0E0043FA42
:108FD0000CFE41EB0E01CCF1200E03FA0EFE10EB5D
:108FE0000E0051F10001CCF1200E29D412FA0EF23C
:108FF00001EB0451BDE8104058BF7047401C1CBF36
:10900000B2F1004F704700280CBF491C20F001004E
:10901000704712EB020E43EB030218BF4FF0010E34
:109020004EEA4202ACF1200CDCF11E0E54D943FA98
:109030000CFE10EB0E0051F1FF31CCF11E0ED5D518
:109040000EF1010E12FA0EFE404141EB010101EB5F
:10905000445C5FEA5C5C10D910EBDE7001EB0451FC
:1090600038BFBEF1004FBDE8104018BF7047002860
:109070000CBF491C20F00100704730D24FEAD42CBD
:1090800011F5001124F400641BD0B1FA81F20B3AFF
:10909000A41AA41ED2F12003914030FA03F319431D
:1090A000904001EBCC71002C01EB0451BDE8104065
:1090B000A8BF704701F1C0414FF0000001F000412E
:1090C0007047B0FA80F310FA03F100D110BDE41A32
:1090D000173C4805C90AE4E701EB045110BD4910EB
:1090E00001EB0451BDE810404FEA300002E04FF0C0
:1090F000000170474A0008BF0042F8D0B2F5001FD7
:1091000028BF704701F000414FF0000070479EEA11
:10911000445F07D011EA5E0FBDE8104004BF002194
:1091200000207047BDE8104070B5FFF7F3FD00BFA9
:1091300040DFF63E83F00041104670470000E0FF3C
:1091400043004FEAD30C4FEA3C0C43401FBF40079B
:109150000CF1605113F0FE4F70471CF0006F03D10B
:1091600000200CF0004170470CF0004343EA5070BF
:1091700010B540EACC0000F00EF800BF00000092ED
:109180004FEA0001FFF714BE4FF000414FF000001E
:10919000A1F5002170470EF1020E2EF0030E5EF8CD
:1091A000044B244204D44FEA4102B2F17F4F11D85C
:1091B0004FEA4003B3F17F4F0CD80ED14FEAD07C79
:1091C000B2F17F4F0CEB4C0C0CF1020C08BF4CEBD6
:1091D000D17C04E04FF0080C01E04FEAD17C0CEBAD
:1091E0004C0324FA03F404F00704B4F1040C06D28F
:1091F0000EEB840CBDE810404CF0010C6047DFE83A
:109200000CF0070802024FF00040A0F5800010BDEE
:109210000846420018BFD2F1807288BF00F00040BB
:1092200010BD4FF04070E1EE100A7047FF2141EA97
:10923000D050C005704700004FEAC1230A1543EA29
:1092400050534FEAC02C18BF43F000431BD4A2F286
:109250004E02D2F57C72C0F22080502AA8BF502264
:1092600023FA02F12CFA02F060B4D2F1200284BF9A
:1092700003FA02F52843C2F100029CBF23FA02F56B
:10928000284360BC704701F1804212F5801F04DA68
:109290004FF000004FF00001704770B5FFF73AFD46
:1092A00049922480002001E06FEAE1700146704796
:1092B000C2154FEA002318BF43F000430ED4D2F189
:1092C000BE0215D323FA02F1B2F1200C2EBF23FA0D
:1092D0000CF0C2F1200C03FA0CF070474FEA400C7E
:1092E000BCF1FE4F04D24FF000004FF00001704778
:1092F00010B5FFF750FF00BF9224498000204FF0C7
:10930000000170476FEAE0700146704701000000FD
:109310000300000001000000000000000000000049
:10932000000000000000000000000000000000003D
:1093300082574B3C00000000000000000000803F0E
:1093400000000000000080BF0000803F000000001F
:10935000000000000000803F00000000000000004E
:109360000000803F86C9FCBF65A5793F0000803FB3
:1093700000000000000000000100000003000000E9
:1093800001000000000000000000000000000000DC
:1093900000000000000000000000000082574B3C6D
:1093A00000000000000000000000803F00000000FE
:1093B000000080BF0000803F0000000000000000AF
:1093C0000000803F00000000000000000000803F1F
:1093D000C1A8FCBF65A5793F0000803F00000000E8
:1093E0000000000001000000030000000100000078
:1093F000000000000000000000000000000000006D
:1094000000000000000000001B657D3C0000000023
:10941000000000000000803F00000000000080BF4E
:109420000000803F00000000000000000000803FBE
:1094300000000000000000000000803F1F85FBBF0F
:10944000F914783F0000803F000000000000000099
:109450000100000003000000010000000000000007
:1094600000000000000000000000000000000000FC
:1094700000000000FDD94F3D00000000000000008A
:109480000000803F00000000000080BF0000803F1F
:1094900000000000000000000000803F000000000D
:1094A000000000000000803FA323F1BFC004663F1E
:1094B0000000803F000000000000000001000000EC
:1094C0000300000001000000000000000000000098
:1094D000000000000000000000000000000000008C
:1094E000F3020C3E00000000000000000000803F7E
:1094F00000000000000080BF0000803F000000006E
:10950000000000000000803F00000000000000009C
:109510000000803F8885D2BF87FE393F0000803F32
:109520000000000000000000010000000300000037
:10953000010000000000000000000000000000002A
:109540000000000000000000000000004372723DB7
:1095500000000000000000000000803F000000004C
:10956000000080BF0000803F0000000000000000FD
:109570000000803F00000000000000000000803F6D
:10958000EE5ADABFD9B1613F0000803F0000000011
:1095900000000000010000000300000001000000C6
:1095A00000000000000000000000000000000000BB
:1095B000000000000000000024B4E53D00000000B1
:1095C000000000000000803F00000000000080BF9D
:1095D0000000803F00000000000000000000803F0D
:1095E00000000000000000000000803F1058B9BFDC
:1095F000F792463F0000803F00000000000000009E
:109600000100000003000000010000000000000055
:10961000000000000000000000000000000000004A
:109620000000000082725B3D0000000000000000AE
:109630000000803F00000000000080BF0000803F6D
:1096400000000000000000000000803F000000005B
:10965000000000000000803F2E90F0BFD191643FD9
:109660000000803F0000000000000000010000003A
:1096700003000000010000000000000000000000E6
:1096800000000000000000000000000000000000DA
:10969000BBD5A33E00000000000000000000803F9A
:1096A00000000000000080BF0000803F00000000BC
:1096B000000000000000803F0000000000000000EB
:1096C0000000803FBBD523BF8B54B83E0000803FD5
:1096D0000000000000000000010000000300000086
:1096E0000100000000000000000000000000000079
:1096F00000000000000000000000000032207B3E5F
:1097000000000000000000000000803F000000009A
:10971000000080BF0000803F00000000000000004B
:109720000000803F00000000000000000000803FBB
:1097300028D56EBF8F70023F0000803F0000000000
:109740000000000001000000030000000100000014
:109750000000000000000000000000000000000009
:1097600000000000000000000000803F000000003A
:10977000000000000000803F00000000000000002A
:109780000000803F00000000000000000000803F5B
:1097900000000000000000000000803F000000000A
:1097A000000000000000803F0000000000000000FA
:1097B00001000000030000000100000000000000A4
:1097C0000000000000000000000000000000000099
:1097D0000000000082574B3C000000000000000029
:1097E0000000803F0000803F000000000000803F3C
:1097F00000000000000000000000803F00000000AA
:10980000000000000000803F65A579BF0000000057
:109810000000803F00000000000000000100000088
:109820000300000001000000000000000000000034
:109830000000000000000000000000000000000028
:1098400082574B3C00000000000000000000803FF9
:109850000000803F000000000000803F000000008A
:10986000000000000000803F000000000000000039
:109870000000803F65A579BF000000000000803F28
:1098800000000000000000000100000003000000D4
:1098900001000000000000000000000000000000C7
:1098A000000000000000000000000000209AF93CC9
:1098B00000000000000000000000803F0000803F2A
:1098C000000000000000803F0000000000000000D9
:1098D0000000803F00000000000000000000803F0A
:1098E0003C6670BF000000000000803F00000000E8
:1098F0000000000001000000030000000100000063
:109900000000000000000000000000000000000057
:1099100000000000000000009F76383D00000000BD
:10992000000000000000803F0000803F00000000B9
:109930000000803F00000000000000000000803FA9
:1099400000000000000000000000803F2CF168BF14
:10995000000000000000803F000000000000000048
:1099600001000000030000000100000000000000F2
:1099700000000000000000000000000000000000E7
:10998000000000009CDFB03D00000000000000006F
:109990000000803F0000803F000000000000803F8A
:1099A00000000000000000000000803F00000000F8
:1099B000000000000000803FF7C753BF0000000018
:1099C0000000803F000000000000000001000000D7
:1099D0000300000001000000000000000000000083
:1099E0000000000000000000000000000000000077
:1099F00024B4E53D00000000000000000000803FAE
:109A00000000803F000000000000803F00000000D8
:109A1000000000000000803F000000000000000087
:109A20000000803FF79246BF000000000000803F2A
:109A30000000000000000000010000000300000022
:109A40000100000000000000000000000000000015
:109A50000000000000000000000000001B657D3CCD
:109A600000000000000000000000803F0000803F78
:109A7000000000000000803F000000000000000027
:109A80000000803F00000000000000000000803F58
:109A9000F91478BF000000000000803F00000000C3
:109AA00000000000010000000300000001000000B1
:109AB00000000000000000000000000000000000A6
:109AC0000000000000000000FA27183E000000001F
:109AD000000000000000803F0000803F0000000008
:109AE0000000803F00000000000000000000803FF8
:109AF00000000000000000000000803F5BEB33BF6F
:109B0000000000000000803F000000000000000096
:109B10000100000003000000010000000000000040
:109B20000000000000000000000000000000000035
:109B300000000000F3020C3E0000000000000000E6
:109B40000000803F0000803F000000000000803FD8
:109B500000000000000000000000803F0000000046
:109B6000000000000000803F87FE39BF00000000B9
:109B70000000803F00000000000000000100000025
:109B800003000000010000000300000001000000CD
:109B900003000000010000000000000000000000C1
:109BA00000000000000000000000000000000000B5
:109BB00000000000000000000000000000000000A5
:109BC0000000000000000000000000000000000095
:109BD000D9940BBE00000000000000000000803F90
:109BE00023DB81BF000000000000803F0000000078
:109BF000000000000000803FC65016BFF8537740B9
:109C00000000803F00000000000000000000803FD6
:109C1000CA3204C0AEB6E23F0000803F0000000040
:109C2000000000000000803F000000000000000075
:109C30000000803F410E6ABF000000000000803F2E
:109C400000000000000000000000803F2D43BCBF6A
:109C5000598B273F0000803F0000000000000000FB
:109C60000000803FF0BF6DBF5EF4353F0000803FD5
:109C700000000000000000000100000003000000E0
:109C800001000000030000000100000003000000CC
:109C900001000000000000000000000000000000C3
:109CA00000000000000000000000000000000000B4
:109CB00000000000000000000000000000000000A4
:109CC000000000000000000000000000882EE8BD39
:109CD00000000000000000000000803FA30184BFDE
:109CE000000000000000803F0000000000000000B5
:109CF0000000803FBB0F283FF24163400000803FDF
:109D000000000000000000000000803F6C78F2BFFF
:109D1000857C04400000803F00000000000000003F
:109D20000000803F00000000000000000000803FB5
:109D300049D764BF000000000000803F0000000021
:109D4000000000000000803F1FF49CBFBD3A073FA9
:109D50000000803F00000000000000000000803F85
:109D6000740CE8BEAA43163F0000803F00000000CC
:109D700000000000010000000300000001000000DE
:109D800003000000010000000000000000000000CF
:109D900000000000000000000000000000000000C3
:109DA00000000000000000000000000000000000B3
:109DB000EF554BBE00000000000000000000803F97
:109DC000448B84BF000000000000803F00000000C2
:109DD000000000000000803FD3DEA0BF40A485400B
:109DE0000000803F00000000000000000000803FF5
:109DF00000000000000000000000803F12F760BF7C
:109E0000000000000000803F000000000000000093
:109E10000000803FEFC993BFEE77103F0000803F06
:109E2000000000000000000001000000030000002E
:109E3000010000000300000001000000000000001D
:109E40000000000000000000000000000000000012
:109E50000000000000000000000000000000000002
:109E60000000000018CF80BE0000000000000000CD
:109E70000000803FD7128ABF000000000000803F32
:109E800000000000000000000000803F1AC0A33F57
:109E90007D3F65400000803F0000000000000000A2
:109EA0000000803F00000000000000000000803F34
:109EB000E3194CBF000000000000803F00000000DC
:109EC000000000000000803FEA3ED0BE4547923EC1
:109ED0000000803F000000000000000001000000C2
:109EE000030000000100000000000000000000006E
:109EF0000000000000000000000000000000000062
:109F0000A04F34BF00000000000000000000803FB0
:109F1000C66D9CBF000000000000803F00000000F4
:109F2000000000000000803F000000000000000072
:109F30000000803F43E25EBF000000000000803F61
:109F4000000000000000000001000000030000000D
:109F50000100000000000000000000000000000000
:109F60000000000000000000000000004A5E7DBF0D
:109F700000000000000000000000803F3B01F5BF32
:109F80003867343F0000803F000000000000000000
:109F90000000803F00000000000000000000803F43
:109FA000C6166ABF5DDC063E0000803F0000000070
:109FB000000000000100000003000000010000009C
:109FC0000000000000000000000000000000000091
:109FD0000000000000000000BC2270BF0000000074
:109FE000000000000000803F3B01F5BF3867343FB0
:109FF0000000803F00000000000000000000803FE3
:10A0000000000000000000000000803FC6166ABF8C
:10A010005DDC063E0000803F000000000000000004
:10A020000100000003000000010000000300000028
:10A03000010000000000000000000000000000001F
:10A040000000000000000000000000000000000010
:10A05000000000000000000000000000032680BE99
:10A0600000000000000000000000803FD7128ABFFF
:10A07000000000000000803F000000000000000021
:10A080000000803F1AC0A33F7D3F65400000803F35
:10A0900000000000000000000000803F0000000001
:10A0A000000000000000803FE3194CBF00000000EA
:10A0B0000000803F00000000000000000000803F22
:10A0C000EA3ED0BE4547923E0000803F00000000BF
:10A0D000000000000100000003000000010000007B
:10A0E0000000000000000000000000000000000070
:10A0F0000000000000000000F2B557BF00000000A3
:10A10000000000000000803F3B01F5BF3867343F8E
:10A110000000803F00000000000000000000803FC1
:10A1200000000000000000000000803FC6166ABF6B
:10A130005DDC063E0000803F0000000000000000E3
:10A14000010000000300000001000000000000000A
:10A1500000000000000000000000000000000000FF
:10A16000000000004D845DBF000000000000000002
:10A170000000803F3B01F5BF3867343F0000803F5F
:10A1800000000000000000000000803F0000000010
:10A19000000000000000803FC6166ABF5DDC063E7E
:10A1A0000000803F000000000000000000000000F0
:10A1B0000000000001020304060708090000000077
:10A1C0000102030402030405060708090A0B0C0D2B
:10A1D0000E0F10100102030405060708090A0B0CF4
:10A1E0000D0E0F10000000004FBB610567ACDD3F96
:10A1F000182D4454FB21E93F9BF681D20B73EF3FAE
:10A20000182D4454FB21F93FE2652F227F2B7A3C25
:10A21000075C143326A6813CBDCBF07A8807703CDE
:10A22000075C143326A6913CC4EB98999999C9BF51
:10A23000711623FEC671BCBF6D9A74AFF2B0B3BF86
:10A240009AFDDE522DDEADBF2F6C6A2C44B4A2BF46
:10A250000D5555555555D53FFF8300922449C23FB2
:10A260006E204CC5CD45B73F513DD0A0660DB13FE6
:10A27000EB0D76244B7BA93F11DA22E33AAD903FF8
:10A280000000000000000000A8A20008000000205C
:10A2900098010000C40100086CA300089801002088
:10A2A000587C00002002000861C320411379651B1F
:10A2B00008A9041AB5041AD5041301661B08590825
:10A2C0001A8504170403090412011402020216403D
:10A2D00083043F57260201020301031A1A031345A0
:10A2E000061B0841041A3D041A69041113127A1955
:10A2F0003311B210130A0632022A40181C09024315
:10A30000571125C03209041B01020B130524161036
:10A310000105240110090104240202052406170185
:10A3200007058203081C1009048D320A1D07050168
:10A3300002432C070581070938442A40072A810770
:10A34000112B0907440A3B04441361621408C161DC
:10A350001C086B63F8291F19101A47101A9104C1C1
:0CA360001A49181A3D041A55041A310459
:040000050800018965
:00000001FF
