:020000040800F2
:10000000107E0020A1020008835400083D4F000824
:10001000815400083B0600086780000800000000CB
:10002000000000000000000000000000CF580008A1
:100030000D2000080000000087580008D158000873
:10004000BB020008BB020008BB020008BB0200089C
:10005000BB020008BB020008BB020008BB0200088C
:10006000BB020008BB020008BB020008BB0200087C
:10007000BB020008BB020008BB020008BB0200086C
:10008000BB020008BB020008BB020008BB0200085C
:10009000BB020008BB020008BB020008BB0200084C
:1000A000BB020008D9590008055A0008315A000857
:1000B000BB020008BB020008BB020008BB0200082C
:1000C000BB020008BB020008BB020008BB0200081C
:1000D000BB020008BB020008BB020008BB0200080C
:1000E000BB020008BB020008BB020008BB020008FC
:1000F000BB020008BB020008000000000000000076
:100100000000000000000000BB020008BB02000865
:100110000000000000000000BB020008BB02000855
:10012000BB020008BB020008651F0008711F000821
:100130007D1F0008BB020008BB020008BB020008CC
:10014000BB020008000000000000000000000000EA
:10015000000000000000000000000000000000009F
:100160000000000000000000BB020008E17F000862
:10017000BB02000800000000BB02000800000000F5
:1001800000000000BB02000800F002F800F05EF87A
:100190000AA090E8000C82448344AAF10107DA45E2
:1001A00001D100F053F8AFF2090EBAE80F0013F0D6
:1001B000010F18BFFB1A43F0010318477CA400008D
:1001C0009CA400000A444FF0000C10F8013B13F00F
:1001D000070408BF10F8014B1D1108BF10F8015BA0
:1001E000641E05D010F8016B641E01F8016BF9D193
:1001F00013F0080F1EBF10F8014BAD1C0C1B09D1EA
:100200006D1E58BF01F801CBFAD505E014F8016B5B
:1002100001F8016B6D1EF9D59142D6D370470000ED
:100220000023002400250026103A28BF78C1FBD8FF
:10023000520728BF30C148BF0B6070471FB509F097
:10024000ECF900F0DAF81FBD10B510BD00F092F91E
:100250001146FFF7F3FF08F089FA00F0B0F903B494
:10026000FFF7F2FF03BC00F0B3F900000B49D1F82F
:1002700000C04A685CF8043B1068184442F8040B5C
:100280008C4528BFA1F1DC0C8A4228BFA1F1DC0219
:10029000C1F800C04A6020F000407047A8710020FB
:1002A0000948804709480047FEE7FEE7FEE7FEE70A
:1002B000FEE7FEE7FEE7FEE7FEE7FEE70448054946
:1002C000054A064B70470000715900088901000873
:1002D00010720020107E002010780020107800207E
:1002E00053EA020C00F069802DE9F04B4FF0000654
:1002F000002B1FBFB3FA83F503FA05F424FA05F6C1
:100300005E4012BF1643B2FA82F502FA05F4C5F157
:1003100020051EBF22FA05FC44EA0C04203556EAEB
:10032000044C4FEA144418BF641C4FF000084FF00F
:100330000009904271EB030C39D3002919BFB1FABF
:1003400081F701FA07F6B0FA80F700FA07F6C7F16D
:1003500020071EBF20FA07FC46EA0C062037B6FB32
:10036000F4FCA7EB0507103F07F01F0BCBF12006AD
:100370000CFA0BFB2CFA06F644BFB3460026202FDE
:10038000A4BF5E464FF0000B5BEA060C08BF4FF0BF
:10039000010B19EB0B09ABFB027C48EB0608C01BF9
:1003A00006FB02CC0BFB03CC71EB0C01C1E70B4647
:1003B000024641464846BDE8F08B13B54FF00000B9
:1003C0004FF00001AFF30080BDE81C407047000013
:1003D0000B4910B5A1F17C020A4CC2E93712372152
:1003E00006E000EB104342F82130074B00FB0340CE
:1003F0000B1EA1F10101F4DC10BD0120E8E70000B3
:1004000048710020E119D666CD0D0100032A40F2A3
:10041000308010F0030C00F0158011F8013BBCF1A6
:10042000020F624498BF11F801CB00F8013B38BFBE
:1004300011F8013BA2F1040298BF00F801CB38BFCC
:1004400000F8013B11F0030300F02580083AC0F0EA
:10045000088051F8043B083A51F804CBA0E8081092
:10046000F5E7121D5CBF51F8043B40F8043BAFF3C5
:100470000080D20724BF11F8013B11F801CB48BF1F
:1004800011F8012B24BF00F8013B00F801CB48BF55
:1004900000F8012B704710B5203AC0F00B80B1E88E
:1004A0001850203AA0E81850B1E81850A0E81850A9
:1004B000BFF4F5AF5FEA027C24BFB1E81850A0E8B2
:1004C000185044BF18C918C0BDE810405FEA827CCC
:1004D00024BF51F8043B40F8043B08BF7047D207E3
:1004E00028BF31F8023B48BF11F8012B28BF20F884
:1004F000023B48BF00F8012B70474FF0000200B5E7
:10050000134694469646203922BFA0E80C50A0E836
:100510000C50B1F12001BFF4F7AF090728BFA0E8E4
:100520000C5048BF0CC05DF804EB890028BF40F8B0
:10053000042B08BF704748BF20F8022B11F0804FF2
:1005400018BF00F8012B704770477047704710B50F
:1005500000F008F8006810BD10B5044600F002F87D
:10056000046010BD00487047B0710020004870471B
:10057000B07100207546FFF7F9FFAE4605006946E9
:10058000534620F00700854618B020B5FFF796FEC9
:10059000BDE820404FF000064FF000074FF0000884
:1005A0004FF0000B21F00701AC46ACE8C009ACE805
:1005B000C009ACE8C009ACE8C0098D46704710B569
:1005C0000446AFF300802046BDE81040FFF747BE69
:1005D00001491820ABBEFEE726000200704770B547
:1005E00004462068816811F0010F24D0816821F051
:1005F0000101816002F0F6F805462068806810F07D
:10060000010F18D002F0EEF8401B02280ED9206826
:10061000806810F0010F09D0A06A40F01000A062BD
:10062000E06A40F00100E062012070BD206880684F
:1006300010F0010FE6D1002070BDFEE700207047EA
:100640000020704710B500220449054806F035F82F
:100650000449034806F02BF8002010BDE46C00208C
:100660002C5F0020FC68002070B50E460546014650
:10067000084806F01CF8074805F0F8FF002404E0DD
:10068000295D0548641C01F0EAF83068A042F7D8FB
:10069000002070BD2C5F0020C03C00200A460949A4
:1006A00010B5D1F8B812D1F8141209B1012010BD5B
:1006B0000146044806F001F8BDE81040014806F084
:1006C00077B800002C5F002010B504462DED028B9A
:1006D000806A01F027FBB0EE408A84ED008AE06A70
:1006E00001F020FBE06901281BD0F0EE408A606B2E
:1006F000B0EE680A01F016FB84ED010A84ED028A6F
:10070000C4ED038A0021A06B01F0C4FBA06B90F83C
:100710002800C00702D0002000F0BEFBBDEC028B19
:1007200010BDF0EEC08AE2E7704710B504462DED2B
:10073000028BF0EE608A806A01F0F4FAA069012869
:100740003CD0B0EE408A206BB0EE480A01F0EAFAE5
:1007500084ED000AB0EE680AE06A01F0E3FAE069AD
:1007600001282ED0F0EE408A606BB0EE680A01F0EE
:10077000D9FA84ED010A84ED028AC4ED038A94ED6E
:10078000000A0021A06B01F085FB94ED010A012114
:10079000E06B01F07FFBA06B90F82800C00702D04F
:1007A000002000F079FBE06B90F82800C00702D031
:1007B000012000F071FBBDEC028B10BDB0EEC08AD1
:1007C000C1E7F0EEC08ACFE72DE9F04104462DEDF8
:1007D0000C8BB0EE608A806A01F0A4FAF0EE408AD9
:1007E000206B01F09FFAB0EE40AAB0EE480AE06A32
:1007F00001F098FAB0EE408A606B01F093FAB0EE27
:1008000040CA2AEE0A0A08EEA80A10EE100A08F0FA
:1008100093FE41EC100B07F0A3FE51EC100B08F017
:1008200029F92CEE0C0A206008EE080A10EE100AD6
:1008300008F082FE41EC100B07F092FE51EC100B19
:1008400008F018F96060C4ED028A84ED038A94ED23
:10085000000A0021A06B01F01DFB94ED010A0121AB
:10086000E06B01F017FBA06B002590F82800C00793
:1008700000D0012518EE900A08F05EFE41EC190B3D
:100880001AEE100A08F058FE41EC100BB0EE491AAF
:10089000F0EE691A07F06CFD51EC100B08F0EAF865
:1008A00009EE100A206A0127564E90ED520AD0ED4B
:1008B000568AB4EEC09AF1EE10FA01DA002577609C
:1008C0009FED51AB9FED52BBF4EEC08AF1EE10FAF2
:1008D00021D218EE900A08F02FFE53EC1A2B08F0E4
:1008E000FBF808F0C7F808EE900A7068400008F0BE
:1008F000F3FA53EC1B2B08F05FFB41EC1D0B19EED8
:10090000100A08F019FE53EC1D2B08F0E5F808F06A
:10091000B1F809EE100A4FF00008B4EEE89AF1EED3
:1009200010FA03DB002000F013FB05E025B10020E6
:1009300000F0B2FAC6F80480E06B002590F82800B9
:10094000C00700D0012518EE100A08F0F5FD41ECB3
:10095000180B1CEE100A08F0EFFD41EC100BB0EE86
:10096000481AF0EE681A07F003FD51EC100B08F07E
:1009700081F808EE900A206A90ED520A90ED568AAE
:10098000F4EEC08AF1EE10FA01DA0025B760B4EE99
:10099000C08AF1EE10FA21D218EE100A08F0CCFD50
:1009A00053EC1A2B08F098F808F064F808EE100AD7
:1009B000B068400008F090FA53EC1B2B08F0FCFAEA
:1009C00041EC190B18EE900A08F0B6FD53EC192B08
:1009D00008F082F808F04EF808EE900AF4EEC88AA3
:1009E000F1EE10FA06DB012000F0B2FABDEC0C8B40
:1009F000BDE8F081002DF9D0012000F04DFAC6F8D5
:100A00000880F3E700000020112D4454FB21194019
:100A1000112D4454FB21094010B504462DED028BE5
:100A2000F0EE608A806A01F07DF9A069012839D072
:100A3000B0EE408A206BB0EE480A01F073F984ED05
:100A4000000AB0EE680AE06A01F06CF9E06901287A
:100A50002BD0F0EE408A606BB0EE680A01F062F9CC
:100A600084ED010A84ED028AC4ED038A94ED000A44
:100A70000021A06B01F00EFA94ED010A0121E06B58
:100A800001F008FAA06B90F82800C00707D0E06BCF
:100A900090F82800C00702D0002000F0FDF9BDEC5E
:100AA000028B10BDB0EEC08AC4E7F0EEC08AD2E778
:100AB0002DE9FF5F9A46DDF83CB091460E460546AB
:100AC000002405EB4400418A21F400614182204664
:100AD00000F0ECF9C4EB0410C0EBC00005EB840798
:100AE0000AEBC003BB620E99C4EBC4020BEBC20855
:100AF00001EBC001C7F838803963288A052809D975
:100B000009EB4420D0F884200A2A03D250F8842F1D
:100B10001832026009EB4422184600F00FFB06EB86
:100B20008400D0F8E8C0D0F8D83050F8A82F016978
:100B30008DE80E1090ED160AD6E93E234046316846
:100B400001F078F90120641CB861022CB9DBD6E908
:100B50005012284600F0A6F82E62B6F8A400002134
:100B600080B22882E982082809D2DFE800F0040672
:100B70000F11131517190B4800E00B4868620B485A
:100B8000006804B0BDE8F05FFFF722BC0848F5E755
:100B90000848F3E70848F1E70848EFE70848EDE7B9
:100BA0000848EBE729070008AD0C0008282800409A
:100BB0002B070008C9060008190A0008C90B00081D
:100BC000FD0C0008C907000810B500F14801D1E983
:100BD00002325B1E42F1FF32C1E90232D94371EAAF
:100BE000020104D100F004F8002000F055F910BD16
:100BF0002DE9F04100F148042DED028B016A0988CE
:100C00008DB2FFF733FB00EE100ADFED180AD4E9CE
:100C10000060B8EEC00A801B60EE200A00EE100AE9
:100C2000B8EE400A20EE800A10EE100A08F03CFDF3
:100C3000361841F10007284608F065F99FED0C1BB6
:100C400053EC112B07F0F0FF41EC180B30463946FE
:100C500008F06CF953EC182B08F0AEF908F0E8FC3A
:100C6000C4E90201BDEC028BBDE8F0810000003058
:100C7000000000000000244000280DD1074841F288
:100C800087310268D162006801640549488820F410
:100C9000C05040F40050488070470000D806002043
:100CA0000C000020C0E91212FFF7A2BF10B50446E5
:100CB0002DED028B806A01F035F8A069012819D06A
:100CC000B0EE408A206BB0EE480A01F02BF884EDBC
:100CD000000A84ED028A0021A06B01F0DBF8A06B12
:100CE00090F82800C00702D0002000F0D5F8BDEC35
:100CF000028B10BDB0EEC08AE4E7000070B5044678
:100D00002DED048B806A01F00DF8B0EE408A206B67
:100D100001F008F8B0EE409A29EE090A08EE080A38
:100D200010EE100A08F008FC41EC100B07F018FC5C
:100D300051EC100B07F09EFE206084ED028A18EE45
:100D4000100A08F0F9FB41EC180B19EE100A08F034
:100D5000F3FB41EC100BB0EE481AF0EE681A07F006
:100D600007FB51EC100B07F085FE08EE900A18EE19
:100D7000900A08F0E1FB9FED2D1B53EC112B07F0BF
:100D800053FF9FED2C9B53EC192B08F015F953ECF6
:100D9000192B07F0A1FE07F06DFE6060E06094ED96
:100DA000000A0021A06B01F075F8A06B002590F8F7
:100DB0002800C00700D00125206A90ED529A90EDDE
:100DC000568AB4EEC98AF1EE10FA0DD218EE100A66
:100DD00008F0B2FB9FED191B53EC112B07F07CFEC2
:100DE00007F048FE08EE100A164C35B1F4EEC98A39
:100DF000F1EE10FA01DBC4ED008AD4ED000AB0EE8A
:100E0000680A07F0F9FDB4EEC80A84ED000AF1EEB5
:100E100010FA05DB002000F09BF8BDEC048B70BDE0
:100E2000002DFAD0002000F037F8F6E7112D4454D9
:100E3000FB21094000000000004CCD40112D44541E
:100E4000FB21194000000020028A4FF40061082AAB
:100E50000BD2DFE802F00A04060606040406806BE3
:100E600002E0826B9162C06B8162704700280ED1F4
:100E7000074841F287310268D16200684910016475
:100E80000449488820F4205040F48050488070473E
:100E9000D80600200C000020034900EBC00001EB45
:100EA000800000F06CBC0000185E00207CB504F0EF
:100EB0009BF904F0E5F9234800F00EFC21482430AA
:100EC000054600F009FC00231A461F491D4800F0A2
:100ED00053FB1D49012300224C31284600F04CFBF6
:100EE000FFF7C4F9194CD4F8D820D4F8E81000FB67
:100EF000012082B2B4F8B800B4F8C81080B289B248
:100F0000CDE9001034F8A80F83B2B4F8780081B2AC
:100F10000C4800F049FBFFF7A9F9626B616C00FB1C
:100F2000012082B2A08AA18C80B289B2CDE90010E2
:100F3000A08883B2B4F87C0081B2284600F034FB6C
:100F40007CBD0000185E002024070020C42800207B
:100F5000034900EBC00001EB800000F0A3BA0000E1
:100F6000185E002010B5002812D10A4842F20F7115
:100F70000268D1620068491001640021054803F04D
:100F800003FF0549488820F4405040F40060488041
:100F900010BD0000D80600200C00002010B500F5A0
:100FA0008053D3F8A040F4B1D3F89C4000EB840404
:100FB00004F5805464690C60D3F89C1000EB810048
:100FC00000F58050406D1060D3F89C00411C08294A
:100FD00001D2401C00E0C01F43F89C0F5868401E1F
:100FE0005860002010BD4FF0FF3010BD10B500F567
:100FF0008053D3F8944000EB840404F5805461617D
:10100000D3F8941000EB810000F580504265D3F8CE
:101010009400411C082901D2401C00E0C01F43F885
:10102000940FD868401CD860002010BD00B500F5B2
:101030008051002281F88020CA6F496FFFF7D6FFE8
:10104000002000BD30B500F5805241F21005D2F805
:10105000983000240B44AB4201D3C2F89840D2F838
:101060009830801C1844D167C2E91D04012482F81D
:1010700080405C18AC4203D3A1F5805110395C1854
:10108000C2F8984030BD10B500F58050D0E91E344C
:101090005A1CA34204D2446F82670020E15410BD61
:1010A00082674FF0FF3010BD00F58050002180F8BE
:1010B0008010816708467047A0F6887000F50050E0
:1010C00003C8081A70470146122832D012DC0529DD
:1010D00022D008DC40F20120012903D0022901D0EE
:1010E000032919D17047062918D0102919D01128C1
:1010F00012D11EE040290FD008DC142911D0152987
:1011000011D0202911D0212806D110E0412903D087
:10111000602910D083280CD00120704740F20220B3
:1011200070470620704721207047162070470E2018
:101130007047022070470520704700002DE9F74FE7
:10114000D2F8843081B0CC4DCC4905F6145205F567
:10115000EA7A05F5587905F2EC4605F5CF6B05F509
:10116000106E05F53D6705F2BC7CA2F51974222BC3
:1011700077D2DFE803F0112233445465778798A8CB
:10118000B0BE767676767676767676767676CDDEBE
:10119000F7F5F4F3F2F1F0EFB74A03234832A2F186
:1011A0002401009500F00EFEB3486C30032300F1DB
:1011B000480200F12401009059E1B14A0323A2F151
:1011C0002401CDF800A000F0FDFDAD48243003233C
:1011D00000F1480200F12401009048E1A94A0323EC
:1011E000A2F12401CDF8009000F0ECFDA5482430D8
:1011F000032300F1480200F12401009037E1A24AE4
:101200000323A2F12401009600F0DCFD9E48243067
:10121000032300F1480200F12401009027E19B4ADA
:101220000323A2F12401CDF800B000F0CBFD9748D4
:101230002430032300F1480200F12401009016E15C
:10124000934A0323A2F12401CDF800E000F0BAFD97
:101250008F482430032300F1480200F1240100905C
:1012600005E107E18B4A0323A2F12401009700F076
:10127000A9FD88482430032300F1480200F124012D
:101280000090F4E0844A0323A2F12401CDF800C0C9
:1012900000F098FD80482430032300F1480200F15B
:1012A00024010090E3E000927C4A0323A2F1240190
:1012B00000F088FD79482430032300F1480200F152
:1012C00024010090D3E072490323FC3101F148026C
:1012D0000091243119E00B882BB10A1D009201F511
:1012E0008272443111E06E4A0323A2F1240100947A
:1012F000BDE0B1F8C431002BF5D0604901F5E472CE
:10130000009201F5327201F5027100F05BFDEAE72F
:10131000594A03234832A2F12401009500F052FDFE
:101320005548D830072300F1A80200F1540100907D
:101330009DE0534A0323A2F12401CDF800A000F060
:1013400041FD4F489030052300F1780200F13C0147
:1013500000908CE07AE069E057E046E034E022E07B
:1013600011E0FFE7474A0323A2F12401CDF80090E2
:1013700000F028FD43489030052300F1780200F189
:101380003C01009073E0404A0323A2F1240100963F
:1013900000F018FD3C489030052300F1780200F180
:1013A0003C01009063E0394A0323A2F12401CDF807
:1013B00000B000F007FD35489030032300F14802EB
:1013C00000F12401009052E0314A0323A2F12401EC
:1013D000CDF800E000F0F6FC2D489030032300F13A
:1013E000480200F12401009041E02A4A0323A2F1BF
:1013F0002401009700F0E6FC26489030032300F11A
:10140000480200F12401009031E0234A0323A2F1B5
:101410002401CDF800C000F0D5FC1F489030032314
:1014200000F1480200F12401009020E000921B4AE4
:101430000323A2F1240100F0C5FC184890300323D7
:1014400000F1480200F12401009010E01449032348
:10145000B43901F148020091243100F0B3FC104886
:101460002430052300F1780200F13C01009002983D
:1014700000F0A8FCBDE8FF8F04970008A40100203D
:1014800020990008AC9A0008389C0008C49D000808
:101490004CA000081CA30008089F000860A40008D6
:1014A000FCA1000810B50446006803F037FA206874
:1014B0000168086A41F21112104207D1086A9210BD
:1014C000104203D1486C20F400404864204600F0EC
:1014D00021F9204600F09AF92020208110BD10B596
:1014E000018921F00101018100F0B0F810BD10B5B3
:1014F0000446006803F012FA208940F002002081BF
:101500002069B0F5803F01D34FF6FF702168C860B5
:10151000216800204861226861891268D1622168CF
:1015200009680863206803F044F9206800680169CD
:1015300021F01F0101612068BDE8104003F0AEB941
:10154000018941F0010101817047016809680A6958
:101550000B6923F01F030B61D10708D001898A07AB
:1015600003D4490707D5818B19B100F036B800F0D4
:101570009FB800F0EDB8704770B503840160044671
:10158000828001209040E0808020886120680025D2
:10159000056102F027FA42F21071B0FBF1F0216808
:1015A000401E4860658470BD30B5DDE9035481821A
:1015B0006D1E4583C38242814FF6FF71C183048350
:1015C000016883883425096805EB0313CC50016852
:1015D000CA6000680021416130BD10B50446006852
:1015E00003F09CF9208920F0020040F008002081DF
:1015F0002168A08AC860206803F0DBF82068A18811
:101600003422006802EB01110844E18A0160A088DD
:10161000012281002068006804F0FAFB206800685D
:10162000016921F01F01016120680068C168E2883A
:1016300041EA4201C160206803F030F9204600F021
:1016400017F8A08B401EA08310BD00004FF0904003
:10165000816941F080618161816941F0007181613E
:101660000248418821F00F01418070470C000020A2
:101670000D49D1F8A010012912D14FF09042916983
:1016800041F480619161094B018C588849B101296D
:1016900006D140F008005880906940F04000906109
:1016A000704740F00200F6E7C42800200C0000203C
:1016B00010B504460089002220F0080040F0100018
:1016C0002081A08881002068006804F0A1FB2046EA
:1016D00000F002F810BD00004FF09042916941F017
:1016E000806191610A4B018C588849B1012906D16A
:1016F000916941F48001916120F0080058807047A1
:10170000916941F48001916120F00200F6E7000048
:101710000C0000204FF09042916941F0806191618E
:101720000A4B018C588849B1012906D1916941F4CD
:101730008001916120F0080058807047916941F460
:101740008001916120F00200F6E700000C0000200B
:1017500010B50446006803F0E1F8A088002281007B
:101760002068006804F054FB208920F01C002081D0
:101770002046FFF7B1FF204600F048F810BD10B535
:101780000446408C08B318202189014223D141F03E
:1017900004002081204600F01FF8FEF767FD014697
:1017A0004FF6FF7091FBF0F200FB1211A28951433A
:1017B000B1FBF0F0618908182061618BA18320469C
:1017C00005D0BDE81040FFF792BE1A20DCE7BDE867
:1017D0001040FFF702BF10BD4FF090418A6942F4FC
:1017E00000728A618A6942F020028A61064A018C8D
:1017F000508829B1012902D140F00400508070477F
:1018000040F00100FAE700000C0000204FF090418A
:101810008A6942F000728A618A6942F400128A6120
:10182000064A018C508829B1012902D120F0040018
:101830005080704720F00100FAE700000C00002003
:1018400041F2A4031844FFF7A9BB41F2A4010844E4
:10185000FFF7ECBB41F2A4021044FFF714BC2DE9E2
:10186000F0410F4641F2A40100F5005480464618AD
:10187000D4F848014FF0FF35810536D54FF4845038
:10188000805D78B93846FFF71EFC002807DD384632
:10189000FFF719FC01463046FFF7D4FB02E0304663
:1018A000FFF702FC3046FFF707FC002809DD394648
:1018B0004046FFF7CFFF401C1ED13046FFF7F4FB38
:1018C0000EE03E2F09D03046FFF7EEFBD4F848017A
:1018D00020F40070C4F848010EE04046FFF7B5FF61
:1018E000D4F8480120F4007003E03C2F04D140F408
:1018F00000700025C4F848012846BDE8F0810000CA
:101900002DE9FC4104460078A04FA14A07F2047873
:1019100015287DD014DC9F4E9F4D102879D006DC11
:1019200001281ED002284DD006284AD15EE00021B1
:10193000012311286ED012286DD01428F5D1B7E0FC
:1019400094493839412867D006DC202865D0212801
:101950007AD04028E9D1FDE0602876D08328E4D110
:101960000DE14FF4FC72611C8A48FEF74FFD8B4B72
:10197000CDE90075A3F58062864903F69450FFF720
:1019800097F8FEF773FCD6F8D820D6F8E81000FBDD
:10199000012082B2B6F8B80081B2B6F8C80080B2B1
:1019A000CDE9000136F8A80F83B2B6F8780081B20D
:1019B0007748FFF7F9FD78487430FFF745FA00F0F3
:1019C00097F9DFE04FF40072611C7548FEF71EFDC9
:1019D000724BCDE90075724A6E4903F69450FFF7D9
:1019E00067F86D487430FFF72FFACBE060786D4BE5
:1019F000C0EB0011C1EBC010B4F8035023F8205025
:101A000003EB8006611DAA00301DFEF744FD05E0D2
:101A100060E01BE030E03DE0A0E069E004EB85071A
:101A200005EB450084007F1D06F14400224639463F
:101A3000FEF731FD05EB450007EB8001224606F578
:101A40008270FEF728FD9DE062E08BE062786946D7
:101A5000002023189B780B54401C0428F9DBC2EBB0
:101A6000C2009DED000A05EBC00080ED060AD0ED36
:101A7000070A20EE200A2AE0607828B14448C6F818
:101A8000A030FFF75DFD7DE04148C6F8A010FFF7EC
:101A900026FD77E0607828B1A8F816305384A2F8C4
:101AA00046306FE0A8F816105184A2F8461069E09D
:101AB00062786946002023189B780B54401C042848
:101AC000F9DB9DED000AC2EBC20005EBC00080ED22
:101AD000050A57E032481022611CC038FEF796FC18
:101AE0002F48102204F11101B038FEF78FFC49E0B5
:101AF0006178638801EBC10102EB81014B81E288CF
:101B00008A816289CA82E2898A82608A488339E04E
:101B100066782349A01C01EB46250268C5F88C2095
:101B20004168C5F884108068C5F88000C6EB0610CF
:101B3000C0EBC000194B07EBC0012A4603EBC00005
:101B4000FFF7FCFAD5F8840000B1012008EB86010C
:101B5000886117E0486840F0020001E06FF0020081
:101B600048600FE0D4F801000A21B0FBF1F000EE6C
:101B7000100A0D48B8EE400A80ED010A02E0044860
:101B8000FFF7FDFD0020BDE8FC8100005C35002072
:101B9000185E0020C4280020EC3B0020CC2E002042
:101BA000CC2A0020A40100200C0000200D4910B513
:101BB0008A684FF48073486900F58070904203D3BF
:101BC000B0FBF2F404FB120048611C3151E8000F35
:101BD000C01A41E80002002AF8D103490020087029
:101BE00010BD00008C2800200C00002038B5394DB5
:101BF000287870B101284BD0022809D13E208DF8F9
:101C0000000001216846FEF749FD002800D1287038
:101C100038BD30483C210C302F4B0170AD21417054
:101C2000996B2E4ADFED2E0A91ED050A10EE101A7F
:101C3000914201DDB0EE600A10EE101A4FF04744F9
:101C40009FED281AA14201D9B0EE410ABDEEC00AAB
:101C500010EE101A4180D96B91ED050A10EE101AA2
:101C6000914201DDB0EE600A10EE101AA14201D9D6
:101C7000B0EE410ABDEEC00A10EE101A8180154880
:101C800006210C30FEF70AFD0028C1D10120BEE775
:101C90001548406915494FF4807408442146FEF701
:101CA000FDFC0028B4D1104A0220287091685069C8
:101CB00000F58070884203D3B0FBF1F303FB110001
:101CC00050611C3252E8000F001B42E8000100295D
:101CD000F8D138BD0C000020603C002000FEFF461B
:101CE00000FEFF46000000C78C2800208C08002062
:101CF0000A4810B5D0F8A000094C0028A4F124002F
:101D000005D0FFF71DFC2046FFF71AFC10BDFFF7BA
:101D1000E6FB2046FFF7E3FB10BD0000C4280020CF
:101D20003C5E0020F0B5002246E002EB420100EBF1
:101D3000810400EB8205D4ED600AD0F84063D5F849
:101D40000013B0EE402A20EE800A8E46012356F89A
:101D5000227015E004EB830C04EB8106DCED600AD5
:101D600096ED001AD6ED301A491E60EE810A9CED00
:101D7000901A41EE610A30EE800A00D539445B1CAE
:101D80009F42E7DC0EF1010EC5F800E3D0F84013E6
:101D900051F82210714501DD714602E00021C5F8BD
:101DA000001304EB8101521C81ED002AD5F80013C9
:101DB00004EB810181ED300AD0F844139142B4DC88
:101DC000F0BD00002DE9F04F994693468A46002366
:101DD000DDF824E025E003EB430200219FED140A27
:101DE0000F4600EB83060BEB82050AEB820400EB47
:101DF000820C0CEB810205EB810882ED000A82ED7A
:101E0000300AC6F80073D8ED000A04EB8108C2ED71
:101E1000900AD8ED000A491CC2ED600A0329E8DBEC
:101E20005B1C4B45D7DBC0E9D0E9BDE8F08F000073
:101E300000000000F0B54A43DDE90754DDE905760E
:101E4000426201FB03F2026201FB07F34FF47A7274
:101E5000B3FBF2F3C36001FB06F3B3FBF2F30361E0
:101E600001FB05F36143B3FBF2F5B1FBF2F1C0E90D
:101E70000151B3FBF2F101600021C16280ED060A5D
:101E80009FED030A416380ED050A8162F0BD000009
:101E90000000000070B50446806A020556D50204B1
:101EA00054D4820446D4C20427D5656A636BAB421E
:101EB0003CDB226A15449D420CDD00EE902AF8EED0
:101EC000E00A80EE201A94ED070A31EE000A84ED54
:101ED000070A2BE094ED070AD4ED060A20F480509F
:101EE00040F4005020EE200A84ED050AA062002094
:101EF000E0620846FEF7C0FE18E0636A626B9A4231
:101F00000CDB20F480409FED160A40F4805084EDF5
:101F1000070AA0620846FEF7A9FF07E0420405D4BD
:101F200040F48040A0620846FFF71CF8606B401C3C
:101F300060630BE0D4ED050AC10709D0F4EEC00AD6
:101F4000F1EE10FA02DD20F00100A062A06A70BD7F
:101F5000F4EEC00AF1EE10FAF8D240F00100F4E716
:101F600000000000014800F051BA0000605E00204F
:101F7000014800F04BBA0000A45E0020014800F0C8
:101F800045BA0000E85E00200C4B01680C4A9942FB
:101F900009D20C4B1944A2FB0121090989000164F3
:101FA0000949C1637047094B1944A2FB0121090982
:101FB000890001640649C1637047000008040240BB
:101FC000CDCCCCCCF8FFFDBF00000240F8FBFDBF3C
:101FD0000004024010B490F840C0012404FA0CFC44
:101FE000C46BC4F804C0D0F800C0CCF80430436817
:101FF000102B05D0036899600068C26010BC704760
:1020000003689A600068C16010BC70477047FEE7C3
:1020100078B40024A446CDF800C090F82420012A0A
:1020200014D0012280F824204A681F25072A10D2E4
:1020300003685E6B521E02EB8202954026EA05059C
:102040000E6806FA02F22A435A631FE078BC0220A7
:1020500070470D2A0DD203681E6BD21F02EB82025D
:10206000954026EA05050E6806FA02F22A431A632D
:102070000CE00368DE6A0D3A02EB8202954026EA24
:1020800005050E6806FA02F22A43DA620A68072595
:102090000A2A0DD90368DE680A3A02EB420295402B
:1020A00026EA05058E6806FA02F22A43DA600BE09A
:1020B00003681E6902EB4202954026EA05058E6818
:1020C00006FA02F22A431A610A68102A04D0112A79
:1020D00002D0122A1AD01EE00268936843F400036B
:1020E00093600968102916D10D490E4A0968B1FBA1
:1020F000F2F101EB810149000091009959B1009979
:10210000491E009100990029F9D104E006490A68A6
:1021100042F080720A6080F824C0204678BC704784
:102120008000002040420F00000001402DE9F041F6
:10213000044600270025002C03D0A06A002618B111
:1021400008E00120BDE8F081E66284F824602046C2
:1021500000F07CF82046FEF742FA0146A06A10F033
:10216000100F00D139B1A06A40F01000A062012127
:102170000846BDE8F081A06A20F4885040F00200D3
:10218000A062E2696068237B104347EA430202438E
:10219000A068B0F5807F08D0012806D0002094F810
:1021A00014C0BCF1010F03D00BE04FF48070F6E7D0
:1021B000F3B1A36A43F02003A362E36A43F001038F
:1021C000E3622368D3F804C02CF4694C4CEA0000A5
:1021D000586020688368DFF86CC003EA0C0313437F
:1021E0008360A068B0F5807F09D0012807D009E09E
:1021F000A3695B1E40EA433040F40060E1E7208AB7
:10220000401E05052068C36A23F470032B43C36294
:10221000206880680C4B1840904207D1E662A06AA3
:1022200020F0020040F00100A062A1E7A06A20F0C7
:10223000020040F01000A062E06A40F00100E0629D
:10224000012195E7FDF7E1FFFE0E1FFF10B586B0F7
:10225000044614216846FEF750F911492068884267
:102260001BD11048816941F400718161816901F4D9
:1022700000710591416941F400314161406969464D
:1022800000F4003005900120009003200190002010
:1022900002904FF0904000F099F906B010BD000098
:1022A000002401400010024030B44379012B21D0BA
:1022B00001244471022303710368D3F800C040F67F
:1022C000FE7595402CEA050C0D684968294391403C
:1022D00041EA0C01196001680B684FF0C00C0CFA60
:1022E00002F223EA02020A6004710021417130BC4B
:1022F0000020704730BC0220704770B50446002CA7
:1023000003D02079002510B105E0012070BD657172
:10231000204600F007F8022020712561012020717D
:10232000002070BD10B586B0044614216846FEF743
:10233000E4F81149206888421BD11048C16941F076
:102340000051C161C16901F000510591416941F439
:10235000003141614069694600F400300590102069
:10236000009003200190002002904FF0904000F078
:102370002DF906B010BD00000074004000100240AE
:1023800081B0D0F800C0CDF800C00068002910442A
:1023900006D01430009000980360002001B0704710
:1023A00008300090F7E710B44279012A15D00123D4
:1023B0004371022202710268D2F800C003FA01F4EC
:1023C0004CEA040CC2F800C051B101680A684FF42D
:1023D000701C3CEA02020FD012E010BC02207047D1
:1023E00001680A684FF03C0C3CEA020208D14A68D6
:1023F00042F001024A6003E04A6842F002024A6089
:1024000003710021417110BC00207047F0B4C16B12
:102410000A6801680B68D0F840C0042404FA0CF57F
:10242000154215D013F0040F12D00A6812F0200FD5
:1024300003D10A6822F004020A6090F84010C26BCF
:1024400004FA01F15160C16A002941D0F0BC08478B
:10245000022505FA0CF414424FF000064FF0010477
:1024600019D013F0020F16D00A6812F0200F05D110
:102470000A6822F00A020A6080F8214090F84010B1
:10248000C26B05FA01F1516080F82060816A002971
:102490001ED0F0BC0847082505FA0CFC1CEA020F08
:1024A00016D013F0080F13D00A6822F00E020A604B
:1024B00090F84010C26B04FA01F15160846380F817
:1024C000214080F82060016B002901D0F0BC084752
:1024D000F0BC704710B50446002C22D0022084F8CE
:1024E0002100206801686FF30D11A3686268D4F8B9
:1024F00010C01A43E36843EA0C031A4363691A43A2
:10250000A3691A43E3691A43114301602046FFF7A8
:102510003BFD0020A063012184F8211084F82000F5
:1025200010BD012010BD70B50446002594F82000B0
:1025300001280DD0012084F8200094F821C000204B
:10254000BCF1010F06D084F820000225284670BD9A
:10255000022070BD4FF0020C84F821C0A0632068F7
:10256000D0F800C02CF0010CC0F800C02046FFF7E6
:1025700031FDE06A28B12068016841F00E01016078
:1025800009E02068016841F00A01016020680168E3
:1025900021F0040101602068016841F0010101603F
:1025A000D4E7000070B5044600F01CF90546B4F10C
:1025B000FF3F02D004480078044400F013F9401BA8
:1025C000A042FAD370BD0000840000202DE9F84F2E
:1025D00000220B68002B7CD0DFF8F0A1DFF8E89137
:1025E0004FF0010E03274FF00F080AF1040B0B68A0
:1025F0000EFA02F42340002B6CD091F804C00CF0CA
:10260000030CBCF1010F02D0BCF1020F18D1856898
:102610004FEA420C07FA0CF6B543CE6806FA0CFCFA
:102620004CEA050CC0F808C0D0F804C02CEA040C31
:102630000C79C4F30014944044EA0C0CC0F804C0B4
:10264000D1F804C037EA0C0C0CD0C4684FEA420C35
:1026500007FA0CF5AC438D6805FA0CFC4CEA040C47
:10266000C0F80CC091F804C00CF0030CBCF1020FD0
:1026700012D14FEAD20C00EB8C04256A4FEA427C5F
:102680004FEADC6C08FA0CF6B5430E6906FA0CFC4E
:102690004CEA050CC4F820C004684FEA420C07FA63
:1026A0000CF5AC430D7905F0030505FA0CFC4CEA7A
:1026B000040CC0F800C0D1F804C01CF4403F6DD039
:1026C000D9F818C04CF0010CC9F818C0D9F818C0D6
:1026D00001E068E062E00CF0010CCDF800C022F0EF
:1026E000030C0CF1804505F58035D5F808C094073A
:1026F000240F08FA04F62CEA0606B0F1904F57D0E2
:10270000A0F1904CBCF5806C4FD0A0F1904CBCF582
:10271000006C50D0A0F1904CBCF5406C4ED0A0F1B4
:10272000904CBCF5805C4CD04FF0050C0CFA04FCCE
:102730004CEA060CC5F808C0DAF800C02CEA030C15
:102740004C6814F4803F01D04CEA030CCAF800C076
:10275000DBF800C02CEA030C4C6814F4003F01D0F5
:102760004CEA030CCBF800C0194CD4F800C02CEA9A
:10277000030C4D6815F4801F01D04CEA030CC4F81B
:1027800000C0144CD4F800C02CEA030C4D6815F4BA
:10279000001F01D04CEA030CC4F800C0521C0B68A7
:1027A000D3407FF424AFBDE8F88F4FF0010CBDE7B4
:1027B0004FF0000CBAE74FF0020CB7E74FF0030CF4
:1027C000B4E74FF0040CB1E70010024000040140F0
:1027D000080401400C040140002A01D081617047C7
:1027E00081627047014880687047000084000020C3
:1027F00090F84120202A01D00220704790F8402014
:10280000012A20D0012280F84020242280F8412093
:102810000268136823F0010313600268136823F44D
:1028200080531360026813681943116001680A68D5
:1028300042F001020A60202180F84110002180F856
:102840004010002070470220704790F84120202A55
:1028500001D00220704790F84020012A1ED00122AA
:1028600080F84020242280F841200268136823F079
:10287000010313600268136823F4706343EA0121C3
:10288000116001680A6842F001020A60202180F8A4
:102890004110002180F8401000207047022070474E
:1028A00070B50446002C04D094F84100002510B106
:1028B00006E0012070BD84F84050204600F050F83A
:1028C000242084F841002068016821F001010160A2
:1028D0006068216820F0706008612068816821F4D8
:1028E00000418160E068012808D0A068216840F4B8
:1028F00004408860E068022806D009E0A0682168EA
:1029000040F400408860F5E721684FF400604860BB
:102910002068416841F4004141F000714160206845
:10292000C16821F40041C160616920690843A1695F
:1029300040EA01202168C860216AE06908432168F3
:1029400008602068016841F0010101606564202091
:1029500084F84100256384F84250002070BD0000D7
:1029600010B586B0044614216846FDF7C6FD13492C
:10297000206888421FD1124C606940F48020606159
:102980006069694600F4802005904FF44070009023
:102990001220019001200290032003900420049053
:1029A0000848FFF713FEE06940F40010E061E069B9
:1029B00000F40010059006B010BD00000054004067
:1029C0000010024000040048024881680278114467
:1029D000816070478400002010B50748016841F00D
:1029E00010010160032000F085F8002000F006F8D7
:1029F00000F026F8002010BD0020024070B504460B
:102A00000D4D4FF47A712878B1FBF0F00B4909684D
:102A1000B1FBF0F001F03EFE08B1012070BD102CBA
:102A200007D200222146501E00F030F86C600020D2
:102A300070BD012070BD00008400002080000020D7
:102A40000A4882B0816941F001018161816901F028
:102A500001010091C16941F08051C161C06900F07C
:102A600080500090052002B000F044B800100240F1
:102A700000280ADB00F01F01012202FA01F14009DF
:102A8000800000F1E020C0F80011704710B4184B2E
:102A90001B68C3F30223C3F1070CBCF1040F01D977
:102AA0004FF0040C1C1D072C01D2002300E0DB1E9C
:102AB000012404FA0CFCACF1010C0CEA0101994070
:102AC00004FA03F35B1E1A401143002806DB00F1F1
:102AD000E020090180F8001410BC704700F00F00DE
:102AE00000F1E020090180F8141D10BC70470000BF
:102AF0000CED00E000F00700064A11684FF6FF03F6
:102B0000194041EA002040F0FD7040F08060106004
:102B1000704700000CED00E011F0800F07D001F0CD
:102B2000070101EB810100EBC100283005E001EB5A
:102B3000810100EBC10000F5B47099B232B10122FD
:102B400002730181190C4181002070470022027339
:102B5000C180F9E7704701EB810200EBC202D0F8B7
:102B6000E802D26B04F084B801EB810200EBC202F0
:102B7000D0F8E802D2F87C2104F0E5B870B504463C
:102B800011F0800F01F0070000EB800104EBC101A0
:102B90004FF001024FF0000502D028314A7002E0E8
:102BA00001F5B4714D70087094F8A802012808D09E
:102BB00084F8A822206804F0E1FD84F8A8520020DF
:102BC00070BD022070BD70B5044601F00F00626850
:102BD000904201D9012070BD11F0800F01F0070073
:102BE00000EB800104EBC1014FF001024FF0000542
:102BF00002D028314A7002E001F5B4714D708D7039
:102C0000087094F8A802012808D084F8A822206847
:102C100004F08CFE84F8A852002070BD022070BD24
:102C20002DE9F0470B78D1F818C0046812F4804FF2
:102C30004FF0000848F2800748F2C0054FF4806664
:102C40003DD0B4F850904FF0020A0AEBC30AD144C9
:102C500006EB4906A45BC4F30904A44504D3ACEB1A
:102C6000040CC1F818C001E0C1F81880D1F818C0F0
:102C7000BCF1000F0CD1D0F800C03CF8236026F066
:102C8000700626F4804686F400563E432CF82360F6
:102C900012F0400F0BD00B78026832F823C02CF0F2
:102CA000700C2CF4E04C4CEA050C22F823C0ECB379
:102CB0000A8949690068234605F09BF93EE0B4F8AB
:102CC00050904FF0060A0AEBC30AD14406EB4906BE
:102CD000A45BC4F30904A44504D3ACEB040CC1F811
:102CE00018C001E0C1F81880D1F818C0BCF1000F7D
:102CF0000CD1D0F800C03CF8236026F0700626F412
:102D0000804686F400563E432CF8236012F0400FB4
:102D10000BD10B78026832F823C02CF0700C2CF425
:102D2000E04C4CEA050C22F823C000E006E02CB190
:102D30004A8949690068234605F05BF92046BDE8E9
:102D4000F0872DE9F05F05460C4616462178A2690A
:102D5000286816F0400F4CF280074FF6FF734FF4CF
:102D6000806E4FF002094FF006084FF0000C7CD047
:102D7000B0F850B009EBC10AD3440EEB4B0B30F85E
:102D80000B00C0F30900824202D9121AA26101E0CD
:102D9000C4F818C0A26992B116F4804F09D02A680D
:102DA00032F8216026F0700626F4E0463E4322F811
:102DB000216094F82410012958D000F085B960787A
:102DC00010B1012811D018E02868B0F8501008445C
:102DD00000EB4A0000F58060018821F4F841018091
:102DE000018841F40041018007E02868B0F85010E4
:102DF000084400EB4A00A0F800C42868617811B1CB
:102E0000012913D01CE0B0F850100844217808EBD9
:102E1000C10100EB410000F58060018821F4F84118
:102E20000180018841F40041018009E0B0F85010B0
:102E30000844217808EBC10100EB4100A0F800C470
:102E400021782846FFF787FE16F4804F00F03C817A
:102E50002078296831F8202022F0700222F4E04224
:102E60003A4321F8202000F02FB958E0616901446D
:102E70006161E1690144E1612269216A914203D300
:102E80001046091A216205E049B184F824C00846B9
:102E9000C4F820C0617829B101292ED038E084F827
:102EA00024C0F7E72968B1F850201144227809EBD3
:102EB000C20201EB420101F5806150B13E2811D8F8
:102EC000420810F0010F00D0521C03EA82220A804F
:102ED0001EE00A8822F4F8420A800A8842F400427E
:102EE0000A8015E0420910F01F0F00D1521E4FF466
:102EF000004343EA82220A800AE02968B1F85020A0
:102F00001144227809EBC20201EB4201A1F800044E
:102F100083B222896169286805F090F8D4E0B0F89E
:102F200050A008EBC10BDA440EEB4A0A30F80A0055
:102F3000C0F30900824202D3121AA26101E0C4F870
:102F400018C0A2691AB116F4804F58D061E06078B9
:102F500010B1012813D01CE02868B0F850201044AC
:102F600009EBC10100EB410000F58060018821F40C
:102F7000F8410180018841F40041018009E028689E
:102F8000B0F85020104409EBC10100EB4100A0F85B
:102F900000C42868617811B1012913D01CE0B0F891
:102FA00050100844217808EBC10100EB410000F506
:102FB0008060018821F4F8410180018841F40041DA
:102FC000018009E0B0F850100844217808EBC101F5
:102FD00000EB4100A0F800C421782846FFF7BBFDB4
:102FE00016F4804F70D12178286830F8212022F023
:102FF000700222F4E0423A4320F8212064E02A687B
:1030000032F8216026F0700626F4E0463E4322F8AE
:10301000216094F82410012956D16169014461614D
:10302000E1690144E1612269216A914203D31046BA
:10303000091A216205E051B10846C4F820C084F89D
:1030400024C0296862782AB1012A2DD036E084F89C
:1030500024C0F6E7B1F850201144227808EBC202F0
:1030600001EB420101F5806150B13E2811D84208C0
:1030700010F0010F00D0521C03EA82220A801DE0EA
:103080000A8822F4F8420A800A8842F400420A8040
:1030900014E0420910F01F0F00D1521E4FF40043FC
:1030A00043EA82220A8009E0B1F8502011442278D4
:1030B00008EBC20201EB4201A1F8000483B262896D
:1030C0006169286804F0BAFF2078296831F8202067
:1030D00022F4415222F4804282F0100282F0200257
:1030E00048F280031A4321F820200020BDE8F09F19
:1030F00001F0070101EB810100EBC100D0F8840170
:10310000704770B5044611F0800F01F0070000EB26
:10311000800104EBC1014FF0010C4FF0000503D01A
:10312000283181F801C002E001F5B4714D700870DA
:103130000A61CB704A7802B1C881022B00D10D71AF
:1031400094F8A802012808D084F8A8C2206804F0E6
:1031500083F9284684F8A85270BD022070BD10B5CE
:1031600001F0070C0CEB8C0100EBC10101F5B4710F
:103170004A618B610022CA614A7081F800C0BCF1CB
:10318000000F04D0006804F03DFC002010BD006872
:1031900004F038FCF9E770B5044601F007006268F6
:1031A000904201D9012070BD11F0800F4FF0000551
:1031B0004FF0010206D000EB800104EBC101283181
:1031C0004A7006E001EB810104EBC10101F5B47125
:1031D0004D708A70087094F8A802012808D084F80D
:1031E000A822206804F0EFFB84F8A852002070BDEC
:1031F000022070BD10B501F0070C0CEB8C0100EB48
:10320000C10128314A618B61012281F824200B62BF
:103210000023CB614A7081F800C0BCF1000F04D0DC
:10322000006804F0EFFB002010BD006804F0EAFB2A
:10323000F9E710B50446206804F0D8FE10F4004FFA
:1032400002D0204602F01EF9206804F0CFFE10F4F0
:10325000806F0DD02068B0F8441021F48061A0F890
:103260004410204600F00CF90021204600F023F91C
:10327000206804F0BBFE10F4804F06D02068B0F840
:10328000441021F48041A0F84410206804F0AEFE00
:1032900010F4005F06D02068B0F8441021F400510B
:1032A000A0F84410206804F0A1FE10F4805F17D04D
:1032B0002068B0F8401021F00401A0F84010206808
:1032C000B0F8401021F00801A0F84010204600F0AE
:1032D000EAF82068B0F8441021F48051A0F84410B6
:1032E000206804F083FE10F4006F17D02068B0F857
:1032F000401041F00801A0F840102068B0F84410D8
:1033000021F40061A0F844102068B0F8401041F0AA
:103310000401A0F84010204600F002F9206804F0F3
:1033200065FE10F4007F09D02068B0F8441021F445
:103330000071A0F84410204600F0B9F8206804F0AD
:1033400055FE10F4807F06D02068B0F8441021F4B8
:103350008071A0F8441010BD70B586B00446002CF2
:1033600004D094F8A902002518B107E006B00120A6
:1033700070BD84F8A852204600F048F8032084F875
:10338000A902206804F0CAFA00216068012600281A
:1033900012D901EB810004EBC00080F8296080F8AD
:1033A0002810C18680F82B508563C5630564481CCE
:1033B000C1B260688842ECD800216068002814D946
:1033C00001EB810004EBC00080F8695180F86811BE
:1033D00080F86B51C0F87851C0F87C51C0F880512A
:1033E000481CC1B260688842EAD804F1100090E835
:1033F0000F108DE80F1094E80F0004F083FA84F8A2
:10340000245084F8A96206B0002070BD10B586B0C3
:10341000044614216846FDF770F817492068884271
:1034200028D1164C606940F40030606160696946DB
:1034300000F4003005904FF4C0500090022001903D
:1034400000200290032003900E2004904FF0904043
:10345000FFF7BCF8E06940F40000E061E069002299
:1034600000F40000059011464B20FFF70FFB4B20A6
:10347000FFF7FEFA06B010BD005C004000100240ED
:1034800070B5044680680125022801D0FEF7BFFD13
:103490002946D4F8E80203F043FDD4F8E802BDE879
:1034A000704003F0FEBCD0F8E80203F023BDD0F872
:1034B000E80203F029BD10B5044694F8A8020128DB
:1034C0000BD0012084F8A80284F82410206804F0AE
:1034D000AEFD002084F8A80210BD022010BDD0F877
:1034E000E82200F52C71104603F026BD10B5044605
:1034F00094F8A802012810D0012084F8A8022068BE
:1035000004F065FD01212046FFF724FB206804F04C
:10351000F7F9002084F8A80210BD022010BD0000B9
:1035200010B50446D0F8E80203F047FDA069002872
:1035300004D00348016841F00601016010BD00009D
:1035400010ED00E081B00749CA6942F08052CA61BB
:10355000C96901F08051009103490A68104308606D
:1035600001B0704700100240007000402DE9F84F94
:103570000446002620688A4D10F4803F70D0E86928
:1035800010F0805F08D1E86940F08050E861E86998
:1035900000F0805000900126824F386810F4807F40
:1035A00017D1386840F480703860FFF71BF9804607
:1035B000386810F4807F0CD1FFF714F9A0EB0800F5
:1035C000642802D90320BDE8F88F386810F4807FA2
:1035D000F2D0286A00F44070002878D0A18801F465
:1035E0004071814273D0286A20F440704FF48031DA
:1035F00091FAA1F2B2FA82F2920002F1844202F54B
:1036000084024FF00109C2F8009491FAA1F100225E
:10361000B1FA81F1890001F1844101F58401C1F819
:103620000024286210F0010F51D0FFF7DBF80746A5
:103630004FF0020898FAA8F0B0FA80F040F040008D
:10364000B9EB501F01D128680CE098FAA8F0B0FA45
:1036500080F040F04000B8EB501F02D1286A01E032
:1036600041E0686A98FAA8F1B1FA81F101F01F010E
:1036700009FA01F108422AD141F2883AFFF7B2F87B
:10368000C01B504502D90320BDE8F88F98FAA8F076
:10369000B0FA80F040F04000B9EB501F01D128682B
:1036A0000BE098FAA8F0B0FA80F040F04000B8EBD8
:1036B000501F01D1286A00E0686A98FAA8F1B1FAAF
:1036C00081F101F01F0109FA01F10842D6D0286A00
:1036D000616820F4407008432862012E03D1E86934
:1036E00020F08050E861207810F0010F05D0286BA1
:1036F000A16820F0030008432863207810F0020F2F
:1037000005D0286BE16820F4403008432863207816
:1037100010F0040F05D0286B216920F440200843E5
:103720002863207810F0200F05D0286B616920F005
:10373000100008432863206810F4003F05D0686833
:10374000A16A20F4800008436860207810F0400FE0
:1037500005D0286BA16920F0200008432863207859
:1037600010F0800F05D06868E16920F440400843FC
:103770006860208810F4006F05D06868216A20F026
:10378000784008436860208810F4806F05D0286B6B
:10379000616A20F04000084328630020BDE8F88FEC
:1037A00000100240007000402DE9F04704460D462D
:1037B000002C17D0DFF8B481D8F8000000F0070023
:1037C000A84212D2D8F8000020F007002843C8F819
:1037D0000000D8F8000000F00700A84205D0012042
:1037E000BDE8F0870120BDE8F0872078604E10F03A
:1037F000020F05D07068A16820F0F00008437060E7
:10380000207810F0010F6FD06068012201280CD0E1
:10381000022823D0022393FAA3F1B1FA81F141F0F7
:103820002001490933D0316832E04FF4003393FA74
:10383000A3F1B1FA81F141F02001490901D03168C9
:1038400000E0716A93FAA3F3B3FA83F303F01F0362
:103850009A40114228D10120BDE8F0874FF0007353
:1038600093FAA3F1B1FA81F141F02001490901D0A5
:10387000316800E0716A93FAA3F3B3FA83F303F0BB
:103880001F039A4011420FD10120BDE8F087716AF1
:1038900093FAA3F3B3FA83F303F01F039A401142A0
:1038A00002D10120BDE8F087716821F003010843CF
:1038B0007060FEF797FF07467068616800F00C00C3
:1038C000B0EB810F10D041F28839FEF78BFFC01B9F
:1038D000484502D90320BDE8F0877068616800F0B0
:1038E0000C00B0EB810FF0D1D8F8000000F0070019
:1038F000A8420FD9D8F8000020F007002843C8F8E4
:103900000000D8F8000000F00700A84202D0012013
:10391000BDE8F087207810F0040F05D07068E168EA
:1039200020F4E06008437060207810F0080F06D0A3
:103930007068216920F4605040EAC100706000F0B6
:1039400051F87168F02292FAA2F201F0F001B2FA95
:1039500082F2D140074A515CC840074908600748D5
:103960000068FFF74BF80020BDE8F0870020024018
:10397000001002405CA500088000002088000020A4
:1039800001480068704700008000002000B5FFF784
:10399000F7FF074949684FF4E06292FAA2F201F496
:1039A000E061B2FA82F2D140024A515CC84000BDE7
:1039B000001002406CA5000800B5FFF7E1FF0749C1
:1039C00049684FF4605292FAA2F201F46051B2FADF
:1039D00082F2D140024A515CC84000BD0010024052
:1039E0006CA5000810B5194B5968194801F00C0274
:1039F000042A02D0082A01D0164810BD4FF4701CCA
:103A00009CFAACFC01F47012BCFA8CFC22FA0CF2A9
:103A1000DFF844C01CF80240DA6A0F2393FAA3F3DC
:103A200002F00F02B3FA83F3DA400CF110039A5C50
:103A300011F4803F06D000231946FCF751FCA0FB8F
:103A4000040110BD0548A4FB000110BD0010024098
:103A5000001BB70000127A0074A5000800093D00A1
:103A60002DE9F84F0446002C12D02078FA4D10F0C2
:103A7000010F4FF001067DD06868770400F00C005C
:103A800004280CD0686800F00C00082803D021E05E
:103A90000120BDE8F88F686810F4803F1AD097FACB
:103AA000A7F0B0FA80F040F02000400901D028686B
:103AB00000E0686A97FAA7F1B1FA81F101F01F01FD
:103AC00006FA01F1084255D06068002852D1012061
:103AD000BDE8F88F6068B0F5803F20D020B3B0F526
:103AE000A02F2AD0286820F480302860286820F48D
:103AF00080202860E86AA16820F00F000843E8628F
:103B00006068C0B3FEF76EFE804697FAA7F0B0FA81
:103B100080F040F02000400918D0286817E028689D
:103B200040F480302860E5E7286820F48030286081
:103B3000286820F480202860DCE7286840F4802092
:103B40002860286840F480302860D3E7686A97FAD4
:103B5000A7F1B1FA81F101F01F0106FA01F1084263
:103B600056D1FEF73FFEA0EB0800642804D90320DD
:103B7000BDE8F88F4CE015E097FAA7F0B0FA80F0B6
:103B800040F02000400901D0286800E0686A97FAF8
:103B9000A7F1B1FA81F101F01F0106FA01F1084223
:103BA000DFD035E0FEF71EFE804697FAA7F0B0FAA8
:103BB00080F040F02000400901D0286800E0686AE9
:103BC00097FAA7F1B1FA81F101F01F0106FA01F1AC
:103BD00008421DD0FEF706FEA0EB0800642802D9BB
:103BE0000320BDE8F88F97FAA7F0B0FA80F040F014
:103BF0002000400901D0286800E0686A97FAA7F120
:103C0000B1FA81F101F01F0106FA01F10842E1D198
:103C100020784FF0000910F0020F4FF002074ED04D
:103C200068684FF0F80A10F00C0F21D0686800F0B7
:103C30000C00082803D1686810F4803F18D0206970
:103C400088B396FAA6F0B0FA80F0800000F18440C4
:103C500000F584000660FEF7C5FD804697FAA7F0E0
:103C6000B0FA80F040F02000400929D0286828E010
:103C700097FAA7F0B0FA80F040F02000400901D098
:103C8000286800E0686A97FAA7F1B1FA81F101F0BB
:103C90001F0106FA01F1084206D02069012803D06D
:103CA0000120BDE8F88F40E028689AFAAAF261691D
:103CB000B2FA82F220F0F80091400843286075E0E3
:103CC000686A97FAA7F1B1FA81F101F01F0106FACB
:103CD00001F108421DD1FEF785FDA0EB0800022886
:103CE00002D90320BDE8F88F97FAA7F0B0FA80F068
:103CF00040F02000400901D0286800E0686A97FA87
:103D0000A7F1B1FA81F101F01F0106FA01F10842B1
:103D1000E1D028689AFAAAF220F0F8016069B2FAB4
:103D200082F290400843286040E096FAA6F0B0FA8C
:103D300080F0800000F1844000F58400C0F800901D
:103D4000FEF750FD804697FAA7F0B0FA80F040F0F9
:103D50002000400901D0286800E0686A97FAA7F1BE
:103D6000B1FA81F101F01F0106FA01F108421DD0FC
:103D7000FEF738FDA0EB0800022802D90320BDE8B9
:103D8000F88F97FAA7F0B0FA80F040F020004009D1
:103D900001D0286800E0686A97FAA7F1B1FA81F1CA
:103DA00001F01F0106FA01F10842E1D1207810F07C
:103DB000080F5ED0A069B8B396FAA6F0B0FA80F00A
:103DC000800000F1844000F58400C0F88064FEF7B4
:103DD00009FD804697FAA7F0B0FA80F040F0600045
:103DE000B6EB501F01D128680BE097FAA7F0B0FAA4
:103DF00080F040F06000B7EB501F01D1286A00E06E
:103E0000686A97FAA7F1B1FA81F101F01F0106FA89
:103E100001F108422DD1FEF7E5FCA0EB08000228D5
:103E200003D90320BDE8F88F24E097FAA7F0B0FA91
:103E300080F040F06000B6EB501F01D128680EE022
:103E400097FAA7F0B0FA80F040F06000B7EB501F8F
:103E500004D1286A03E0000000100240686A97FA63
:103E6000A7F1B1FA81F101F01F0106FA01F1084250
:103E7000D1D058E096FAA6F0B0FA80F0800000F1B8
:103E8000844000F58400C0F88094FEF7ABFC8046C7
:103E900097FAA7F0B0FA80F040F06000B6EB501F40
:103EA00001D128680BE097FAA7F0B0FA80F040F053
:103EB0006000B7EB501F01D1286A00E0686A97FAEA
:103EC000A7F1B1FA81F101F01F0106FA01F10842F0
:103ED00029D0FEF787FCA0EB0800022802D90320B6
:103EE000BDE8F88F97FAA7F0B0FA80F040F06000D4
:103EF000B6EB501F01D128680BE097FAA7F0B0FA93
:103F000080F040F06000B7EB501F01D1286A00E05C
:103F1000686A97FAA7F1B1FA81F101F01F0106FA78
:103F200001F10842D5D1207810F0040F74D04FF081
:103F30000008E86910F0805F09D1E86940F080501E
:103F4000E861E86900F0805000904FF00108DFF868
:103F5000C0B3DBF8000010F4807F1BD1DBF8000059
:103F600040F48070CBF80000FEF73CFC8246DBF8A2
:103F7000000010F4807F0DD1FEF734FCA0EB0A00A6
:103F8000642802D90320BDE8F88FDBF8000010F4A4
:103F9000807FF1D0E06801281CD000B3052827D02D
:103FA000286A20F001002862286A20F004002862B4
:103FB000E06841F2883B80B3FEF714FC824697FA32
:103FC000A7F0B0FA80F040F04000B6EB501F18D1D7
:103FD000286824E0286A40F001002862E8E7286A9F
:103FE00020F001002862286A20F004002862DFE740
:103FF000286A40F004002862286A40F00100286224
:10400000D6E797FAA7F0B0FA80F040F04000B7EB9F
:10401000501F03D1286A02E08BE035E0686A97FA06
:10402000A7F1B1FA81F101F01F0106FA01F108428E
:1040300078D1FEF7D7FBA0EB0A00584502D9032040
:10404000BDE8F88F97FAA7F0B0FA80F040F0400092
:10405000B6EB501F01D128680BE097FAA7F0B0FA31
:1040600080F040F04000B7EB501F01D1286A00E01B
:10407000686A97FAA7F1B1FA81F101F01F0106FA17
:1040800001F10842D5D04DE0FEF7ACFB824697FA2D
:10409000A7F0B0FA80F040F04000B6EB501F01D11D
:1040A00028680BE097FAA7F0B0FA80F040F04000E3
:1040B000B7EB501F01D1286A00E0686A97FAA7F1B0
:1040C000B1FA81F101F01F0106FA01F1084229D08D
:1040D000FEF788FBA0EB0A00584502D90320BDE893
:1040E000F88F97FAA7F0B0FA80F040F04000B6EBF6
:1040F000501F01D128680BE097FAA7F0B0FA80F0C2
:1041000040F04000B7EB501F01D1286A00E0686A18
:1041100097FAA7F1B1FA81F101F01F0106FA01F156
:104120000842D5D1B8F1010F03D1E86920F08050E1
:10413000E861E069D0B3696801F00C0108297DD01D
:104140004FF0807A4FF00078022817D09AFAAAF040
:10415000B0FA80F0800000F1844000F58400C0F8DF
:104160000090FEF73FFB044698FAA8F0B0FA80F002
:1041700040F02000400975D028688BE09AFAAAF038
:10418000B0FA80F0800000F1844000F58400C0F8AF
:104190000090FEF727FB074698FAA8F0B0FA80F0E7
:1041A00040F02000400902D0286801E099E0686AE8
:1041B00098FAA8F1B1FA81F101F01F0106FA01F1B4
:1041C00008421CD0FEF70EFBC01B022802D90320B8
:1041D000BDE8F88F98FAA8F0B0FA80F040F020001F
:1041E000400901D0286800E0686A98FAA8F1B1FA9D
:1041F00081F101F01F0106FA01F10842E2D1216AC2
:10420000606A0843696821F47411084368609AFA87
:10421000AAF0B0FA80F0800000F1844000F584003C
:104220000660FEF7DFFA044698FAA8F0B0FA80F0CC
:1042300040F02000400902D0286801E052E0686A9E
:1042400098FAA8F1B1FA81F101F01F0106FA01F123
:1042500008425AD1FEF7C6FA001B022803D90320F0
:10426000BDE8F88F15E098FAA8F0B0FA80F040F0B9
:104270002000400901D0296800E0696A98FAA8F096
:10428000B0FA80F000F01F0006FA00F00142E1D021
:104290003BE0686A98FAA8F1B1FA81F101F01F01D8
:1042A00006FA01F1084230D0FEF79CFA001B022802
:1042B00002D90320BDE8F88F98FAA8F0B0FA80F090
:1042C00040F02000400901D0296800E0696A98FAAE
:1042D000A8F0B0FA80F000F01F0006FA00F00142EA
:1042E000E2D112E001280DD06868226A00F4803122
:1042F000914204D1616A00F47010884205D0012017
:10430000BDE8F88F0120BDE8F88F0020BDE8F88FE8
:10431000007000402DE9F04104460F461646002586
:1043200094F83C00012801D0012524E0204601F04A
:10433000ABFA20B1FF2084F83C0003251BE0A7F571
:104340000020B0F5807011D0380C21680B6C1F2252
:1043500002EA80000322824023EA02020A64216802
:104360000A6C06FA00F01043086401E02068466415
:10437000204601F0A6FA2846BDE8F08170B5044653
:104380000E46002594F83C00012802D0012528465D
:1043900070BD204601F078FA20B1FF2084F83C007F
:1043A0000325F4E72068416821F006014160206898
:1043B000416831434160204601F083FA206841683A
:1043C00041F010014160022084F83C00DFE710B4A6
:1043D0004FF0000C90F83C30002B19D0FF2B17D079
:1043E00003685C6824F49E045C60012A07D00368BB
:1043F0005C686FF30F012143596082610AE0036832
:104400005C686FF30F0141F4800121435960F4E7C8
:104410004FF0010C10BC60467047000070B50446B8
:10442000002C45D00020A061E06101252562656275
:10443000A062E062690321636063A0632064204698
:1044400000F03AF82068016821F4E0510160E16869
:104450006068014320680268114301602068416878
:1044600021F08071416020684168A2681143416079
:1044700010480168226901F4407191420AD0016834
:1044800021F440710160016822691143016002203A
:10449000FEF788F82068416841F00101416020681A
:1044A000816811F4004FFBD184F83C50002070BDAE
:1044B000012070BD006001402DE9F04786B0044640
:1044C00014216846FCF719F84948DFF820C1236831
:1044D00000250321474A861507154FF020084FF4A1
:1044E000405963452AD1836943F0807383618369AE
:1044F00003F080730593436943F48023436140696B
:1045000000F48020059005208DE8230069461046C0
:10451000FEF75CF8DFF8E4A037495046E0E8021502
:1045200020C080E8E0015046CAF81C9056E0C4F86C
:1045300014A0CAF8244006B0BDE8F087DFF8C0C078
:10454000634524D1836943F000738361836903F079
:1045500000730593436943F480234361406900F489
:104560008020059004208DE8230069461046FEF760
:104570002DF8DFF890A0204950461431E0E80215EC
:1045800020C080E8E0015046CAF81C9026E01E4A90
:104590009342D0D1826942F080628261826902F0E6
:1045A00080620592426942F480124261406900963D
:1045B00000F480100590CDE9011569461348FEF717
:1045C00005F8DFF84CA00C4950462831E0E8021508
:1045D00020C080E8E0015046CAF81C90FDF77AFF41
:1045E0000028A4D0FDF713FDA1E700000060014002
:1045F000001002400004004830040240605E0020C9
:1046000000640140A45E002000680140000C0048E6
:10461000E85E00202DE9F04105460F4614460026CD
:1046200095F83C00012801D0012618E0284601F049
:104630002BF920B1FF2085F83C0003260FE0202154
:10464000286801EB8701084462682168E368114328
:10465000A2681A4311430160284601F032F930463E
:10466000BDE8F08100220368A3F1804CBCF5B03CAA
:1046700001D101290AD090F83C30012B08D0022B3F
:1046800006D0042B04D00122104670470122FBE71C
:104690008162F9E7401EB0F1807F01D301207047AD
:1046A0004FF0E0214861044AF0201070002088613A
:1046B000072008610020704723ED00E090F83C20BF
:1046C000012A2CD0012280F83C20CA680023D1F8AE
:1046D00008C022F4407242EA0C02D1F804C022F46D
:1046E000806242EA0C02D1F800C022F4006242EA81
:1046F0000C02D1F810C022F4805242EA0C02D1F828
:1047000014C022F4005242EA0C02C96922F4804229
:1047100011430268516480F83C3000207047022049
:10472000704730B490F83C20012A3FD0012480F833
:104730003C40022280F83D200268D2F804C0936811
:104740002CF0700C0D6845EA0C0CC2F804C002682D
:10475000B2F1804F1DD0A2F1804CBCF5806C18D016
:10476000A2F1804CBCF5006C13D0A2F1804CBCF5DA
:10477000406C0ED0A2F1804CBCF5C05C09D0A2F117
:10478000804CBCF5A03C04D0A2F1804CBCF5AE3C02
:1047900004D123F0800349681943916080F83D40BB
:1047A000002180F83C1030BC0020704730BC022053
:1047B000704710B50446002C03D094F83D0010B1AA
:1047C00007E0012010BD002084F83C00204600F0E6
:1047D0001FF8022084F83D00211D206801F0B2FA84
:1047E000012084F8480084F83E0084F83F0084F8F3
:1047F000400084F8410084F8440084F8450084F8BF
:10480000460084F8470084F83D00002010BD0000F9
:1048100008B500681D4A1E4990420ED1886940F4CF
:10482000003088618869002200F400300090114651
:104830001920FEF72BF9192022E0164A90420ED1DA
:10484000886940F4802088618869012200F4802012
:10485000009000211A20FEF719F91A2010E00E4AE4
:10486000904211D1C86940F40070C861C869002243
:1048700000F40070009001211B20FEF707F91B20B7
:10488000BDE80840FEF7F4B808BD00000044014050
:104890000010024000480140009C004090F83D108C
:1048A000012901D001207047022180F83D100168E4
:1048B000CA6842F00102CA600068B0F1804F23D09C
:1048C000A0F18041B1F580611ED0A0F18041B1F529
:1048D000006119D0A0F18041B1F5406114D0A0F180
:1048E0008041B1F5C0510FD0A0F18041B1F5A031A8
:1048F0000AD0A0F18041B1F5AE3105D0016841F098
:104900000101016000207047816801F0070106295C
:10491000F8D0016841F001010160F3E70168CA685D
:1049200022F00102CA6001680A6A41F211131A42B8
:1049300007D10A6A9B101A4203D10A6822F00102C9
:104940000A60012180F83D100020704770B50546CF
:104950000C46002695F83C0001280FD0012085F870
:104960003C006AB1042A1CD0082A2CD00C2A3BD067
:104970000126002085F83C00304670BD022070BD45
:10498000E36862682168286801F0FFFA2868816995
:1049900021F00C01816128688169A268114381615D
:1049A000E7E7E36862682168286801F030FB28685F
:1049B000816921F44061816128688169A26841EAC6
:1049C00002218161D5E7E36862682168286801F007
:1049D0003EFB2868C16921F00C01C1612868C169EA
:1049E000A2681143C161C4E7E3686268216828686E
:1049F00001F04BFB2868C16921F44061C16128685E
:104A0000C169A26841EA0221C161B2E710B504465A
:104A1000002C03D094F83D0010B107E0012010BD38
:104A2000002084F83C00204600F01EF8022084F8A4
:104A30003D00211D206801F085F9012084F848001F
:104A400084F83E0084F83F0084F8400084F8410078
:104A500084F8440084F8450084F8460084F8470050
:104A600084F83D00002010BD10B586B00446142126
:104A70006846FBF742FD2068B0F1804F1FD1114816
:104A8000C16941F00101C161C16901F001010591F4
:104A9000416941F4003141614069694600F40030E8
:104AA0000590042000900220019000200290032035
:104AB0000390012004904FF09040FDF787FD06B071
:104AC00010BD00000010024010B586B0044614214D
:104AD0006846FBF712FD0E492068884216D10D4842
:104AE000416941F4003141614069002100F4003026
:104AF00005904FF4807000900220CDE90101CDE9CE
:104B0000031069464FF09040FDF760FD06B010BD00
:104B1000000C00400010024070B50446002594F8D7
:104B20003C0001280FD0012084F83C006AB1042A1F
:104B30000FD0082A11D00C2A13D00125002084F8A8
:104B40003C00284670BD022070BD206801F070F95D
:104B5000F4E7206801F0ACF9F0E7206801F0DCF937
:104B6000ECE7206801F0F4F9E8E710B50446002C02
:104B700003D094F83D0010B107E0012010BD0020E3
:104B800084F83C00204600F01EF8022084F83D0026
:104B9000211D206801F0D6F8012084F8480084F82F
:104BA0003E0084F83F0084F8400084F8410084F817
:104BB000440084F8450084F8460084F8470084F8EF
:104BC0003D00002010BD704770B504460D46002C16
:104BD00003D094F83D0010B107E0012070BD002023
:104BE00084F83C00204600F01FF8022084F83D00C5
:104BF000211D206801F0A6F82068016821F0080155
:104C000001602068016829430160012084F84800A0
:104C100084F83E0084F83F0084F8440084F845009E
:104C200084F83D00002070BD704770B504460D4605
:104C3000002694F83C0001280FD0012084F83C00A5
:104C40006AB1042A1FD0082A32D00C2A44D0012687
:104C5000002084F83C00304670BD022070BD29461B
:104C6000206801F0E5F82068816941F00801816160
:104C70002068816921F004018161206881692A69C5
:104C800011438161E4E72946206801F011F92068A9
:104C9000816941F4006181612068816921F480614A
:104CA0008161206881692A6941EA02218161CFE737
:104CB0002946206801F030F92068C16941F00801F7
:104CC000C1612068C16921F00401C1612068C16926
:104CD0002A691143C161BBE72946206801F038F910
:104CE0002068C16941F40061C1612068C16921F493
:104CF0008061C1612068C1692A6941EA0221C161FC
:104D0000A6E710B50446002C03D094F83D0010B17E
:104D100007E0012010BD002084F83C00204600F090
:104D20001FF8022084F83D00211D206801F00AF8D8
:104D3000012084F8480084F83E0084F83F0084F89D
:104D4000400084F8410084F8440084F8450084F869
:104D5000460084F8470084F83D00002010BD0000A4
:104D600008B500680649884208D10648C16941F083
:104D70000801C161C06900F00800009008BD000092
:104D8000000C00400010024010B50446002909D074
:104D900004290AD008290BD094F8410001280AD030
:104DA000012010BD94F83E00F8E794F83F00F5E7C5
:104DB00094F84000F2E70220F1B304294DD008290D
:104DC0004ED084F841000122206801F021F82649E4
:104DD0002068884209D0A0F18042B2F5A23204D006
:104DE000A0F18042B2F5A43203D1426C42F40042F9
:104DF00042642068B0F1804F22D0A0F18042B2F529
:104E000080621DD0A0F18042B2F5006218D0A0F1FE
:104E10008042B2F5406213D0A0F18042B2F5C05298
:104E20000ED088420CD0A0F18041B1F5AE3107D050
:104E3000016841F0010100E00CE00160002010BDBC
:104E4000816801F007010629F8D0016841F00101ED
:104E50000160F3E784F83E00B5E784F83F00B2E76D
:104E600084F84000AFE700000040014010B5044660
:104E7000002C02D0A06F10B107E0012010BD00206F
:104E800084F87400204600F027F82420A0672068EA
:104E9000016821F001010160204601F0B5F9012807
:104EA00018D0606A10B1204601F00FF920684168FF
:104EB00021F4904141602068816821F02A018160DD
:104EC0002068016841F0010101602046BDE8104002
:104ED00001F067B9012010BD10B586B00446142159
:104EE0006846FBF70AFB1249206888421ED1114828
:104EF000C16941F40031C161C16901F4003105911A
:104F0000416941F4802141614069694600F4802093
:104F100005901820009002200190002002900320AC
:104F20000390072004900448FDF750FB06B010BD25
:104F3000004400400010024000040048FEE7F0B5C5
:104F400000230A24302537261F4610E0B4EB107FDB
:104F500002D905EB107C01E006EB107C01F813C0D0
:104F600001EB430C00015B1C8CF80170DBB2934237
:104F7000ECD3F0BD3EB500240F4800940194029498
:104F80000C498460016004730475012505614FF4C8
:104F900060214460C161FDF7C9F800B1FEE7CDE9C9
:104FA0000045694604480294FDF732F8002800D015
:104FB000FEE73EBD0024014030050020F0B587B07B
:104FC00014216846FBF799FA2948416941F48001A8
:104FD0004161416901F480010591416941F4003169
:104FE0004161416901F400310591416941F4802139
:104FF0004161416901F480210591416941F48011C9
:10500000416140694FF4CC6400F480104FF090454A
:105010000590002221462846FDF7DEFB0120CDE960
:10502000004000240294694628460394FDF7CEFA16
:105030000225032600950F4FCDE9016469463846E5
:10504000FDF7C4FAB003CDE900046946384602947E
:10505000FDF7BCFA2020CDE9000502940520CDE93A
:10506000036069463846FDF7B1FA07B0F0BD0000AD
:105070000010024000040048114810B50F490160BB
:105080001049416000210122C0E902120161416121
:105090008161C1610162FDF703FC00B1FEE70021FF
:1050A0000748FDF7A5FB00B1FEE700210448FDF726
:1050B000CCFB002800D0FEE710BD000000540040EB
:1050C000740500200E0900201FB50024124800942A
:1050D000019402940F490394C0E900148460C460F1
:1050E0000461FFF79BF900B1FEE700210A48FFF7D2
:1050F000B9FA00B1FEE74FF04060CDE90004029438
:105100006A46002104480394FFF784FA002800D07F
:10511000FEE71FBD00600140C00500201FB5002450
:1051200012480094019402940F490394C0E90014BA
:105130008460C4600461FFF771F900B1FEE70021EB
:105140000A48FFF78FFA00B1FEE74FF04060CDE963
:10515000000402946A46002104480394FFF75AFAB7
:10516000002800D0FEE71FBD0064014004060020B7
:105170001FB500241A48009401940294174903941F
:10518000C0E900148460C4600461FFF747F900B10E
:10519000FEE700211248FFF765FA00B1FEE74FF085
:1051A0004060CDE9000402946A4600210C48039453
:1051B000FFF730FA00B1FEE70A4C0022214608480A
:1051C000FFF7A8F800B1FEE7012221460448FFF7E7
:1051D000FEF8002800D0FEE71FBD00000068014077
:1051E000480600204000060010B590B01C2108A819
:1051F000FBF783F920216846FBF77FF91F481E491A
:105200000024016041F61F41C0E901144FF6FF710F
:10521000C0E9031444618461FFF7CBFA00B1FEE7F3
:105220001648FFF7A2FC00B1FEE708211348FFF77C
:10523000CBFC00B1FEE7089409940A940B940C94FB
:105240000D94002208A90D480E94FFF765FC00B1EB
:10525000FEE700944FF40050CDE90440029401941D
:105260000394694605480794FFF728FA002800D000
:10527000FEE710B010BD00000044014024070020EC
:1052800010B590B01C2108A8FBF737F9202168461B
:10529000FBF733F91F481E490024016041F61F4106
:1052A000C0E901144FF6FF71C0E903144461846141
:1052B000FFF77FFA00B1FEE71648FFF722FD00B1C5
:1052C000FEE708211348FFF77FFC00B1FEE76020EE
:1052D000CDE908040A940B940C940D94002208A9BB
:1052E0000C480E94FFF7A1FC00B1FEE700944FF4C8
:1052F0000050CDE9044002940194039469460548A6
:105300000794FFF7DBF9002800D0FEE710B010BDCE
:10531000004801407007002010B586B000241748EF
:10532000009401940294039404944FF080410594F6
:10533000016041F61F41C0E9011442F20F71C0E95A
:10534000031480218161FFF761FB00B1FEE7009447
:1053500069460A480194FFF7E4F900B1FEE701202D
:10536000CDE902400494082202A904480594FFF7FD
:10537000EDFA002800D0FEE706B010BD8C06002034
:1053800010B58AB0002407941C2168460894FBF7E6
:10539000B4F817481549016041F61F41C0E90114EE
:1053A00042F20F71C0E9031480218161FFF7A9FC6B
:1053B00000B1FEE7079407A90D480894FFF7B1F97B
:1053C00000B1FEE76020009041F28730CDE9010492
:1053D0000022694606480494FFF727FC00B1FEE767
:1053E0000348FFF771FB0AB010BD0000000C00403D
:1053F000D80600200C4810B50A4901604FF4164148
:105400004160002181600C22C160C0E90412816109
:10541000C16101624162FFF729FD002800D0FEE76B
:1054200010BD0000004400400808002010B5002214
:105430000F49104801F0F4FB08B1FCF7E8FD0E49F4
:105440000C4801F0E0FD08B1FCF7E1FD0B4909480B
:1054500001F025F908B1FCF7DAFD064801F084FEF9
:10546000002803D0BDE81040FCF7D1BD10BD0000FE
:10547000200000202C5F00206C0100207000002024
:10548000FEE770472DE9F05F04462068B0F844005D
:1054900010F4004F00F0CF814FF006084FF00209E2
:1054A0004FF480672068B0F8441001F00F06002E1A
:1054B00047D030F826A01AF4004F00F0458130F8AC
:1054C000261021F0700121F4704141F0800120F894
:1054D000261006EB860004EBC00000F5B475287BAF
:1054E000002800F0EE80E878022800F0FF8029789C
:1054F000206830F8212022F0700222F4E04248F2C5
:10550000C0031A4320F821202978206830F8212090
:1055100012F4804F00F0F180B0F8502009EBC10187
:10552000114407EB4101415AC1F3090BBBF1000FD4
:1055300000F0F5802A895B46696902F05AFD00F0A7
:10554000EEB811F0100F25D004F5B475018811F4F0
:10555000006F52D0B0F850102A7808EBC202114404
:1055600007EB4101405AC0F30903EB61EA8804F5F7
:105570002C71206802F03DFD2068018821F0700147
:1055800021F4704141F0800101802046FDF7A7FF22
:1055900000F04AB9018821F0F00121F4E04141F422
:1055A0000041018004F128052068B0F850102A78E5
:1055B00009EBC202114407EB4101405AC0F3090054
:1055C000E86169690844686100212046FDF7C3FA73
:1055D00094F82400002800F02781A869002840F0F2
:1055E000238194F82400216840F08000A1F84C0049
:1055F000002084F8240000F017B911F4004F00F0E7
:105600001381018821F0700121F4704141F0800183
:1056100001802068B0F850102A7808EBC2021144CB
:1056200007EB4101405AC0F30900E86170B16969B4
:1056300061B183B2EA88206802F0DBFCE96968693D
:105640000844686100212046FDF78EFA2068018831
:1056500011F4006F73D1B0F85010084400F20C4000
:10566000296961B13E2913D84A0811F0010F00D011
:10567000521C4FF6FF7101EA8221018012E001887D
:1056800021F4F8410180018841F40041018009E0E2
:105690004A0911F01F0F00D1521E4FF4004141EA98
:1056A000822101802068018821F0700121F480416D
:1056B00081F4805181F4005148F28002114301804D
:1056C000B2E02068B0F850102A7808EBC20211440A
:1056D00007EB4101415AC1F3090BBBF1000F1ED08A
:1056E000EA885B46696902F084FC18E05246294664
:1056F0002046FDF795FA834611E0B0F8502008EBFC
:10570000C101114407EB4101415AC1F3090BBBF13F
:10571000000F04D06A895B46696902F06AFCE86997
:105720005844E861686958446861A86910B12869FB
:10573000584505D929782046FDF716FA04E06BE0B4
:105740002946206802F05EF91AF0800F6CD006EB53
:10575000860004EBC00000F12801206830F8262004
:1057600022F0F00222F4E04242F4004220F8262027
:10577000C878022851D000238B611AF0400F24D042
:10578000487810B1012814D042E02068B0F85020C9
:1057900010440A7809EBC20200EB420000F5806079
:1057A000028822F4F8420280028842F40042028019
:1057B0002EE02068B0F8502010440A7809EBC202AD
:1057C00000EB4200A0F8003422E020684A7812B1D1
:1057D000012A13D01CE0B0F8502010440A7808EBDE
:1057E000C20200EB420000F58060028822F4F84219
:1057F0000280028842F40042028009E0B0F85020A2
:1058000010440A7808EBC20200EB4200A0F8003412
:1058100009782046FDF79FF906E01AF4807F0DD045
:1058200052462046FDF78DFA2068B0F8440010F487
:10583000004F7FF437AE0020BDE8F09F2068B0F83D
:1058400050200B7809EBC3031A4407EB4202805A3D
:10585000C0F309008A69824202D9121A8A6101E002
:1058600000228A618A694AB14A6902444A61CA6966
:105870001044C861206802F0C5F8D5E709782046D1
:10588000FDF769F9D0E7704770B5044620680168F4
:1058900041F000410160FCF7A5FF054620688068E3
:1058A00010F0004F0BD1FCF79DFF401BC82801D919
:1058B000032070BD2068806810F0004FF3D00020F6
:1058C00070BD0068016821F00041016070477047B9
:1058D000FDF77AB830B59BB028216846FAF70DFE7F
:1058E000142115A8FAF709FE2C210AA8FAF705FEDB
:1058F000032001210090049110214FF480300024F6
:105900000591CDE901040225CDE907500001099078
:105910006846FEF7A5F800B1FEE70F20CDE91505B2
:105920004FF48065CDE91745022115A81994FDF7BC
:105930003BFF00B1FEE70F940C4814940A900D94BD
:105940004FF02840CDE911400AA8FDF70FFE00B145
:10595000FEE74FF40070FDF7F5FD2846FDF7F2FD78
:105960004FF40060FDF7EEFD1BB030BDA208020051
:105970001448016841F4700101601348016841F066
:10598000010101604168114A114041600168104AFB
:1059900011400160016821F480210160416821F417
:1059A000FE014160C16A21F00F01C162016B094A29
:1059B00011400163002181600249C0038039086001
:1059C0007047000088ED00E0001002400CC07FF836
:1059D000FFFFF6FECCFC00FF094800680068016A82
:1059E00041F21112114207D1016A9210114203D102
:1059F000416C21F4004141640148FBF7A6BD000061
:105A0000185E00200948406A0068016A41F21112DC
:105A1000114207D1016A9210114203D1416C21F465
:105A20000041416401482430FBF78FBD185E00201F
:105A30002DE9F041B8496FF0010009680861B74CE1
:105A4000D4F88020B64DB5F90010B5F902000B1A54
:105A500022B1012A05D0022A07D10EE000EE101A69
:105A600001E000EE100AB8EEC00AD4F880223AB184
:105A7000012A08D0022A0AD14BE100EE103AF2E7DF
:105A800000EE901A01E000EE900AF8EEE00AA54C54
:105A90002046616A8847A4482988C368C26AD152EF
:105AA000C168891CC160C16802691140C1600021E0
:105AB00000EB810202261C3252E8003F334442E8E8
:105AC0000037002FF8D1491C0229F1DB964869887C
:105AD000C368C26AD152C168891CC160C1680269C9
:105AE0001140C160002100EB810202251C3252E806
:105AF000003F2B4442E80036002EF8D1491C022911
:105B0000F1DB94ED020A894B10EE100ADFED880AF2
:105B1000984201DDB0EE600A10EE100A4FF04745E2
:105B20009FED841AA84201D9B0EE410A7E48BDEE2D
:105B3000C00AC66810EE101AC26A9153C168891C67
:105B4000C160C16802691140C160002100EB81029F
:105B500002271C3252E8006F3E4442E8006CBCF160
:105B6000000FF7D1491C0229F0DB94ED030A10EE77
:105B7000100A984201DDB0EE600A10EE100AA84249
:105B800001D9B0EE410A6848BDEEC00AC66810EE01
:105B9000101AC26A9153C168891CC160C168026948
:105BA0001140C160002100EB810202271C3252E843
:105BB000006F3E4442E8006CBCF1000FF7D1491C75
:105BC0000229F0DBDFF870C194ED000ADCED001A69
:105BD00020EE210A10EE100A984201DDB0EE600AB4
:105BE00010EE100AA84201D9B0EE410A4E48BDEEAF
:105BF000C00AC66810EE101AC26A9153C168891CA7
:105C0000C160C16802691140C160002100EB8102DE
:105C100002271C3252E8006F3E4442E8006EBEF19B
:105C2000000FF7D1491C0229F0DB94ED010ADCEDED
:105C3000001A20EE210A10EE100A984201DDB0EEA3
:105C4000600A10EE100AA84201D9B0EE410A3648A7
:105C5000FDEEC00AC36810EE901AC26AD152C16844
:105C6000891CC160C16802691140C160002100EB5C
:105C7000810202241C3252E8003F234442E80035EE
:105C8000002DF8D1491C0229F1DBBCEEC00A042228
:105C9000002110EE100A83B22848FCF771FB22485D
:105CA0002749C3680988C26AD152C168891CC1608A
:105CB000C16802691140C160002100EB8102022429
:105CC0001C3252E8003F234442E80035002DF8D151
:105CD000491C0229F1DB14484AF6CD31C368C26A77
:105CE000D152C168891CC160C16802691140C1609C
:105CF000002100EB810202241C3252E8003F2344C1
:105D000042E80035002DF8D1491C0229F1DBBDE83D
:105D1000F08100EE903AB8E6BC070020CC2A0020C3
:105D200014000020603C00208C28002000FEFF466C
:105D300000FEFF46000000C71000002060050020A4
:105D40000E0000202DE9F00102682A4B2A4E2B4F4D
:105D5000DFF8AC80B0F1804F07D0984205D0B04258
:105D600003D0B84201D0404505D122F07002D1F8ED
:105D700004C04CEA0202DFF88CC0234C234DB0F182
:105D8000804F1CD098421AD0B04218D0B84216D0DA
:105D9000A0F18043B3F5C05311D0A0F18043B3F517
:105DA000E0530CD0A0F18043B3F5005307D0604519
:105DB00005D0A04203D0A84201D0404503D122F42F
:105DC0004072CB681A434B6922F080021A4302608A
:105DD0008A68C2620A688262604503D0A04201D02C
:105DE000A84201D10969016301214161BDE8F001C7
:105DF000704700000004004000080040000C004014
:105E0000005C014000400140004401400048014066
:105E100001F01F0101238B40D0F820C02CEA0303BE
:105E20000362036A02FA01F119430162704700003C
:105E3000F0B4026A22F001020262026A4368D0F8FA
:105E400018C02CF0700C2CF0030C0C6844EA0C0CFD
:105E500022F002028C682243124C134D134EA042D2
:105E600003D0A84201D0B04205D122F00802CF6889
:105E70003A4322F00402A04203D0A84201D0B0422B
:105E800007D123F4807323F400734C6923438C6996
:105E900023434360C0F818C0496841630262F0BC04
:105EA00070470000004001400044014000480140AC
:105EB00010B4026A22F010020262D0F820C04268D8
:105EC000836923F4E04323F440730C6843EA04231A
:105ED0002CF0200C8C684CEA041CA0F18044B4F532
:105EE000A03409D0A0F18044B4F5A23404D0A0F1CC
:105EF0008044B4F5A43407D122F480624C6942EAAC
:105F000084028C6942EA8402426083614968816349
:105F1000C0F820C010BC704710B4026A22F480722E
:105F20000262D0F820C04268C36923F0700323F0F6
:105F300003030C6823432CF4007C8C684CEA042C8B
:105F40004260C3614968C163C0F820C010BC70479B
:105F500010B4026A22F480520262D0F820C0426873
:105F6000C36923F4E04323F440730C6843EA042339
:105F70002CF4005C8C684CEA043C4260C3614968C4
:105F80000164C0F820C010BC704730B4D0F820C005
:105F90002CF0010CC0F820C0D0F818C0046AB0F191
:105FA000804F2FD0A0F18045B5F580652AD0A0F1B3
:105FB0008045B5F5006525D0A0F18045B5F5406573
:105FC00020D0A0F18045B5F5C0551BD0A0F180458B
:105FD000B5F5A03516D0A0F18045B5F5AE3511D098
:105FE0004CF0010222F0F0024FF0F00C0CEA031327
:105FF0001A4324F00A0301F00A0119438261016285
:1060000030BC70472CF0030C4CEA0202EAE710B4F3
:10601000D0F820C02CF0100CC0F820C08469D0F853
:1060200020C024F4407444EA022222F470424FF467
:10603000704404EA03331A432CF0A0034FF0A00C81
:106040000CEA011119438261016210BC704710B45F
:10605000D0F820C02CF4807CC0F820C0C469D0F8EF
:1060600020C024F00304224322F0F002F02404EACA
:1060700003131A432CF420634FF4206C0CEA012123
:106080001943C261016210BC704710B4D0F820C03F
:106090002CF4805CC0F820C0C469D0F820C024F47F
:1060A000407444EA022222F470424FF4704404EA3D
:1060B00003331A432CF420434FF4204C0CEA0131F3
:1060C0001943C261016210BC704790F8241011F0AE
:1060D000010F06D001684A68836A22F400321A432D
:1060E0004A6090F8241011F0020F06D001684A6847
:1060F000C36A22F480321A434A6090F8241011F0E7
:10610000040F06D001684A68036B22F480221A4308
:106110004A6090F8241011F0080F06D001684A6810
:10612000436B22F400421A434A6090F8241011F0A5
:10613000100F06D001688A68836B22F480521A43DC
:106140008A6090F8241011F0200F06D001688A6848
:10615000C36B22F400521A438A6090F8241011F0A5
:10616000400F11D001684A68036C22F480121A4370
:106170004A60016CB1F5801F06D101684A68436C22
:1061800022F4C0021A434A6090F8241011F0800FE4
:1061900006D001684A68806C22F4002210434860EF
:1061A0007047F8B504460025C4F88050FCF71AFB88
:1061B0000746206800686FF07E4610F0080F0AD08E
:1061C0003B4600224FF400112046009600F0FEF8F6
:1061D00008B10320F8BD2068006810F0040F0AD051
:1061E0003B4600224FF480012046009600F0EEF876
:1061F00008B10320F8BD2020A067E067256684F879
:1062000074500020F8BD000070B5044600252169D7
:10621000A068E2690843616911430143206802688C
:1062200022F4037222F41442114301602068416891
:10623000E26821F4405111434160A069216A0143A1
:106240002068826822F430621143816020685D49D1
:10625000A0F18042B2F59C321AD0A0F18042B2F592
:10626000884229D0A0F18042B2F590423BD0102064
:10627000E26955494FF6EF76B2F5004F4AD009284A
:1062800077D2DFE800F0797D8A8881888888850068
:10629000086B10F0030007D0012809D0022809D0AC
:1062A000032803D01020E3E70120E1E70220DFE725
:1062B0000420DDE70820DBE7086B10F440300AD04B
:1062C000B0F5803F0BD0B0F5003F0AD0B0F5403FAD
:1062D00003D01020CCE70020CAE70220C8E7042042
:1062E000C6E70820C4E7086B10F440200AD0B0F5D8
:1062F000802F0BD0B0F5002F0AD0B0F5402F03D07F
:106300001020B5E70020B3E70220B1E70420AFE793
:106310000820ADE7092815D2DFE800F005091614BA
:106320000D1414141100FDF731FB01460CE0FDF7CC
:1063300043FB014608E0FDF755FB014604E04FF43E
:10634000004101E000210125A1B36068490001EB93
:106350005001B1FBF0F080B2A0F11001B14209D8B8
:106360004FF6F0710140C0F3420008432168C86055
:1063700022E010E001251FE0FDF708FB01460CE0DC
:10638000FDF71AFB014608E0FDF72CFB014604E08F
:106390004FF4004101E00021012559B1606801EB93
:1063A0005001B1FBF0F080B2A0F11001B14202D86F
:1063B0002168C86000E0012500206066A0662846CC
:1063C00070BD00000010024000127A002DE9F04775
:1063D0000446089D884691469A462068C06938EA76
:1063E000000037D00020484558D100272026B5F1BD
:1063F000FF3F4BD0FCF7F6F9A0EB0A00A8422BD8E0
:1064000055B32068016811F0040F3FD0C06910F443
:10641000006F3BD021684FF400600862206850E8AC
:10642000001F21F4D07140E80012002AF6D1206844
:10643000083050E8001F21F0010140E80012002A56
:10644000F5D1A667E667C4F8806084F8747003200D
:10645000BDE8F0870120C6E7206850E8001F21F45E
:10646000D07140E80012002AF6D12068083050E8C8
:10647000001F21F0010140E80012002AF5D1A667B3
:10648000E66784F874700320BDE8F0872068C0696F
:1064900038EA000005D000204845A8D00020BDE81B
:1064A000F0870120F8E770B5D0F8B822D0F8C052D4
:1064B000002A1BD001EB810C00EB8C030026DC6969
:1064C00054B105EBCC0CDCF838C0B4FBFCF50CFB8C
:1064D000154CBCF1000F03D0C2F81462002070BD4F
:1064E000DE6100231A4600F071FDF7E7022070BD5F
:1064F00070B50546D5F8B842284600F069FCC4F8E6
:106500000C02D5F8B80248B1D5F8BC12D4F8040290
:10651000CA6804F503719047002070BD022070BD69
:1065200070B5044600268121204600F098FB002526
:10653000E5620121204600F092FBC4F86C518221F3
:10654000204600F08CFB2564D4F8B80248B1D4F89A
:10655000BC0240688047D4F8B80200F077FFC4F866
:10656000B852304670BD10B5D0F8B842D0F8BC1261
:1065700000290BD094F80002FF2807D08B6894F80C
:10658000012221469847FF2084F80002002010BD18
:106590000A210180004870479400002043210180B7
:1065A00000487047E4000020432101800048704704
:1065B000A0000020432101800048704728010020EE
:1065C00070B504460026207C0125002831D04023E8
:1065D00002228121204600F04FFCE5624023022286
:1065E0000121204600F048FCC4F86C510823032226
:1065F0008221204600F040FC25644FF4077000F033
:1066000027FFC4F8B80230B30546D4F8BC020068CE
:1066100080470020C5F81402C5F81802207CE0B1BC
:10662000402301212046D5F8042200F031FC3046F9
:1066300070BD4FF4007302228121204600F01CFC43
:10664000E5624FF4007302220121204600F014FCA1
:10665000C4F86C51CAE70126E9E74FF40073012141
:106660002046D5F8042200F013FCE0E710B5D0F87E
:10667000B812002911D0027C3AB1D1F8042240238B
:10668000012100F005FC002010BDD1F804224FF4D8
:106690000073012100F0FCFBF5E7022010BD02466B
:1066A0000220002902D0C2F8BC1200207047D0F8A6
:1066B000B802C0F8041200207047D0F8B802C0F841
:1066C0000812C0F8102200207047F0B583B00546CC
:1066D0000C46D5F8B8720020029001900026207870
:1066E00010F060012ED0202907D02146284600F066
:1066F000A5F8022603B03046F0BDE288D2B110F012
:10670000800F0BD0D5F8BC1260788B68394698475B
:10671000E2883946284600F0B7F8EBE7607887F85A
:106720000002A07987F80102E2883946284600F085
:1067300091F8DFE7D5F8BC12607800228B6821461B
:106740009847D7E7607848B10A2817D00B2825D09A
:106750002146284600F072F80226CBE795F89C0205
:10676000032805D02146284600F068F80226C1E734
:10677000022201A9284600F087F8BBE795F89C02A1
:10678000032805D02146284600F058F80226B1E734
:10679000012202A9284600F077F8ABE795F89C02A1
:1067A0000328A7D02146284600F048F80226A1E792
:1067B00010B5D0F8B812002914D0D1F814220AB1BB
:1067C000012010BD0122C1F81422D1F81022026369
:1067D000B1F8102293B2D1F80822812100F0F6FB23
:1067E000002010BD022010BD10B5D0F8B4225268B0
:1067F0009047002010BD90F89C22012A05D0022A63
:1068000003D0032A01D000F019B84988012904D126
:106810000021C0F8A41200F044B8704710B5134628
:106820000A46002100F034FB002010BD10B51346CD
:106830000A46002100F0CAFB002010BD10B5044636
:106840008021204600F0A7FB2046BDE81040002133
:1068500000F0A1BB10B50323C0F89432C0F85C214E
:10686000C0F8602113460A46002100F011FB002009
:1068700010BD10B50521C0F8941200231A46194620
:1068800000F006FB002010BD10B50223C0F89432C2
:10689000C261026213460A46002100F097FB002005
:1068A00010BD10B50421C0F8941200231A461946F1
:1068B00000F08CFB002010BD10B50A46024903A071
:1068C00000F080F9004810BDFC66002043444320DE
:1068D000436F6E66696700001220088000487047A9
:1068E0004000002010B50A46024903A000F06AF9F2
:1068F000004810BDFC66002043444320496E746587
:1069000072666163650000000420088000487047DB
:106910003C00002010B50A46024903A000F052F9DD
:10692000004810BDFC660020436572654C6F6F70B7
:106930000000000010B50A46024903A000F042F929
:10694000004810BDFC660020434C303220436C6F81
:106950007365642D6C6F6F702053797374656D006F
:1069600010B51A2008800A480168001D0468001D3F
:106970000068081809D008220649FEF7E0FA054920
:10698000042210312046FEF7DAFA0248801E10BDBC
:10699000ACF7FF1F56000020CA88012A01D0FFF77C
:1069A0004DBF90F89C22012A05D0022A03D0032A69
:1069B00008D0FFF743BF00218160012200F10801E8
:1069C000FFF762BF0122011DFFF75EBF2DE9F8430B
:1069D00004460F4600200090002600257888010A12
:1069E000082970D2DFE801F0AB040C22ABAB8B9A24
:1069F000D4F8B012207C0A68694690470646A3E0A6
:106A0000207C4FF0020840B1D4F8B402C16A684655
:106A10008847064686F8018096E0D4F8B402816A79
:106A200068468847064686F801808DE0C0B2062891
:106A30005FD2DFE800F0031221303F4FD4F8B002FC
:106A4000426822B1207C6946904706467CE0394680
:106A50002046FFF7F3FE012576E0D4F8B002826805
:106A600022B1207C6946904706466DE039462046B3
:106A7000FFF7E4FE012567E0D4F8B002C26822B156
:106A8000207C6946904706465EE039462046FFF77F
:106A9000D5FE012558E0D4F8B002026922B1207C6D
:106AA0006946904706464FE039462046FFF7C6FE46
:106AB000012549E0D4F8B00242692AB1207C694638
:106AC0009047064640E03AE039462046FFF7B6FEDA
:106AD000012539E0D4F8B002826922B1207C6946F0
:106AE0009047064630E039462046FFF7A7FE0125CD
:106AF0002AE039462046FFF7A1FE012524E0207C4C
:106B000028B139462046FFF799FE01251CE0D4F84C
:106B1000B402416B68468847064615E0207C28B1E0
:106B200039462046FFF78AFE01250DE0D4F8B4026D
:106B3000016B6846884706460721717004E03946B4
:106B40002046FFF77BFE0125002D12D1BDF8000085
:106B500048B1FA883AB1824200D9024600923146E1
:106B60002046FFF791FEF888002802D12046FFF763
:106B700098FEBDE8F88300210278002A05D0491C60
:106B8000C9B2401C0278002AF9D10846704790F833
:106B90009C22012A05D0022A03D0032A01D0FFF744
:106BA0004DBECA88022A01D0FFF748BE0121C1604C
:106BB000D0F8A41209B10321C160022200F10C0136
:106BC000FFF762BE70B504460D461646002C1AD07B
:106BD0002046FFF7D0FF022101EB400030803078E3
:106BE0002870032102206970217800290BD000222F
:106BF00014F8013B411CC9B22B54481CC0B26A5462
:106C000021780029F4D170BD01004FF0000004D0BC
:106C1000012901D0022901D00220704701207047CC
:106C200010B5002810D0D0F8B43213B10023C0F84A
:106C3000B43209B1C0F8B012012180F89C12027080
:106C400000F0CAF8002010BD022010BD10B5D0F829
:106C5000C002FBF7B8FFBDE81040FFF7D5BF10B585
:106C6000D0F8C002FBF78AFFBDE81040FFF7CCBFA9
:106C700070B504469446002909D0D4F8B40242699C
:106C80001AB194F89C02032859D0022070BD04F177
:106C90001400D4F894120025022904D0042940D00D
:106CA00000293ED041E0C36801698B420DD9591AD1
:106CB000C1608AB261462046FFF7B8FD00231A463C
:106CC0001946204600F0E4F82FE08068B0FBF1F2AE
:106CD00001FB12029AB9884211D3D4F89812884263
:106CE0000DD2002211462046FFF7A0FDC4F89852AD
:106CF00000231A461946204600F0CAF815E0D4F8D9
:106D0000B402C16829B194F89C02032801D120463D
:106D100088478021204600F03EF92046FFF7A9FD74
:106D200003E08021204600F036F994F8A002012803
:106D300007D1204600F070F984F8A05201E0204607
:106D40009047002070BD10B5044608461146002843
:106D500009D0D4F8B4128A691AB194F89C120329A4
:106D600031D0022010BD04F5AA70D4F89432032B60
:106D700002D0052B1FD029E0D0F810C0C3686345AE
:106D80000BD9A3EB0C03C3600069834200D3034615
:106D90009AB22046FFF742FD18E0D4F8B402016928
:106DA00029B194F89C02032801D120468847204647
:106DB000FFF777FD0AE00020C4F894020021204686
:106DC00000F0E9F802E0014620469047002010BD9F
:106DD000D0F8C002FCF78CB910B504461C481D4918
:106DE000C0F8E842C4F8C0020160082141600221F5
:106DF00081600161002181610162FCF7ADFA08B197
:106E0000FBF705F90022D4F8C0021823114604F557
:106E10003074FBF781FE5823002280212068FBF7A5
:106E20007BFEC023002281212068FBF775FE4FF412
:106E30008873002201212068FBF76EFE4FF48073F7
:106E4000002282212068FBF767FE002010BD0000B1
:106E500010640020005C00400A0601F07F01D0F8B9
:106E6000C00201EB810100EBC10002D590F82A00BD
:106E7000704790F86A01704710B51C461346D0F869
:106E8000C0022246FCF73DF9BDE81040FFF7BCBE4A
:106E900010B5D0F8C002FCF762F9BDE81040FFF76A
:106EA000B3BE70B504460022402311462046FFF7CA
:106EB000E3FF0125C4F858514026C4F8646140231B
:106EC000002280212046FFF7D7FFA561666284F883
:106ED0009C520020C4F894026060C4F8A402D4F864
:106EE000B80228B1D4F8B402002142682046904785
:106EF000002070BD90F89C12042903D190F89D12D7
:106F000080F89C120020704710B590F89C1203295D
:106F100004D1D0F8B412C96901B18847002010BD6E
:106F200001740020704710B5D0F8C002FCF7C3FA16
:106F3000BDE81040FFF768BE10B5044604F52A709E
:106F400000F04DF80120C4F89402B4F8AE02C4F881
:106F5000980294F8A81211F01F000AD001280ED050
:106F6000022812D001F08001204600F014F8002021
:106F700010BD04F52A71204600F0FBF8F7E704F590
:106F80002A71204600F02DFAF1E704F52A71204617
:106F900000F02FF9EBE710B5D0F8C002FCF7FBF8D2
:106FA000BDE81040FFF730BE10B5D0F8C002FCF7C6
:106FB0009DFABDE81040FFF727BE90F89C1280F8BC
:106FC0009D12042180F89C120020704710B5D0F863
:106FD000C002FCF70FF9BDE81040FFF715BE0A78B4
:106FE00002704A7842708A78CB7802EB03224280A2
:106FF0000A794B7902EB032282808A79C97902EB04
:107000000121C180704702460020002902D0C2F849
:10701000B4127047022070470020704770B50446D4
:107020008888002821D1C888F8B9488880281CD2CF
:1070300000F07F0594F89C0203280DD084F89E523E
:1070400029462046FFF76FFF2046FFF72AFC45B18F
:10705000022084F89C0270BD2046BDE87040FFF716
:10706000EDBB012084F89C0270BD2046BDE8704055
:10707000FFF7E4BB10B50224D0F8B422002A03D0F5
:107080001268904700B90024204610BD70B5044630
:107090000D46304EA9783170012905D92946204680
:1070A000BDE87040FFF7CABB94F89C0202280BD0E1
:1070B000032823D029462046FFF7C0FB317820461D
:1070C000BDE87040FFF790BB99B16160032084F880
:1070D0009C022046FFF7CEFF022804D02046BDE8E0
:1070E0007040FFF7DEBB29462046BDE87040FFF741
:1070F000A5BB2046BDE87040FFF7D3BB91B16068E7
:10710000884221D0C1B22046FFF76EFB3178616022
:107110002046FFF7AFFF022810D02046BDE87040A0
:10712000FFF7BFBB022084F89C0261602046FFF796
:107130005BFB2046BDE87040FFF7B3BB2946204605
:10714000BDE87040FFF77ABB2046BDE87040FFF70E
:10715000A8BB0000900000204988012903D1C0F895
:10716000A412FFF79EBB704710B5FFF71DFF00206C
:1071700010BD10B503460024087810F060020ED050
:10718000202A06D0402A04D01846FFF757FB204695
:1071900010BDD3F8B402826818469047F7E74878E4
:1071A0000A2822D2DFE800F0151D21192109052146
:1071B000110D1846FFF70AFCE9E71846FFF72EFF06
:1071C000E5E71846FFF762FFE1E71846FFF7E4FB43
:1071D000DDE71846FFF7DBFCD9E71846FFF7BCFFF1
:1071E000D5E71846FFF707FBD1E71846FFF726FB60
:1071F000CDE72DE9F04104460846002601790378E1
:1072000013F0600211D0202A08D0402A06D001468F
:107210002046FFF713FB3046BDE8F081D4F8B412E6
:107220008A68014620469047F5E703F06002202A6D
:107230000BD04278002A61D0012A37D0032A0CD023
:1072400001462046FFF7FAFAE5E7D4F8B4128A6857
:1072500001462046BDE8F041104794F89C22022ADE
:1072600006D0032A14D001462046FFF7E7FAD2E7FA
:1072700049B1802907D02046FFF78DFE80212046A6
:10728000FFF789FEC7E701462046FFF7D7FAC2E7B6
:1072900042883AB931B1802904D0C08810B920465B
:1072A000FFF779FE2046FFF7FCFAB4E794F89C223A
:1072B000022A06D0032A14D001462046FFF7BEFA60
:1072C000A9E749B1802907D02046FFF764FE802155
:1072D0002046FFF760FE9EE701462046FFF7AEFA24
:1072E00099E74088002896D111F07F0F02D0204600
:1072F000FFF7ACFC2046FFF7D4FA8CE794F89C2209
:107300000027022A06D0032A26D001462046FFF78E
:1073100095FA80E731B1802904D001462046FFF775
:107320008DFA78E711F0800F08D001F07F0000EBB4
:10733000800004EB800000F1140107E001F07F0001
:1073400000EB800004EB800000F5AA710F600222C0
:107350002046FFF799FA5EE711F0800F0CD001F09C
:107360000F0202EB820204EB820292696AB90146C3
:107370002046FFF763FA4EE701F00F0202EB8202AC
:1073800004EB8202D2F858215AB111F0800F0DD0CF
:1073900001F07F0000EB800004EB800000F1140599
:1073A0000CE001462046FFF749FA34E701F07F0080
:1073B00000EB800004EB800000F5AA7541B1802944
:1073C00006D02046FFF748FD20B10120286002E0EA
:1073D0002F6000E02F60022229462046FFF754FA72
:1073E00019E770B505460C46207810F0600209D008
:1073F000202A07D0402A05D021462846FFF71EFA4A
:10740000002070BD95F89C22012A08D0022A06D0DF
:10741000032A04D021462846FFF710FAF0E7207926
:1074200001280ED8D5F8B402214682682846904734
:10743000E1880029E4D10028E2D12846FFF731FA9B
:10744000DEE721462846FFF7F9F9D9E77047000043
:1074500000487047F06100202DE9F001002591F807
:1074600000C030F82C2022F4CE6222F4E042CB7827
:10747000002B7ED0012B7AD0022B02D0032B7BD0A5
:10748000012548F28004224320F82C200A7830F8A5
:10749000223023F0700323F4E0431343234320F806
:1074A00022300A7B042748F2C0034CF28006002AEF
:1074B00068D0CA78022A7DD00A7830F822C02CF42D
:1074C000B87C2CF4E04C4CEA040C20F822C0B0F854
:1074D0005020024491F800C002EB0C12B1F808C031
:1074E0002CF0010CA2F800C4B0F85020024491F82E
:1074F00000C007EBCC0C02EB4C02B1F80AC02CF038
:10750000010CA2F800C44A78002A6DD00A7830F83D
:1075100022C01CF4804F09D030F822C02CF0700C2F
:107520002CF4E04C4CEA060C20F822C00A7830F823
:1075300022C01CF0400F09D030F822C02CF0700C93
:107540002CF4E04C4CEA030320F82230CA78012ADC
:107550007DD00A7830F8223023F4415323F480435D
:1075600083F02003234320F82230F9E001E006E015
:1075700002E042F4007284E742F4C06281E742F420
:1075800080627EE74A7872B3B0F85020024491F8E6
:1075900000C002EB0C12B1F806C02CF0010CA2F8EE
:1075A00000C40A7830F822C01CF0400F0BD030F82D
:1075B00022C000E083E02CF0700C2CF4E04C4CEA8C
:1075C000030320F82230CA78012A0ED0097830F857
:1075D000212022F4415222F4804282F020022243F0
:1075E00020F82120C6E00BE077E0097830F8212070
:1075F00022F4415222F48042224320F82120B9E0B3
:10760000B0F8502002440B7807EBC30302EB4302AF
:10761000CB8823F00103A2F80034B0F850200244D4
:107620000B784FF0060C0CEBC30302EB430202F5A0
:1076300080620B6983B13E2B17D84FEA530C13F0CD
:10764000010F01D00CF1010C4FF6FF7300E07DE05B
:1076500003EA8C23138014E0138823F4F843138087
:10766000138843F4004313800BE04FEA531C13F0DC
:107670001F0F01D1ACF1010C4FF4004343EA8C23FE
:1076800013800A7830F8223013F4804F08D030F895
:10769000223023F0700323F4E043334320F82230F8
:1076A000097830F8212022F0700222F4804282F41E
:1076B000805282F40052224320F821205AE00A78B6
:1076C00030F822C02CF0700C2CF4E04C48F28018FA
:1076D0004CEA080C20F822C0F9E60A7830F822C0FB
:1076E0001CF4804F09D030F822C02CF0700C2CF420
:1076F000E04C4CEA060C20F822C00A7830F822C090
:107700001CF0400F09D030F822C02CF0700C2CF483
:10771000E04C4CEA030320F822300A7830F822309B
:1077200023F0700323F4804383F4805383F40053E5
:10773000234320F82230097830F8212022F44152E6
:1077400022F48042224320F8212013E00A7830F806
:10775000223023F4415323F48043234320F8223082
:10776000097830F8212022F0700222F4804222436E
:1077700020F821202846BDE8F001704770B40E7B48
:107780004B780A7848F2800C48F2C0044CF280052D
:10779000002E41D0002B75D030F8223013F4804FEA
:1077A00008D030F8223023F0700323F4E0432B4359
:1077B00020F822300A7830F8223013F0400F08D039
:1077C00030F8223023F0700323F4E043234320F801
:1077D00022300A7830F8223023F0700323F4E0439B
:1077E0002B4320F822300A7830F8223023F441531A
:1077F00023F4804343EA0C0320F82230097830F860
:10780000212022F0700222F4804242EA0C0220F889
:10781000212070BC00207047CBB130F8223013F02B
:10782000400F08D030F8223023F0700323F4E043F7
:10783000234320F82230097830F8212022F44152E5
:1078400022F4804242EA0C0220F82120E1E730F8DD
:10785000223013F4804F08D030F8223023F0700328
:1078600023F4E0432B4320F82230097830F821201C
:1078700022F0700222F4804242EA0C0220F8212019
:10788000C7E7FFE730F8223013F4804F08D030F814
:10789000223023F0700323F4E0432B4320F82230FE
:1078A0000A7830F8223013F0400F08D030F8223038
:1078B00023F0700323F4E043234320F822300A78B6
:1078C00030F8223023F0700323F4E043234320F800
:1078D00022300A7830F8223023F0700323F48043FA
:1078E00043EA0C0320F82230097830F8212022F4F2
:1078F000415222F4804242EA0C0220F8212088E71B
:10790000002070470121A0F840100021A0F840108D
:10791000A0F84410A0F8501000207047B0F84010B4
:1079200021F43F41A0F840100020704710B40A7BBA
:10793000002A45D14A7848F2800C0AB30A7830F818
:10794000223013F0400F0AD030F8223023F07003B9
:1079500023F4E04348F2C004234320F82230CA78DD
:10796000012A2DD0097830F8212022F4415222F446
:10797000804282F0200242EA0C0220F821201FE01F
:107980000A7830F8223013F4804F0AD030F82230D1
:1079900023F0700323F4E0434CF28004234320F8E7
:1079A0002230097830F8212022F0700222F480423F
:1079B00082F4805282F4005242EA0C0220F8212024
:1079C00010BC002070474A78097848F28003002AEA
:1079D0000BD030F8212022F4415222F4804282F070
:1079E00010021A4320F821200AE030F8212022F06A
:1079F000700222F4804282F480521A4320F821203F
:107A0000002070472DE9F04F05460C4606276278A6
:107A1000217B4FF0000B4FF002084FF6FF794FF437
:107A2000004A012A0CD0002900F0A381E078022846
:107A300000F0D181012800F04D820120BDE8F08FD7
:107A4000A6692069864200D90646E9B1E178022993
:107A50002CD0206A801B2062207835F8201011F08D
:107A6000400F00F06681B5F85010294407EBC000C4
:107A700001EB4000A0F800646289B3B22846616956
:107A800000F0DCFA00F064B9B3B2E288284661691C
:107A900000F0D4FAB5F850002844217808EBC10171
:107AA00000EB4100A0F8006400F052B9216A814265
:107AB00040F22281207835F8201021F0700121F465
:107AC000E04148F28012114325F82010206A801B03
:107AD0002062207835F8201011F0400F74D06178C2
:107AE00011B1012927D02FE0B5F85010294407EB38
:107AF000C00001EB400000F5806056B13E2E11D869
:107B0000710816F0010F00D0491C09EA812101809B
:107B10001AE0018821F4F8410180018841F4004114
:107B2000018011E0710916F01F0F00D1491E4AEAC9
:107B30008121018008E0B5F85020511907EBC00001
:107B400001EB4000A0F800646289B3B22846616985
:107B500000F074FA6069304460612169206A8842EB
:107B600002D9801B206202E00646C4F820B060788B
:107B700010B1012829D032E0B5F85000284421780E
:107B800008EBC10100EB410000F5806056B13E2ECC
:107B900011D8710816F0010F00D0491C09EA8121A3
:107BA00001801CE0018821F4F8410180018841F442
:107BB0000041018013E0710916F01F0F00D1491E2A
:107BC0004AEA812101800AE010E0B5F8500028441B
:107BD000217808EBC10100EB4100A0F80064228984
:107BE000B3B22846616900F029FAB1E0617811B1B9
:107BF000012927D02FE0B5F85010294408EBC00028
:107C000001EB400000F5806056B13E2E11D871089E
:107C100016F0010F00D0491C09EA812101801AE009
:107C2000018821F4F8410180018841F4004101807C
:107C300011E0710916F01F0F00D1491E4AEA812197
:107C4000018008E0B5F85010294408EBC00001EBB2
:107C50004000A0F800642289B3B22846616900F0B0
:107C6000EDF96069304460612169206A884202D977
:107C7000801B206202E00646C4F820B0607810B194
:107C8000012828D031E0B5F850002844217807EBCE
:107C9000C10100EB410000F5806056B13E2E11D8C5
:107CA000710816F0010F00D0491C09EA81210180FA
:107CB0001BE0018821F4F8410180018841F4004172
:107CC000018012E0710916F01F0F00D1491E4AEA27
:107CD0008121018009E0B5F850104819217807EB9F
:107CE000C10100EB4100A0F800646289B3B22846EC
:107CF000616900F0A3F92BE0207835F8202022F408
:107D0000B87222F4E04248F280031A4325F820209A
:107D1000B5F850002844227808EBC20200EB42007C
:107D20008BB2A0F8003422892846616900F086F9F8
:107D30000EE0B5F85010294408EBC00001EB4000FC
:107D4000A0F800642289B3B22846616900F076F990
:107D5000207835F8201021F4415121F4804181F040
:107D6000100181F0200148F28002114325F8201013
:107D70002AE1A1692069814202D9091AA16102E0C0
:107D80000846C4F818B0B5F850102944227807EB1B
:107D9000C20201EB420101F5806150B13E2811D8C9
:107DA000420810F0010F00D0521C09EA822008801E
:107DB000FAE0088820F4F8400880088840F4004081
:107DC0000880F1E0420910F01F0F00D1521E4AEA6C
:107DD00082200880E8E03ABBB5F8500028442178BA
:107DE00008EBC10100EB410000F58060216951B151
:107DF0003E2911D84A0811F0010F00D0521C09EA9F
:107E00008221018010E0018821F4F841018001887D
:107E100041F40041018007E04A0911F01F0F00D131
:107E2000521E4AEA82210180607810B1012829D0CF
:107E300033E0B5F850002844217807EBC10100EB8E
:107E4000410000F58060216951B13E2911D84A08EE
:107E500011F0010F00D0521C09EA822101801CE0C0
:107E6000018821F4F8410180018841F4004101803A
:107E700013E04A0911F01F0F00D1521E4AEA822175
:107E800001800AE0B5F850104819217807EBC101CC
:107E900000EB4100218AA0F80014E069D8B32178F2
:107EA00035F8210010F4804F02D010F0400F05D1BA
:107EB00000F4804200F04000104375D135F82100F5
:107EC00020F0700020F4E04048F2C002104325F892
:107ED000210069E0A1692069814202D9091AA161E2
:107EE00002E00846C4F818B03ABBB5F8501029446F
:107EF000227808EBC20201EB420101F5806158B122
:107F00003E2812D8420810F0010F00D0521C09EA96
:107F100082220A8011E047E00A8822F4F8420A80AF
:107F20000A8842F400420A8007E0420910F01F0F5D
:107F300000D1521E4AEA82220A80617811B10129D9
:107F400028D031E0B5F850102944227807EBC2025E
:107F500001EB420101F5806150B13E2811D8420881
:107F600010F0010F00D0521C09EA822008801BE0AB
:107F7000088820F4F8400880088840F40040088011
:107F800012E0420910F01F0F00D1521E4AEA82206F
:107F9000088009E0B5F850205119227807EBC20299
:107FA00001EB4201A1F80004207835F8201021F0FF
:107FB000700121F4804181F4805181F4005148F234
:107FC0008002114325F820100020BDE8F08F002129
:107FD000A0F844104FF43F41A0F840100020704733
:107FE0000148FBF726B9000010640020B0F84400F7
:107FF000704710B44FEA530C00EB420000F580606C
:10800000BCF1000F0CD00288841C0A70481C110AB5
:108010000170411CA01CACF1010CBCF1000FF2D1AD
:1080200013F0010F01D00088087010BC70470029C0
:1080300002D18021A0F84C10002070475B1C5B0827
:1080400000EB420000F58060002B0BD00A78491C41
:1080500091F800C042EA0C220280001D491C5B1E00
:10806000002BF3D17047FEE703B40198410000985C
:1080700050EAC12018BF04204A0D18BF40F001008B
:1080800040F2FF72B2EB515F08BF40F002000128DE
:1080900008BF052002B0704770B59B482DED020B5C
:1080A0002DED068B079D25F00044A04218DC974873
:1080B000844202DC0AD1069840B19DED060BBDEC6E
:1080C000068B02B0BDE8704000F003BB002DCCBFB2
:1080D0009FED8F0B9FED900BBDEC068B02B070BD3A
:1080E0008F48A04215DD8F48A042D8BF4FF0FF3423
:1080F00058DD9DED060B51EC100BFFF7B5FF042882
:1081000008BF00F0FDFA9DED060BBDEC068B02B03A
:1081100070BD9DED060B51EC100B00F01BFBCDE983
:10812000060181489FED828BA0423CDD8248A0423F
:108130001FDD00249FED82AB9DED060B53EC1A2B47
:1081400051EC100B00F0C8FC9DED060B41EC190B37
:1081500053EC1A2B51EC100B00F02EFF53EC182BA4
:1081600001F000F953EC192B00F05EFDCDE906019A
:1081700049E09DED060B012453EC182B51EC100B3C
:1081800000F0AAFC9DED060B41EC190B53EC182BEB
:1081900051EC100B01F0E6F853EC192B00F044FD04
:1081A000CDE906012FE06848A0421FDD02249FEDC3
:1081B000689B9DED060B53EC192B51EC100B00F056
:1081C000FBFE53EC182B00F087FC9DED060B41ECF9
:1081D000180B53EC192B51EC100B01F0C3F853ECB6
:1081E000182B00F021FDCDE906010CE09DED060BFA
:1081F000032453EC102B9FED580B51EC100B00F0A7
:1082000013FDCDE906019DED060B53EC102B51EC4F
:10821000100B00F0D1FE41EC180B53EC182B00F0C2
:10822000CBFE41EC190B4E480621B0EE490AF0EEA8
:10823000690A784400F0D1F953EC182B51EC100B7B
:1082400000F0BAFE41EC180B4648B0EE490AF0EED9
:10825000690A0521784400F0C0F953EC192B51EC60
:10826000100B00F0A9FE41EC100B51EC180B53EC75
:10827000102B002C0EDA00F02FFC9DED061B53ECAA
:10828000112B00F099FE9DED061B53EC112B00F015
:1082900091FF35E000F020FC9DED061B53EC112B07
:1082A00000F08AFE41EC100B2F48784400EBC4002C
:1082B00090ED001B51EC100B53EC112B01F052F818
:1082C0009DED061B53EC112B01F04CF841EC100B0B
:1082D0002648784400EBC40090ED001B51EC100BD5
:1082E00053EC112B00F066FF41EC100B002DA2BFE8
:1082F000BDEC068B02B070BD51EC100B00F0AEFB74
:1083000041EC100B01E70000000010440000F07F7A
:10831000182D4454FB21F93F182D4454FB21F9BF7B
:108320000000DC3F0000203E0000F33F00000000A2
:10833000000000000000F03F0000E63F00000000E9
:10834000000000000000004000800340000000002A
:10835000000000000000F83F000000000000F0BF37
:10836000CA230000802300000A230000C22200006C
:1083700070B56B4E2DED040B2DED028B82B0DDF848
:108380001CC0DDE905235C422CF000411C4341EA9E
:10839000D474049D22F00040B44205D86C422C43B2
:1083A00040EAD474B4420BD99DED061B9DED040B3D
:1083B00002B0BDEC028B04B0BDE8704000F093B990
:1083C000ACF14054A4F17F641C430BD0022404EAB6
:1083D000AC7444EAD27405439FED538B9FED542B4C
:1083E00007D015E09DED040B51EC100B00F098F94F
:1083F00042E0002C11BF012C9DED040B02B0BDEC3E
:10840000028B04BF04B070BD022C38D0032C3BD0CB
:108410000B439FED491B9FED4A0B0AD0B14218D187
:10842000B04209D121F0804120F0804007910590B1
:108430000FE0002A15DA10E0434B7B44002C08BF04
:1084400093ED000B0DD0012C10D0022C17D0032C73
:108450001AD0B0421DD1002A03DAB0EE410AF0EE84
:10846000610A02B0BDEC028B04B070BD93ED000B4D
:1084700051EC100B00F0F2FA41EC100BF1E7B0EE0A
:10848000480AF0EE680AECE7B0EE420AF0EE620A43
:10849000E7E7401A00153C28C8BF8DED000B19DC3A
:1084A000BCF1000FBEBF10F13C0F9FED290B8DED0D
:1084B000000B0FDB9DED060B53EC102B9DED040B19
:1084C00051EC100B00F0B0FB00F044F900F028F97B
:1084D000CDE90001002C08BF9DED000BC1D0012C9F
:1084E00010D0022C9FED1C0B53EC102B9DED000BBC
:1084F00051EC100B0DD000F035FF53EC182B00F0B1
:1085000031FFB9E7019880F0004001909DED000B2C
:10851000A7E700F027FF53EC182B00F04BFEABE76A
:108520000000F07F00000000182D4454FB2109409A
:10853000182D4454FB2109C0182D4454FB21F9BFC8
:10854000182D4454FB21F93FF221000000000000E7
:108550000000000000000000075C143326A6A13CC8
:1085600000B52DED048BB0EE409AF0EE609A83B02A
:1085700051EC190B00F02AFE41EC180B18EE100A12
:1085800018EE901A8DED008B002818BF01200843CB
:1085900020F00040C0F17F6000F1E040C00F14D037
:1085A00019EE101A19EE900A8DED009B002918BFE4
:1085B0000121084320F00040C0F17F6000F1E0405D
:1085C000C00F04BF0120F7F7C7FFB0EE480A03B0A1
:1085D000F0EE680ABDEC048B00BD70B504462DEDCD
:1085E000028B4D1E00EBC500B0EE408AF0EE608AB3
:1085F00090ED000B35F0060017D053EC182B51EC22
:10860000100B00F0D9FC41EC100B6D1E04EBC50003
:1086100090ED001B51EC100B53EC112B00F05CFAA9
:1086200041EC100B35F00600E7D1022D36D0042DB9
:108630001CD0062D1CBFBDEC028B70BD53EC182B5B
:1086400051EC100B00F0B8FC94ED0A1B53EC112B0D
:1086500000F042FA53EC182B00F0AEFC94ED081B2E
:1086600053EC112B00F038FA41EC100B53EC182BA3
:1086700051EC100B00F0A0FC94ED061B53EC112BF9
:1086800000F02AFA53EC182B00F096FC94ED040B42
:1086900053EC102B00F020FA41EC100B53EC182B8C
:1086A00051EC100B00F088FC94ED021B53EC112BE5
:1086B00000F012FA53EC182B00F07EFC94ED001B36
:1086C00053EC112B00F008FABDEC028B41EC100BBF
:1086D00070BD10B553EC102B51EC100B00F0FCF9F1
:1086E00041EC100B10BD10B553EC112B51EC100BDD
:1086F00000F0F2F941EC100B10BD0000000000008A
:108700009FED050B10B553EC102B51EC100B00F046
:1087100053FC41EC100B10BD0000000000000010E5
:1087200010B541EC100BFFF7B7FC51EC100B10BD6E
:108730008260C162521E02610023C360194600EBD1
:1087400081025361D3615362491C0229F7DB036044
:108750004360704782B0CDE9000121F000400190F4
:108760009DED000B02B051EC100B70470EB5FAF7FF
:1087700033F9FDF7AFF8FCF721FC9548416941F06A
:10878000020141614069002200F0020000901146A0
:108790003A20FAF77BF93A20FAF76AF900221146F3
:1087A0003B20FAF773F93B20FAF762F900221146F1
:1087B0003C20FAF76BF93C20FAF75AF90024864975
:1087C000009401948348029408600846F9F795FDE7
:1087D00000B1FEE70094002269467F480194F9F752
:1087E00063FD00B1FEE7FCF76FFCFCF797FCFCF7BC
:1087F0001DFEFCF741FCFCF7BDFBFCF78DFD784846
:1088000000947649019401604721C0E9011440F2C7
:10881000E731C16080218161FBF7CBFF00B1FEE74A
:10882000009469466E480194FBF77BFF00B1FEE7B8
:10883000FCF7DAFCFCF724FDFCF7DCFDFCF798FC08
:10884000FCF79EFD66480021E438FCF79DFA644978
:108850004FF40055D0312A4601F50050FFF768FF6C
:10886000604C4FF47A70604920601F20C4F8000209
:10887000A1F5D260CDE90001A0F5D263A0F529628F
:10888000214600F204708C34F8F712F9564874301F
:10889000F8F7DAFA504804216030FBF76FFD4E48D4
:1088A0000421A430FBF76AFD504E4B4801223146AB
:1088B0006030FBF78CFD484801223146A430FBF7BD
:1088C00086FD454E60363068016841F40031016034
:1088D00031680123464A64317069F9F724FE306833
:1088E000416841F40001416044363068016841F458
:1088F000003101603E4A31680123921C6431706985
:10890000F9F711FE3068416841F40001416000232D
:108910001A4606F590713748F8F72EFE354806F5E9
:10892000B6712430012300220646F8F725FEF7F73A
:108930009DFCE26CE16D00FB012082B2A08D81B252
:10894000A08F80B2CDE90001A08B83B2B4F894006F
:1089500081B22848F8F728FEF7F788FCE26CE16D51
:1089600000FB012082B2A08DA18F80B289B2CDE937
:108970000010A08B83B2B4F8940081B23046F8F7AF
:1089800013FE00211448F9F70EFD1548FBF786FF8A
:108990006E11C43CE069B04207D96068800702D517
:1089A000F9F724F901E0F9F701F9E069A84201D9E2
:1089B000F9F7FCF80C486A4601A9D430F8F740FFF3
:1089C0000028E7D1DDE90010F8F79AFFE2E70000A0
:1089D000001002400074004060050020009C004030
:1089E000BC070020C4280020EC3B0020400006000B
:1089F00014000020185E002070EE600A10B510EE22
:108A0000900A2DED028B11499FED118B884208DBF6
:108A100010EE100A00F090FD53EC182B00F0A2FCB1
:108A20000CE010EE900A0C4988420BD910EE100AA7
:108A300000F082FD53EC182B00F04EF800F01AF80D
:108A400000EE100ABDEC028B10BD0000DB0F4940A8
:108A5000112D4454FB211940DB0F49C081F0004126
:108A6000704780F00040704721F00041704720F0CF
:108A70000040704721F00042A2F16052B2F5801F21
:108A800001F0004328BFD2F17F6C0BD95FEA001CD4
:108A900043EAC20242EB507018BF704728BF20F073
:108AA00001007047B2F5801FBCBF184670474FEAFF
:108AB000410C1CF5001F02D2084600F0B3BD70B592
:108AC00000F024FB00000089FFF7F6BF4FF00040E4
:108AD000A0F580007047000010B591EA030F48BF71
:108AE00083F0004300F14684841A71EB030C05D235
:108AF000121943EB0C03001B61EB0C01DFF824E1BE
:108B00004FEA1154A4EB135C1EEA430F18BF9EEA10
:108B1000445F73D023EA0E03DCF1200E21EA0451F6
:108B200043F4801332D322FA0CFE10EB0E0023FA2A
:108B30000CFE41EB0E01CCF1200E03FA0EFE10EB01
:108B40000E0051F10001B1F5801FCCF1200E32D2A0
:108B500001EB045112FA0EF2BDE8104058BF704705
:108B6000401C38BF5FEA420218BF7047002814BF9C
:108B700020F0010041F100014FEA410313F5001F0D
:108B800038BF7047A1F1C04100F00EBB012A43EB92
:108B90000302ACF1200CDCF11F0E32BF4FF0000ECF
:108BA00023FA0CF310EB030041EB0451B4EB115F1B
:108BB000D0D0A1EB045101F5801149085FEA3000E3
:108BC00001EB04510ED350F1000038BF12FA0EFE33
:108BD00008D1BDE81040C9E7401C38BF5FEA420237
:108BE000CAD1C3E7BDE810404FEA410313F5001FA7
:108BF00038BF7047A1F1C04100F0D6BA9EEA445F89
:108C000008D011EA5E0FBDE8104004BF01F000413A
:108C100000207047BDE8104070B500F077FA00BF43
:108C200064FBBE3E0000E0FF2DE9C04130B4DFF838
:108C3000A0C23CEA111418BF3CEA131400F0EC8007
:108C400081EA03051CEA111444EAD57418BF1CEA32
:108C5000131500F0C780A4EB05044FF0004545EA6A
:108C6000C12145EAC32341EA505143EA525304F17A
:108C70007F74994204F500344FEAC0204FEAC222C3
:108C800008BF904200F09C804FEA13650FF2401637
:108C9000765D4FEA134506FB05F7C7F1807706FBC3
:108CA00007F74FEAD737A7FB03687642C8F5803845
:108CB000A7FB06CE38BFA8F1010807FB08E64FF076
:108CC000000EA6FB028CE6FB03CEDCF1000CCEF11D
:108CD000004E38BFAEF1010EA6FB0C584FF0000756
:108CE0004FF00005E6FB0E87A1FB08C6A0FB07CEF0
:108CF00016EB0E0645F10005E1FB076515F1E04EA8
:108D00007EBFA4F580345FEA46066D4116F1800708
:108D100045F100054FEA17274FEA066647EA05675F
:108D2000A6F1DE46B6F1805F4FEA15251FD9384619
:108D300024F0010C05EBC471BCF1FE6F01EB0C11CA
:108D400002D8F0BCBDE8008124425CBF01F5801E62
:108D50009EEAC47F02D4F0BCBDE80081244238D42E
:108D6000F0BCA1F1C041BDE8004100F01DBA4FEADE
:108D7000D22242EA43524FEAD323A7FB02864FEAAC
:108D8000D02040EA415007FB03661EEA0E0F4FEA6F
:108D9000D12105FB026658BFA6EB0056B6EB005684
:108DA0004FEA520E4EEAC37E18EB0E0E56EB530EF0
:108DB000BDD518EB02085E417F1C55F10005B6E7F2
:108DC0004FF480154FF000074FF000064FF00008F9
:108DD000ADE7F0BC4FF0000001F1C04101F00041EF
:108DE000BDE8008111EA0C1F0CEA131500D00CE05D
:108DF00013EA0C1F00F025804FF00000F0BC81EA60
:108E0000030101F00041BDE80081F0BCBDE8004174
:108E100081EA030100F0C8B9F0BCBDE8004170B5BB
:108E200000F074F9097EFC3E00F007B881EA030106
:108E30004FF0000001F00041704781EA030100F0AB
:108E4000B3B9F0BCBDE800414FF0000021497047C4
:108E5000FFFDFBF9F7F5F4F2F0EEEDEBE9E8E6E4FF
:108E6000E3E1E0DEDDDBDAD8D7D5D4D3D1D0CFCD86
:108E7000CCCBCAC8C7C6C5C4C2C1C0BFBEBDBCBBBF
:108E8000BAB9B8B7B6B5B4B3B2B1B0AFAEADACABBA
:108E9000AAA9A8A8A7A6A5A4A3A3A2A1A09F9F9E94
:108EA0009D9C9C9B9A999998979796959594939346
:108EB000929191908F8F8E8E8D8C8C8B8B8A8989DD
:108EC0008888878786858584848383828281818060
:108ED0000000FF070000F87F10F0004248BF40424A
:108EE000B0FA80F310FA03F10AD0C3F11D0303F5C1
:108EF00080634FEA415002EB035202EBD1217047ED
:108F00004FF000007047B0FA80F310FA03F10AD076
:108F1000C3F11D0303F580634FEA41504FEA03524A
:108F200002EBD12170474FF000007047B1FA81F396
:108F30000B3B20D3994010D1B0FA80F310FA03F123
:108F400008BF7047C3F11D0303F580634FEAD122C8
:108F50004FEA415002EB03517047C3F1200C20FA55
:108F60000CFC9840C3F1320303F5806341EA0C0125
:108F700001EB0351704710B5C3F10004C3F1320C8B
:108F8000C4F1200E0CF5806201FA0EFC21FA04F106
:108F900000FA0EF3E040BDE8104040EA0C0001EB9F
:108FA000025138BF7047401C41F100015B0008BF0F
:108FB00020F0010070470000DFF848C170B51CEADE
:108FC000111E1EBF1CEA13159EEA0C0F95EA0C0F2A
:108FD00000F06F8081EA030423EA4C134EEAD47E4A
:108FE00021EA4C1141F4801143F48013AE44A1FBFB
:108FF000024CA0FB0365AEF17F7E361955EB0C05E4
:10900000A1FB034C4CF10003A0FB021C16EB0C0669
:10901000654153F10003094218BF46F0010613F4FD
:10902000007F0BD14FEA03314FEA0530340341EAA8
:10903000155140EA16506FF003020AE04FEAC321CF
:109040004FEAC520F40241EA555140EA56506FF00C
:10905000020202EB2E4201EB025585EACE710AD0E4
:109060005FEA440C18BF24F0004450F1000041F1C5
:10907000000120EAD47040F2FE7C624500D270BD4F
:10908000A84214BF4FF080444FF04044002E08BF68
:109090000024BEF1806FA8BFA1F1C041BDE87040BF
:1090A00080F282804FF0000001F1C04101F00041E8
:1090B00070479EEA0C0F0CEA131518BF95EA0C0FC7
:1090C00006D04FF0000081EA030E0EF0004170BDA3
:1090D00000F01CF88900013E00F007B800F009B864
:1090E0004FEA430C5FEA5C5C08D081EA030100F0C0
:1090F0005BB84FEA410C5FEA5C5CF6D14FF00000D0
:10910000014970470000FF070000F87F0EF1020ED2
:109110002EF0030E5EF8046B364205D4012A43EBB1
:10912000030515F5001F12D8012841EB010C1CF5B1
:10913000001F0CD80ED14FEAD17C15F5001F0CEBA7
:109140004C0C0CF1020C08BF4CEBD37C04E04FF04C
:10915000080C01E04FEAD37C0CEB4C0526FA05F62F
:1091600006F00706B6F1040C06D20EEB860CBDE83D
:1091700070404CF0010C6047DFE80CF0090B020274
:109180004FF000414FF00000A1F5002170BD1946DD
:109190001046012851EB010418BFD4F5001484BF18
:1091A000002001F0004170BD0808A0F500114FEA51
:1091B0003101704791EA030F10B581F000413FF58E
:1091C00093AC83F0004300F0D5B800002DE9F041E6
:1091D00001F5801CBCF5001FC0F2A9804FEA115CAC
:1091E00021EA0C510CF1FD0C41F480115FEA5C0C9A
:1091F0000CF5C07C01D34000494130A4890241EA0A
:10920000905187028E0E0A0CA45D04FB04F602FB4B
:1092100006F6C6F14046A4FB0662F60D46EA422673
:1092200006FB06F4A4FB01235242C3F1404338BFBE
:109230005B1EA6FB02420024E6FB0324D20B42EA9B
:109240004446A6FB0623A1FB02E2A3FB07E4E3FBE3
:1092500061426442C2F1404E38BFAEF1010EA6FB3E
:1092600004234FF00002E6FB0E32A2FB034634005B
:10927000E2FB6264A1FB06E6A4FB07E8E4FB61688D
:109280007642C8F1405838BFA8F10108A2FB06E4B5
:10929000A3FB08E5E2FB6854A1FB05E6A7FB04E895
:1092A000E1FB648618F1200556F10006A809A8F133
:1092B0001B08B10908F03F08B8F10A0F40EA8660C0
:1092C0001CD901EB0C51BDE8F08100BFFCF5EEE8C4
:1092D000E2DDD8D3CFCBC7C3C0BDB9B6B4B1AEAC55
:1092E000A9A7A5A3A19F9D9B9A9896959392908FCD
:1092F0008D8C8B898887868584838281A0FB00681A
:1093000000FB01F208EB4208B8EB872807D53418B8
:1093100058EB0104D5D5401C51F10001D1E7341AB6
:1093200078EB0104CDD4401E71F10001C9E75FEA7A
:109330004C0C5FEA9C5C0DD105D34FF0000001F0AE
:109340000041BDE8F081BDE8F04170B5FFF7DEFEF9
:109350006DDBFFBEBDE8F0414FF0000000497047F3
:109360000000F87F10B591EA030F48BF83F0004377
:109370003FF5BAAB841A71EB030C07D212198CF0CB
:10938000004C43EB0C03001B61EB0C01DFF8A4E184
:109390004FEA1154A4EB135C1EEA430F18BF9EEA78
:1093A000445F00F0B08023EA6E03524221EA045188
:1093B000C3EB6E0338BF5B1EDCF1200E25D322FA0F
:1093C0000CFE10EB0E0043FA0CFE41EB0E01CCF14B
:1093D000200E03FA0EFE10EB0E0051F10001CCF14D
:1093E000200E29D412FA0EF201EB0451BDE8104010
:1093F00058BF7047401C1CBFB2F1004F7047002897
:109400000CBF491C20F00100704712EB020E43EB29
:10941000030218BF4FF0010E4EEA4202ACF1200CDD
:10942000DCF11E0E54D943FA0CFE10EB0E0051F184
:10943000FF31CCF11E0ED5D50EF1010E12FA0EFE43
:10944000404141EB010101EB445C5FEA5C5C10D9F7
:1094500010EBDE7001EB045138BFBEF1004FBDE8E8
:10946000104018BF704700280CBF491C20F00100B5
:10947000704730D24FEAD42C11F5001124F4006467
:109480001BD0B1FA81F20B3AA41AA41ED2F1200328
:10949000914030FA03F31943904001EBCC71002C5A
:1094A00001EB0451BDE81040A8BF704701F1C04175
:1094B0004FF0000001F000417047B0FA80F310FA5D
:1094C00003F100D110BDE41A173C4805C90AE4E7CE
:1094D00001EB045110BD491001EB0451BDE81040EF
:1094E0004FEA300002E04FF0000170474A0008BF29
:1094F0000042F8D0B2F5001F28BF704701F00041CC
:109500004FF0000070479EEA445F07D011EA5E0FFB
:10951000BDE8104004BF002100207047BDE81040A6
:1095200070B5FFF7F3FD00BF40DFF63E83F000416A
:10953000104670470000E0FF43004FEAD30C4FEAAB
:109540003C0C43401FBF40070CF1605113F0FE4F2D
:1095500070471CF0006F03D100200CF000417047F1
:109560000CF0004343EA507010B540EACC0000F024
:109570000EF800BF000000924FEA0001FFF714BE92
:109580004FF000414FF00000A1F5002170470EF1AF
:10959000020E2EF0030E5EF8044B244204D44FEA70
:1095A0004102B2F17F4F11D84FEA4003B3F17F4F30
:1095B0000CD80ED14FEAD07CB2F17F4F0CEB4C0CA3
:1095C0000CF1020C08BF4CEBD17C04E04FF0080C0E
:1095D00001E04FEAD17C0CEB4C0324FA03F404F0D5
:1095E0000704B4F1040C06D20EEB840CBDE8104065
:1095F0004CF0010C6047DFE80CF0070802024FF066
:109600000040A0F5800010BD0846420018BFD2F10E
:10961000807288BF00F0004010BD4FF04070E1EE56
:10962000100A7047FF2141EAD050C0057047000082
:109630004FEAC1230A1543EA50534FEAC02C18BF22
:1096400043F000431BD4A2F24E02D2F57C72C0F26A
:109650002080502AA8BF502223FA02F12CFA02F0EF
:1096600060B4D2F1200284BF03FA02F52843C2F1AC
:1096700000029CBF23FA02F5284360BC704701F149
:10968000804212F5801F04DA4FF000004FF0000115
:10969000704770B5FFF73AFD49922480002001E041
:1096A0006FEAE17001467047C2154FEA002318BF08
:1096B00043F000430ED4D2F1BE0215D323FA02F1D7
:1096C000B2F1200C2EBF23FA0CF0C2F1200C03FAE9
:1096D0000CF070474FEA400CBCF1FE4F04D24FF043
:1096E00000004FF00001704710B5FFF750FF00BFBA
:1096F0009224498000204FF0000170476FEAE0702B
:109700000146704701000000030000000100000056
:109710000000000000000000000000000000000049
:10972000000000000000000082574B3C00000000D9
:10973000000000000000803F00000000000080BF2B
:109740000000803F00000000000000000000803F9B
:1097500000000000000000000000803F86C9FCBF40
:1097600065A5793F0000803F000000000000000078
:1097700001000000030000000100000000000000E4
:1097800000000000000000000000000000000000D9
:10979000000000000000803F00000000000000000A
:1097A0000000803F00000000000000000000803F3B
:1097B00000000000000000000000803F00000000EA
:1097C000000000000000803F0000000000000000DA
:1097D0000000803F000000000000000001000000C9
:1097E0000300000001000000030000000100000071
:1097F0000300000001000000000000000000000065
:109800000000000000000000000000000000000058
:109810000000000000000000000000000000000048
:109820000000000000000000000000000000000038
:10983000D9940BBE00000000000000000000803F33
:1098400023DB81BF000000000000803F000000001B
:10985000000000000000803FC65016BFF85377405C
:109860000000803F00000000000000000000803F7A
:10987000CA3204C0AEB6E23F0000803F00000000E4
:10988000000000000000803F000000000000000019
:109890000000803F410E6ABF000000000000803FD2
:1098A00000000000000000000000803F2D43BCBF0E
:1098B000598B273F0000803F00000000000000009F
:1098C0000000803FF0BF6DBF5EF4353F0000803F79
:1098D0000000000000000000010000000300000084
:1098E0000100000000000000000000000000000077
:1098F0000000000000000000000000005DE2C83C25
:1099000000000000000000000000803F0000000098
:10991000000080BF0000803F000000000000000049
:109920000000803F00000000000000000000803FB9
:109930001C7CF9BF1D72733F0000803F00000000D7
:109940000000000001000000030000000100000012
:109950000000000000000000000000000000000007
:10996000000000000000000082574B3C0000000097
:10997000000000000000803F0000803F0000000069
:109980000000803F00000000000000000000803F59
:1099900000000000000000000000803F65A579BFC6
:1099A000000000000000803F0000000000000000F8
:1099B000010000000300000001000000030000009F
:1099C0000100000000000000000000000000000096
:1099D0000000000000000000000000000000000087
:1099E00000000000000000000000000057045FBEFF
:1099F00000000000000000000000803F448B84BF96
:109A0000000000000000803F000000000000000097
:109A10000000803FD3DEA0BF40A485400000803F0F
:109A200000000000000000000000803F0000000077
:109A3000000000000000803F12F760BF000000003F
:109A40000000803F00000000000000000000803F98
:109A5000EFC993BFEE77103F0000803F0000000089
:109A600000000000010000000300000001000000F1
:109A700000000000000000000000000000000000E6
:109A800000000000000000001B657D3C000000009D
:109A9000000000000000803F00000000000080BFC8
:109AA0000000803F00000000000000000000803F38
:109AB00000000000000000000000803F1F85FBBF89
:109AC000F914783F0000803F000000000000000013
:109AD0000100000003000000010000000000000081
:109AE0000000000000000000000000000000000076
:109AF0000000000082574B3C000000000000000006
:109B00000000803F0000803F000000000000803F18
:109B100000000000000000000000803F0000000086
:109B2000000000000000803F65A579BF0000000034
:109B30000000803F00000000000000000100000065
:109B4000030000000100000003000000010000000D
:109B50000000000000000000000000000000000005
:109B600000000000000000000000000000000000F5
:109B70000000000000000000EF554BBE0000000098
:109B8000000000000000803F448B84BF0000000004
:109B90000000803F00000000000000000000803F47
:109BA000D3DEA0BF40A485400000803F000000003D
:109BB000000000000000803F0000000000000000E6
:109BC0000000803F12F760BF000000000000803FEF
:109BD00000000000000000000000803FEFC993BFBC
:109BE000EE77103F0000803F000000000000000002
:109BF0000100000003000000010000000000000060
:109C00000000000000000000000000000000000054
:109C100000000000FDD94F3D0000000000000000E2
:109C20000000803F00000000000080BF0000803F77
:109C300000000000000000000000803F0000000065
:109C4000000000000000803FA323F1BFC004663F76
:109C50000000803F00000000000000000100000044
:109C600003000000010000000000000000000000F0
:109C700000000000000000000000000000000000E4
:109C8000209AF93C00000000000000000000803F26
:109C90000000803F000000000000803F0000000046
:109CA000000000000000803F0000000000000000F5
:109CB0000000803F3C6670BF000000000000803F55
:109CC0000000000000000000010000000300000090
:109CD000010000000300000001000000000000007F
:109CE0000000000000000000000000000000000074
:109CF0000000000000000000000000000000000064
:109D00000000000018CF80BE00000000000000002E
:109D10000000803FD7128ABF000000000000803F93
:109D200000000000000000000000803F1AC0A33FB8
:109D30007D3F65400000803F000000000000000003
:109D40000000803F00000000000000000000803F95
:109D5000E3194CBF000000000000803F000000003D
:109D6000000000000000803FEA3ED0BE4547923E22
:109D70000000803F00000000000000000100000023
:109D800003000000010000000000000000000000CF
:109D900000000000000000000000000000000000C3
:109DA000F3020C3E00000000000000000000803FB5
:109DB00000000000000080BF0000803F00000000A5
:109DC000000000000000803F0000000000000000D4
:109DD0000000803F8885D2BF87FE393F0000803F6A
:109DE000000000000000000001000000030000006F
:109DF0000100000000000000000000000000000062
:109E00000000000000000000000000009F76383DC8
:109E100000000000000000000000803F0000803FC4
:109E2000000000000000803F000000000000000073
:109E30000000803F00000000000000000000803FA4
:109E40002CF168BF000000000000803F000000000F
:109E500000000000010000000300000001000000FD
:109E600000000000000000000000000000000000F2
:109E70000000000000000000A04F34BF0000000000
:109E8000000000000000803FC66D9CBF0000000085
:109E90000000803F00000000000000000000803F44
:109EA00000000000000000000000803F43E25EBFB1
:109EB000000000000000803F0000000000000000E3
:109EC000010000000300000001000000000000008D
:109ED0000000000000000000000000000000000082
:109EE000000000004372723D00000000000000000E
:109EF0000000803F00000000000080BF0000803FA5
:109F000000000000000000000000803F0000000092
:109F1000000000000000803FEE5ADABFD9B1613F77
:109F20000000803F00000000000000000100000071
:109F3000030000000100000000000000000000001D
:109F40000000000000000000000000000000000011
:109F50009CDFB03D00000000000000000000803FDA
:109F60000000803F000000000000803F0000000073
:109F7000000000000000803F000000000000000022
:109F80000000803FF7C753BF000000000000803F83
:109F900000000000000000000100000003000000BD
:109FA00001000000000000000000000000000000B0
:109FB0000000000000000000000000004A5E7DBFBD
:109FC00000000000000000000000803F3B01F5BFE2
:109FD0003867343F0000803F0000000000000000B0
:109FE0000000803F00000000000000000000803FF3
:109FF000C6166ABF5DDC063E0000803F0000000020
:10A00000000000000100000003000000010000004B
:10A010000000000000000000000000000000000040
:10A02000000000000000000024B4E53D0000000036
:10A03000000000000000803F00000000000080BF22
:10A040000000803F00000000000000000000803F92
:10A0500000000000000000000000803F1058B9BF61
:10A06000F792463F0000803F000000000000000023
:10A0700001000000030000000100000000000000DB
:10A0800000000000000000000000000000000000D0
:10A090000000000024B4E53D0000000000000000C6
:10A0A0000000803F0000803F000000000000803F73
:10A0B00000000000000000000000803F00000000E1
:10A0C000000000000000803FF79246BF0000000043
:10A0D0000000803F000000000000000001000000C0
:10A0E000030000000100000000000000000000006C
:10A0F0000000000000000000000000000000000060
:10A10000BC2270BF00000000000000000000803F83
:10A110003B01F5BF3867343F0000803F000000007E
:10A12000000000000000803F000000000000000070
:10A130000000803FC6166ABF5DDC063E0000803F1F
:10A14000000000000000000001000000030000000B
:10A1500001000000000000000000000000000000FE
:10A1600000000000000000000000000082725B3D63
:10A1700000000000000000000000803F0000000020
:10A18000000080BF0000803F0000000000000000D1
:10A190000000803F00000000000000000000803F41
:10A1A0002E90F0BFD191643F0000803F000000007E
:10A1B000000000000100000003000000010000009A
:10A1C000000000000000000000000000000000008F
:10A1D00000000000000000001B657D3C0000000046
:10A1E000000000000000803F0000803F00000000F1
:10A1F0000000803F00000000000000000000803FE1
:10A2000000000000000000000000803FF91478BF4B
:10A21000000000000000803F00000000000000007F
:10A220000100000003000000010000000300000026
:10A23000010000000000000000000000000000001D
:10A24000000000000000000000000000000000000E
:10A25000000000000000000000000000032680BE97
:10A2600000000000000000000000803FD7128ABFFD
:10A27000000000000000803F00000000000000001F
:10A280000000803F1AC0A33F7D3F65400000803F33
:10A2900000000000000000000000803F00000000FF
:10A2A000000000000000803FE3194CBF00000000E8
:10A2B0000000803F00000000000000000000803F20
:10A2C000EA3ED0BE4547923E0000803F00000000BD
:10A2D0000000000001000000030000000100000079
:10A2E000000000000000000000000000000000006E
:10A2F0000000000000000000BBD5A33E00000000ED
:10A30000000000000000803F00000000000080BF4F
:10A310000000803F00000000000000000000803FBF
:10A3200000000000000000000000803FBBD523BFFC
:10A330008B54B83E0000803F000000000000000089
:10A340000100000003000000010000000000000008
:10A3500000000000000000000000000000000000FD
:10A3600000000000FA27183E000000000000000076
:10A370000000803F0000803F000000000000803FA0
:10A3800000000000000000000000803F000000000E
:10A39000000000000000803F5BEB33BF00000000C6
:10A3A0000000803F000000000000000001000000ED
:10A3B0000300000001000000000000000000000099
:10A3C000000000000000000000000000000000008D
:10A3D000AE0D5DBF00000000000000000000803FE7
:10A3E0003B01F5BF3867343F0000803F00000000AC
:10A3F000000000000000803F00000000000000009E
:10A400000000803FC6166ABF5DDC063E0000803F4C
:10A410000000000000000000010000000300000038
:10A42000010000000000000000000000000000002B
:10A4300000000000000000000000000032207B3E11
:10A4400000000000000000000000803F000000004D
:10A45000000080BF0000803F0000000000000000FE
:10A460000000803F00000000000000000000803F6E
:10A4700028D56EBF8F70023F0000803F00000000B3
:10A4800000000000010000000300000001000000C7
:10A4900000000000000000000000000000000000BC
:10A4A0000000000000000000F3020C3E000000006D
:10A4B000000000000000803F0000803F000000001E
:10A4C0000000803F00000000000000000000803F0E
:10A4D00000000000000000000000803F87FE39BF40
:10A4E000000000000000803F0000000000000000AD
:10A4F0000100000003000000010000000000000057
:10A50000000000000000000000000000000000004B
:10A5100000000000812662BF000000000000000073
:10A520000000803F3B01F5BF3867343F0000803FAB
:10A5300000000000000000000000803F000000005C
:10A54000000000000000803FC6166ABF5DDC063ECA
:10A550000000803F0000000000000000000000003C
:10A5600000000000010203040607080900000000C3
:10A570000102030402030405060708090A0B0C0D77
:10A580000E0F10100102030405060708090A0B0C40
:10A590000D0E0F10000000004FBB610567ACDD3FE2
:10A5A000182D4454FB21E93F9BF681D20B73EF3FFA
:10A5B000182D4454FB21F93FE2652F227F2B7A3C72
:10A5C000075C143326A6813CBDCBF07A8807703C2B
:10A5D000075C143326A6913CC4EB98999999C9BF9E
:10A5E000711623FEC671BCBF6D9A74AFF2B0B3BFD3
:10A5F0009AFDDE522DDEADBF2F6C6A2C44B4A2BF93
:10A600000D5555555555D53FFF8300922449C23FFE
:10A610006E204CC5CD45B73F513DD0A0660DB13F32
:10A62000EB0D76244B7BA93F11DA22E33AAD903F44
:10A63000000000000000000058A6000800000020F4
:10A64000A4010000C401000820A70008A401002004
:10A650006C7C0000200200080112C3204113D9685D
:10A66000140809691B0815041A35041A61041AB97B
:10A67000141AE50417040309041201140202021655
:10A680004083043F57260201020301031A1A0313F1
:10A6900045061B0841041A3D041A69041113127A75
:10A6A000193311B210130A0632022A40181C09028B
:10A6B00043571125C03209041B01020B1305241650
:10A6C00010010524011009010424020205240617C3
:10A6D0000107058203081C1009048D320A1D0705B5
:10A6E0000102432C070581070938442A40072A81C3
:10A6F00007112B0907440A3B044413C1651B0821B9
:10A70000041BCB66F8311A670C13A7641B08F1040D
:10A71000C11AA9181A9D041AB5041A910400000060
:040000050800018965
:00000001FF
