:020000040800F2
:10000000F87D0020A1020008B7520008714D0008D9
:10001000B55200083B060008077E000800000000FB
:10002000000000000000000000000000035700086E
:10003000411E000800000000BB56000805570008DC
:10004000BB020008BB020008BB020008BB0200089C
:10005000BB020008BB020008BB020008BB0200088C
:10006000BB020008BB020008BB020008BB0200087C
:10007000BB020008BB020008BB020008BB0200086C
:10008000BB020008BB020008BB020008BB0200085C
:10009000BB020008BB020008BB020008BB0200084C
:1000A000BB0200080D5800083958000865580008C0
:1000B000BB020008BB020008BB020008BB0200082C
:1000C000BB020008BB020008BB020008BB0200081C
:1000D000BB020008BB020008BB020008BB0200080C
:1000E000BB020008BB020008BB020008BB020008FC
:1000F000BB020008BB020008000000000000000076
:100100000000000000000000BB020008BB02000865
:100110000000000000000000BB020008BB02000855
:10012000BB020008BB020008991D0008A51D0008BD
:10013000B11D0008BB020008BB020008BB0200089A
:10014000BB020008000000000000000000000000EA
:10015000000000000000000000000000000000009F
:100160000000000000000000BB020008817D0008C4
:10017000BB02000800000000BB02000800000000F5
:1001800000000000BB02000800F002F800F05EF87A
:100190000AA090E8000C82448344AAF10107DA45E2
:1001A00001D100F053F8AFF2090EBAE80F0013F0D6
:1001B000010F18BFFB1A43F001031847CCA1000040
:1001C000ECA100000A444FF0000C10F8013B13F0C2
:1001D000070408BF10F8014B1D1108BF10F8015BA0
:1001E000641E05D010F8016B641E01F8016BF9D193
:1001F00013F0080F1EBF10F8014BAD1C0C1B09D1EA
:100200006D1E58BF01F801CBFAD505E014F8016B5B
:1002100001F8016B6D1EF9D59142D6D370470000ED
:100220000023002400250026103A28BF78C1FBD8FF
:10023000520728BF30C148BF0B6070471FB509F097
:1002400070F800F0DAF81FBD10B510BD00F092F99B
:100250001146FFF7F3FF08F057F900F0B0F903B4C7
:10026000FFF7F2FF03BC00F0B3F900000B49D1F82F
:1002700000C04A685CF8043B1068184442F8040B5C
:100280008C4528BFA1F1DC0C8A4228BFA1F1DC0219
:10029000C1F800C04A6020F0004070479071002013
:1002A0000948804709480047FEE7FEE7FEE7FEE70A
:1002B000FEE7FEE7FEE7FEE7FEE7FEE70448054946
:1002C000054A064B70470000A55700088901000841
:1002D000F8710020F87D0020F8770020F8770020E2
:1002E00053EA020C00F069802DE9F04B4FF0000654
:1002F000002B1FBFB3FA83F503FA05F424FA05F6C1
:100300005E4012BF1643B2FA82F502FA05F4C5F157
:1003100020051EBF22FA05FC44EA0C04203556EAEB
:10032000044C4FEA144418BF641C4FF000084FF00F
:100330000009904271EB030C39D3002919BFB1FABF
:1003400081F701FA07F6B0FA80F700FA07F6C7F16D
:1003500020071EBF20FA07FC46EA0C062037B6FB32
:10036000F4FCA7EB0507103F07F01F0BCBF12006AD
:100370000CFA0BFB2CFA06F644BFB3460026202FDE
:10038000A4BF5E464FF0000B5BEA060C08BF4FF0BF
:10039000010B19EB0B09ABFB027C48EB0608C01BF9
:1003A00006FB02CC0BFB03CC71EB0C01C1E70B4647
:1003B000024641464846BDE8F08B13B54FF00000B9
:1003C0004FF00001AFF30080BDE81C407047000013
:1003D0000B4910B5A1F17C020A4CC2E93712372152
:1003E00006E000EB104342F82130074B00FB0340CE
:1003F0000B1EA1F10101F4DC10BD0120E8E70000B3
:1004000030710020E119D666CD0D0100032A40F2BB
:10041000308010F0030C00F0158011F8013BBCF1A6
:10042000020F624498BF11F801CB00F8013B38BFBE
:1004300011F8013BA2F1040298BF00F801CB38BFCC
:1004400000F8013B11F0030300F02580083AC0F0EA
:10045000088051F8043B083A51F804CBA0E8081092
:10046000F5E7121D5CBF51F8043B40F8043BAFF3C5
:100470000080D20724BF11F8013B11F801CB48BF1F
:1004800011F8012B24BF00F8013B00F801CB48BF55
:1004900000F8012B704710B5203AC0F00B80B1E88E
:1004A0001850203AA0E81850B1E81850A0E81850A9
:1004B000BFF4F5AF5FEA027C24BFB1E81850A0E8B2
:1004C000185044BF18C918C0BDE810405FEA827CCC
:1004D00024BF51F8043B40F8043B08BF7047D207E3
:1004E00028BF31F8023B48BF11F8012B28BF20F884
:1004F000023B48BF00F8012B70474FF0000200B5E7
:10050000134694469646203922BFA0E80C50A0E836
:100510000C50B1F12001BFF4F7AF090728BFA0E8E4
:100520000C5048BF0CC05DF804EB890028BF40F8B0
:10053000042B08BF704748BF20F8022B11F0804FF2
:1005400018BF00F8012B704770477047704710B50F
:1005500000F008F8006810BD10B5044600F002F87D
:10056000046010BD00487047987100200048704733
:10057000987100207546FFF7F9FFAE460500694601
:10058000534620F00700854618B020B5FFF796FEC9
:10059000BDE820404FF000064FF000074FF0000884
:1005A0004FF0000B21F00701AC46ACE8C009ACE805
:1005B000C009ACE8C009ACE8C0098D46704710B569
:1005C0000446AFF300802046BDE81040FFF747BE69
:1005D00001491820ABBEFEE726000200704770B547
:1005E00004462068816811F0010F24D0816821F051
:1005F0000101816002F010F805462068806810F063
:10060000010F18D002F008F8401B02280ED920680C
:10061000806810F0010F09D0A06A40F01000A062BD
:10062000E06A40F00100E062012070BD206880684F
:1006300010F0010FE6D1002070BDFEE700207047EA
:100640000020704710B500220449054805F005FF59
:100650000449034805F0FBFE002010BDCC6C0020CF
:10066000145F0020E468002070B50E460546014680
:10067000084805F0ECFE074805F0C8FE002404E039
:10068000295D0548641C01F022F83068A042F7D8C3
:10069000002070BD145F0020A83C00200A460949D4
:1006A00010B5D1F8B812D1F8141209B1012010BD5B
:1006B0000146044805F0D1FEBDE81040014805F0B0
:1006C00047BF0000145F002010B504462DED028BDB
:1006D000806A01F041FAB0EE408A84ED008AE06A57
:1006E00001F03AFAE06901281BD0F0EE408A606B15
:1006F000B0EE680A01F030FA84ED010A84ED028A56
:10070000C4ED038A0021A06B01F0DEFAA06B90F823
:100710002800C00702D0002000F038FBBDEC028B9F
:1007200010BDF0EEC08AE2E7704710B504462DED2B
:10073000028BF0EE608A806A01F00EFAA06901284F
:100740003CD0B0EE408A206BB0EE480A01F004FACB
:1007500084ED000AB0EE680AE06A01F0FDF9E06994
:1007600001282ED0F0EE408A606BB0EE680A01F0EE
:10077000F3F984ED010A84ED028AC4ED038A94ED55
:10078000000A0021A06B01F09FFA94ED010A0121FB
:10079000E06B01F099FAA06B90F82800C00702D036
:1007A000002000F0F3FAE06B90F82800C00702D0B8
:1007B000012000F0EBFABDEC028B10BDB0EEC08A58
:1007C000C1E7F0EEC08ACFE710B504462DED068BE9
:1007D000B0EE608A806A01F0BFF9F0EE408A206BCB
:1007E00001F0BAF9F0EE40AAB0EE480AE06A01F072
:1007F000B3F9B0EE408A606B01F0AEF9B0EE40AAFA
:100800002AEEAA0A08EEA80A10EE100A08F018FD4F
:1008100041EC100B07F074FD51EC100B07F0C4FF16
:100820002AEE0A0A206008EE080A10EE100A08F004
:1008300007FD41EC100B07F063FD51EC100B07F0C6
:10084000B3FF6060C4ED028A84ED038A94ED000A70
:100850000021A06B01F038FA94ED010A0121E06B50
:1008600001F032FAA06B90F82800C00733D018EEE0
:10087000900A08F0E5FC41EC190B1AEE900A08F01A
:10088000DFFC41EC100BB0EE491AF0EE691A07F0EC
:100890003FFC51EC100B07F087FF00EE100A206AB6
:1008A000D0ED520A00F5AC70F4EEC00AF1EE10FA89
:1008B00001D8012100E00021D0ED000AF4EEC00AC9
:1008C000F1EE10FA01DB012000E00020014202D02D
:1008D000002000F05BFAE06B90F82800C00733D0EE
:1008E00018EE100A08F0ACFC41EC180B1AEE100AD6
:1008F00008F0A6FC41EC100BB0EE481AF0EE681AB6
:1009000007F006FC51EC100B07F04EFF00EE100A4A
:10091000206AD0ED530A00F5AE70F4EEC00AF1EE95
:1009200010FA01D8012100E00021D0ED000AF4EE18
:10093000C00AF1EE10FA01DB012000E000200142C4
:1009400002D0012000F022FABDEC068B10BD10B5DC
:1009500004462DED028BF0EE608A806A01F0FCF80F
:10096000A069012839D0B0EE408A206BB0EE480A69
:1009700001F0F2F884ED000AB0EE680AE06A01F0D6
:10098000EBF8E06901282BD0F0EE408A606BB0EE06
:10099000680A01F0E1F884ED010A84ED028AC4EDF1
:1009A000038A94ED000A0021A06B01F08DF994ED0B
:1009B000010A0121E06B01F087F9A06B90F8280093
:1009C000C00707D0E06B90F82800C00702D00020D5
:1009D00000F0DCF9BDEC028B10BDB0EEC08AC4E7BC
:1009E000F0EEC08AD2E700002DE9FF5F9A46DDF8FD
:1009F0003CB091460E460546002405EB4400418A72
:100A000021F400614182204600F0CAF9C4EB0410D1
:100A1000C0EBC00005EB84070AEBC003BB620E9974
:100A2000C4EBC4020BEBC20801EBC001C7F838806D
:100A30003963288A052808D909EB4422D2F88400B2
:100A40000A2802D21830C2F8840009EB4422184662
:100A500000F0E0FA06EB8400D0F8E8C0D0F8D83017
:100A600050F8A82F01698DE80E1090ED160AD6E90E
:100A70003E234046316801F0F7F80120641CB8615C
:100A8000022CBADBD6E95012284600F0A7F82E62F5
:100A9000B6F8A400002180B22882E982082809D291
:100AA000DFE800F004060F11131517190B4800E0DA
:100AB0000B4868620B48006804B0BDE8F05FFFF7C0
:100AC00087BC0948F5E70948F3E70948F1E7094811
:100AD000EFE70948EDE70948EBE7000029070008C0
:100AE000E50B0008282800402B070008C90600086D
:100AF0004F090008010B0008350C0008C907000861
:100B000010B500F14801D1E902325B1E42F1FF321B
:100B1000C1E90232D94371EA020104D100F004F8BC
:100B2000002000F033F910BD2DE9F04100F1480438
:100B30002DED028B016A09888DB2FFF797FB00EE5D
:100B4000100ADFED180AD4E90060B8EEC00A801B75
:100B500060EE200A00EE100AB8EE400A20EE800A8D
:100B600010EE100A08F024FC361841F10007284660
:100B700008F04CF89FED0C1B53EC112B07F0EEFE28
:100B800041EC180B3046394608F054F853EC182B5A
:100B900008F096F808F0D0FBC4E90201BDEC028B26
:100BA000BDE8F0810000003000000000000024409B
:100BB00000280DD1074841F287310268D1620068F0
:100BC00001640549488820F4C05040F40050488032
:100BD00070470000C806002000000020C0E9121283
:100BE000FFF7A2BF10B504462DED028B806A00F01E
:100BF000B3FFA069012819D0B0EE408A206BB0EE97
:100C0000480A00F0A9FF84ED000A84ED028A002161
:100C1000A06B01F059F8A06B90F82800C00702D033
:100C2000002000F0B3F8BDEC028B10BDB0EEC08A1E
:100C3000E4E7000010B504462DED048B806A00F057
:100C40008BFFB0EE408A206B00F086FFB0EE409A3A
:100C500029EE090A08EE080A10EE100A08F0F0FA68
:100C600041EC100B07F04CFB51EC100B07F09CFD16
:100C7000206084ED028A18EE100A08F0E1FA41ECD7
:100C8000180B19EE100A08F0DBFA41EC100BB0EE6D
:100C9000481AF0EE681A07F03BFA51EC100B07F017
:100CA00083FD08EE100A18EE100A08F0C9FA9FED4D
:100CB0001F1B53EC112B07F051FE9FED1E9B53ECB5
:100CC000192B07F0FDFF53EC192B07F09FFD07F0E0
:100CD0006BFD6060E06094ED000A0021A06B00F005
:100CE000F3FFA06B90F82800C0071BD0206A90ED9E
:100CF000520A00F5AC70B4EEC80AF1EE10FA01D851
:100D0000012100E0002190ED000AB4EEC80AF1EEE6
:100D100010FA01DB012000E00020014202D0002097
:100D200000F034F8BDEC048B10BD0000112D4454CC
:100D3000FB21094000000000004CCD40028A4FF426
:100D40000061082A0BD2DFE802F00A040606060456
:100D50000406806B02E0826B9162C06B8162704717
:100D600000280ED1074841F287310268D16200683D
:100D7000491001640449488820F4205040F4805010
:100D800048807047C806002000000020034900EB9F
:100D9000C00001EB800000F02ABC0000005E0020D3
:100DA0007CB504F03BF904F085F9234800F0EAFB38
:100DB00021482430054600F0E5FB00231A461F4970
:100DC0001D4800F030FB1D49012300224C3128460C
:100DD00000F029FBFFF74AFA194CD4F8D820D4F8D0
:100DE000E81000FB012082B2B4F8B800B4F8C810D3
:100DF00080B289B2CDE9001034F8A80F83B2B4F8FC
:100E0000780081B20C4800F026FBFFF72FFA626BE6
:100E1000616C00FB012082B2A08AA18C80B289B2F1
:100E2000CDE90010A08883B2B4F87C0081B22846D6
:100E300000F011FB7CBD0000005E002014070020C4
:100E4000B028002010B5002812D10A4842F20F71D4
:100E50000268D1620068491001640021054803F06E
:100E6000ADFE0549488820F4405040F400604880B9
:100E700010BD0000C80600200000002010B500F5DD
:100E80008053D3F8A040F4B1D3F89C4000EB840425
:100E900004F5805464690C60D3F89C1000EB810069
:100EA00000F58050406D1060D3F89C00411C08296B
:100EB00001D2401C00E0C01F43F89C0F5868401E40
:100EC0005860002010BD4FF0FF3010BD10B500F588
:100ED0008053D3F8944000EB840404F5805461619E
:100EE000D3F8941000EB810000F580504265D3F8F0
:100EF0009400411C082901D2401C00E0C01F43F8A7
:100F0000940FD868401CD860002010BD00B500F5D3
:100F10008051002281F88020CA6F496FFFF7D6FF09
:100F2000002000BD30B500F5805241F21005D2F826
:100F3000983000240B44AB4201D3C2F89840D2F859
:100F40009830801C1844D167C2E91D04012482F83E
:100F500080405C18AC4203D3A1F5805110395C1875
:100F6000C2F8984030BD10B500F58050D0E91E346D
:100F70005A1CA34204D2446F82670020E15410BD82
:100F800082674FF0FF3010BD00F58050002180F8DF
:100F90008010816708467047A0F6887000F5005001
:100FA00003C8081A7047014612282ED012DC052902
:100FB00020D008DC40F20120012903D0022901D011
:100FC000032917D17047062916D0102917D01128E8
:100FD00010D11AE040290DD006DC14290FD02029A9
:100FE0000FD0212806D10EE0412903D060290ED070
:100FF00083280AD00120704740F202207047062063
:101000007047162070470E20704702207047052059
:10101000704700002DE9F74FD04DD2F8843005F528
:101020007372CF4981B005F16C0A05F1D80905F555
:10103000A27605F5D87B05F5227E05F5587705F5EE
:10104000077C02F55874222B77D2DFE803F01121D8
:101050003344546677889AAAB2C1767676767676E5
:10106000767676767676D0E1FAF8F7F6F5F4F3F25E
:10107000BA4A03234832A2F12401009500F0BCFDD6
:10108000B848032300F1480200F1240100905FE119
:10109000B24A0323B432A2F12401CDF800A000F03B
:1010A000ABFDB0486C30032300F1480200F124018D
:1010B00000904DE1AC4A0323A2F12401CDF8009049
:1010C00000F09AFDA748D830032300F1480200F150
:1010D000240100903CE1A44A03236C32A2F12401D4
:1010E000009600F089FDA148032300F1480200F1B9
:1010F000240100902CE19C4A0323D832A2F1240160
:10110000CDF800B000F078FD98486C30032300F172
:10111000480200F1240100901AE1954A0323A2F14C
:101120002401CDF800E000F067FD9248032300F1B0
:10113000480200F1240100900AE10CE1894A0323EE
:10114000903AA2F12401009700F056FD8948D8306A
:10115000032300F1480200F124010090F8E0844AE2
:1011600003236C3AA2F12401CDF800C000F044FD45
:1011700080486C38032300F1480200F124010090FC
:10118000E6E00092774A0323243AA2F1240100F01A
:1011900033FD7948032300F1480200F12401009057
:1011A000D6E073490323243101F148020091243130
:1011B0001AE00B882BB10A1D009201F582724431AE
:1011C00012E06D4A0323903AA2F124010094BFE09B
:1011D000B1F8C431002BF4D0614901F5E4720092FA
:1011E00001F5327201F5027100F006FDE9E75B4A94
:1011F00003234832A2F12401009500F0FDFC5E4873
:101200006C30072300F1A80200F1540100909FE028
:10121000554A03236C3AA2F12401CDF800A000F056
:10122000EBFC5648072300F1A80200F1540100909E
:101230008EE07CE06AE057E046E035E022E011E035
:10124000FFE7494A0323A2F12401CDF8009000F002
:10125000D3FC4A48FC30052300F1780200F13C0140
:10126000009075E0404A03236C32A2F124010096FD
:1012700000F0C2FC4248052300F1780200F13C0175
:10128000009065E0384A0323D832A2F12401CDF85A
:1012900000B000F0B1FC3A48B430032300F148023A
:1012A00000F12401009053E0314A0323A2F124010C
:1012B000CDF800E000F0A0FC3248032300F1480222
:1012C00000F12401009043E0264A0323903AA2F162
:1012D0002401009700F090FC2B48032300F1480202
:1012E00000F12401009033E0214A03236C3AA2F17B
:1012F0002401CDF800C000F07FFC22486C380323A5
:1013000000F1480200F12401009021E00092154A0A
:101310000323243AA2F1240100F06EFC1A486C3039
:10132000032300F1480200F12401009010E010496D
:101330000323243101F148020091243100F05CFCC8
:1013400010486C30052300F1780200F13C01009058
:10135000029800F051FCBDE8FF8F00000C940008DB
:1013600098010020449800082C95000888990008EE
:10137000DC960008CC9A0008109C0008789D0008B4
:10138000289F0008B4A00008D4A1000810B5018966
:1013900021F00101018100F0AFF810BD10B5044645
:1013A000006803F0D5F9208940F00200208120690F
:1013B000B0F5803F01D34FF6FF702168C860216807
:1013C00000204861226861891268D1622168096839
:1013D0000863206803F007F920680068016921F0BC
:1013E0001F0101612068BDE8104003F071B9018957
:1013F00041F0010101817047016809680A690B69C0
:1014000023F01F030B61D10708D001898A0703D499
:10141000490707D5818B19B100F036B800F09EB8A6
:1014200000F0CEB8704770B5038401600446828036
:1014300001209040E08080208861206800250561BF
:1014400002F0EAF942F21071B0FBF1F02168401E9F
:101450004860658470BD30B5DDE9035481826D1E3E
:101460004583C38242814FF6FF71C18304830168C3
:1014700083883425096805EB0313CC500168CA60E2
:1014800000680021416130BD10B50446006803F0DA
:101490005FF9208920F0020040F0080020812168D7
:1014A000A08AC860206803F09EF82068A1883422D2
:1014B000006802EB01110844E18A0160A088012262
:1014C00081002068006804F073FB206800680169EF
:1014D00021F01F01016120680068C168E28841EACB
:1014E0004201C160206803F0F3F8204600F016F8CE
:1014F000A08B401EA08310BD4FF09040816941F049
:1015000080618161816941F0007181610248418897
:1015100021F00F0141807047000000200D49D1F8F3
:10152000A010012912D14FF09042916941F48061DD
:101530009161094B018C588849B1012906D140F0CD
:1015400008005880906940F040009061704740F07A
:101550000200F6E7B02800200000002010B5044685
:101560000089002220F0080040F010002081A088AF
:1015700081002068006804F01BFB204600F002F8A0
:1015800010BD00004FF09042916941F0806191617F
:101590000A4B018C588849B1012906D1916941F45F
:1015A0008001916120F0080058807047916941F4F2
:1015B0008001916120F00200F6E7000000000020A9
:1015C00010B50446006803F0C3F8A088002281002B
:1015D0002068006804F0ECFA208920F01C002081CB
:1015E0002046FFF7CFFF204600F048F810BD10B5A9
:1015F0000446408C08B318202189014223D141F0D0
:1016000004002081204600F01FF8FEF72FFE01465F
:101610004FF6FF7091FBF0F200FB1211A2895143CB
:10162000B1FBF0F0618908182061618BA18320462D
:1016300005D0BDE81040FFF7B1BE1A20DCE7BDE8D9
:101640001040FFF721BF10BD4FF090418A6942F46E
:1016500000728A618A6942F020028A61064A018C1E
:10166000508829B1012902D140F004005080704710
:1016700040F00100FAE70000000000204FF0904128
:101680008A6942F000728A618A6942F400128A61B2
:10169000064A018C508829B1012902D120F00400AA
:1016A0005080704720F00100FAE7000000000020A1
:1016B00041F2A4031844FFF7E1BB41F2A40108443E
:1016C000FFF724BC41F2A4021044FFF74CBC2DE903
:1016D000F0410F4641F2A40100F50054804646183F
:1016E000D4F848014FF0FF35810536D54FF48450CA
:1016F000805D78B93846FFF756FC002807DD38468C
:10170000FFF751FC01463046FFF70CFC02E0304683
:10171000FFF73AFC3046FFF73FFC002809DD394669
:101720004046FFF7CFFF401C1ED13046FFF72CFC90
:101730000EE03E2F09D03046FFF726FCD4F84801D2
:1017400020F40070C4F848010EE04046FFF7B5FFF2
:10175000D4F8480120F4007003E03C2F04D140F499
:1017600000700025C4F848012846BDE8F08100005B
:101770002DE9FC410446994D0078994AA5F5D267B8
:1017800005F1700814287CD011DC964E102879D011
:1017900006DC01281CD002284BD0062848D15CE08A
:1017A0000021012311286ED01228F7D1A8E08D491D
:1017B0003439412868D006DC202866D0212865D03D
:1017C0004028EBD1EEE0602875D08328E6D1FEE01A
:1017D0004FF4FC72611C8348FEF718FE824BCDE982
:1017E0000075A3F580627F4903F55960FFF7FCF8A7
:1017F000FEF73CFDD6F8D820D6F8E81000FB012013
:1018000082B2B6F8B80081B2B6F8C80080B2CDE9AD
:10181000000136F8A80F83B2B6F8780081B270489C
:10182000FFF719FE6D487030FFF788FA00F07AF97B
:10183000D0E04FF40072611C6C48FEF7E7FD6A4B84
:10184000CDE90075694A674903F55960FFF7CCF89F
:1018500062487030FFF772FABCE06078644BC0EB0E
:101860000011C1EBC010B4F8035023F8205003EB73
:101870008006611DAA00301DFEF70DFE04EB8507F2
:1018800005E04BE018E02DE090E059E068E005EB62
:10189000450084007F1D06F1440022463946FEF7CC
:1018A000FAFD05EB450007EB8001224606F5827044
:1018B000FEF7F1FD8EE07DE0627869460020231896
:1018C0009B780B54401C0428F9DBC2EBC2009DED51
:1018D000000A05EBC00080ED060AD0ED070A20EEF5
:1018E000200A2AE0607828B13D48C6F8A030FFF70A
:1018F0007EFD6FE03A48C6F8A010FFF747FD69E0AB
:10190000607828B1A8F816305384A2F8463061E018
:10191000A8F816105184A2F846105BE06278694678
:10192000002023189B780B54401C0428F9DB9DED04
:10193000000AC2EBC20005EBC00080ED050A49E0D9
:101940006178638801EBC10102EB81014B81E28880
:101950008A816289CA82E2898A82608A488339E000
:1019600066782249A01C01EB46250268C5F88C2048
:101970004168C5F884108068C5F88000C6EB061081
:10198000C0EBC000184B07EBC0012A4603EBC000B8
:10199000FFF740FBD5F8840000B1012008EB860179
:1019A000886117E0486840F0020001E06FF0020033
:1019B00048600FE0D4F801000A21B0FBF1F000EE1E
:1019C000100A0C48B8EE400A80ED010A02E0044813
:1019D000FFF70DFE0020BDE8FC810000D83B002091
:1019E000005E0020B0280020B82E0020B82A002079
:1019F000980100200000002009480169826801F573
:101A000080718A4203D8B1FBF2F303FB121101612A
:101A10008169A1F5807181610249002008707047D9
:101A20007C2800200000002038B5374C207870B1A9
:101A300001284BD0022809D13E208DF80000012159
:101A40006846FEF72BFE002800D1207038BD2E48D6
:101A50003C210C302D4D0170AD214170A96B2C4AF9
:101A6000DFED2C0A91ED050A10EE101A914201DD0E
:101A7000B0EE600A10EE101A4FF047439FED261AA1
:101A8000994201D9B0EE410ABDEEC00A10EE101A1B
:101A90004180E96B91ED050A10EE101A914201DDCB
:101AA000B0EE600A10EE101A994201D9B0EE410A68
:101AB000BDEEC00A10EE101A8180134806210C30CA
:101AC000FEF7ECFD0028C1D10120BEE71348144900
:101AD000006908444FF48071FEF7E0FD0028B5D19D
:101AE000022020700D480169826801F580718A42E8
:101AF00003D8B1FBF2F303FB121101618169A1F577
:101B00008071816138BD000000000020483C002049
:101B100000FEFF4600FEFF46000000C77C280020B4
:101B20007C0800200A4810B5D0F8A000094C002815
:101B3000A4F1240005D0FFF75AFC2046FFF757FC1C
:101B400010BDFFF723FC2046FFF720FC10BD00006E
:101B5000B0280020245E0020F0B5002246E002EB11
:101B6000420100EB810400EB8205D4ED600AD0F85D
:101B70004063D5F80013B0EE402A20EE800A8E466E
:101B8000012356F8227015E004EB830C04EB810668
:101B9000DCED600A96ED001AD6ED301A491E60EEB3
:101BA000810A9CED901A41EE610A30EE800A00D560
:101BB00039445B1C9F42E7DC0EF1010EC5F800E3DF
:101BC000D0F8401351F82210714501DD714602E052
:101BD0000021C5F8001304EB8101521C81ED002A9D
:101BE000D5F8001304EB810181ED300AD0F84413DD
:101BF0009142B4DCF0BD00002DE9F04F99469346C8
:101C00008A460023DDF824E025E003EB43020021AF
:101C10009FED140A0F4600EB83060BEB82050AEBDF
:101C2000820400EB820C0CEB810205EB810882ED53
:101C3000000A82ED300AC6F80073D8ED000A04EB02
:101C40008108C2ED900AD8ED000A491CC2ED600A75
:101C50000329E8DB5B1C4B45D7DBC0E9D0E9BDE8D5
:101C6000F08F000000000000F0B54A43DDE90754A2
:101C7000DDE90576426201FB03F2026201FB07F334
:101C80004FF47A72B3FBF2F3C36001FB06F3B3FBCC
:101C9000F2F3036101FB05F36143B3FBF2F5B1FB22
:101CA000F2F1C0E90151B3FBF2F101600021C16220
:101CB00080ED060A9FED030A416380ED050A81620B
:101CC000F0BD00000000000070B50446806A020507
:101CD00056D5020454D4820446D4C20427D5656A7A
:101CE000636BAB423CDB226A15449D420CDD00EE87
:101CF000902AF8EEE00A80EE201A94ED070A31EE01
:101D0000000A84ED070A2BE094ED070AD4ED060AD9
:101D100020F4805040F4005020EE200A84ED050AA3
:101D2000A0620020E0620846FEF742FF18E0636A06
:101D3000626B9A420CDB20F480409FED160A40F45F
:101D4000805084ED070AA0620846FFF709F807E013
:101D5000420405D440F48040A0620846FFF772F8C0
:101D6000606B401C60630BE0D4ED050AC10709D02D
:101D7000F4EEC00AF1EE10FA02DD20F00100A062DC
:101D8000A06A70BDF4EEC00AF1EE10FAF8D240F08D
:101D90000100F4E700000000014800F051BA000023
:101DA000485E0020014800F04BBA00008C5E002025
:101DB000014800F045BA0000D05E00200C4B0168DD
:101DC0000C4A994209D20C4B1944A2FB0121090982
:101DD000890001640949C1637047094B1944A2FB9A
:101DE00001210909890001640649C16370470000A7
:101DF00008040240CDCCCCCCF8FFFDBF000002406F
:101E0000F8FBFDBF0004024010B490F840C001246C
:101E100004FA0CFCC46BC4F804C0D0F800C0CCF8C1
:101E200004304368102B05D0036899600068C260D5
:101E300010BC704703689A600068C16010BC7047AE
:101E40007047FEE778B40024A446CDF800C090F8AF
:101E50002420012A14D0012280F824204A681F255A
:101E6000072A10D203685E6B521E02EB8202954075
:101E700026EA05050E6806FA02F22A435A631FE0B5
:101E800078BC022070470D2A0DD203681E6BD21F4A
:101E900002EB8202954026EA05050E6806FA02F278
:101EA0002A431A630CE00368DE6A0D3A02EB8202F1
:101EB000954026EA05050E6806FA02F22A43DA6220
:101EC0000A6807250A2A0DD90368DE680A3A02EB78
:101ED0004202954026EA05058E6806FA02F22A4378
:101EE000DA600BE003681E6902EB4202954026EAC5
:101EF00005058E6806FA02F22A431A610A68102A5A
:101F000004D0112A02D0122A1AD01EE00268936867
:101F100043F4000393600968102916D10D490E4A55
:101F20000968B1FBF2F101EB8101490000910099D0
:101F300059B10099491E009100990029F9D104E096
:101F400006490A6842F080720A6080F824C0204680
:101F500078BC70477400002040420F000000014030
:101F60002DE9F041044600270025002C03D0A06A8B
:101F7000002618B108E00120BDE8F081E66284F88F
:101F80002460204600F07CF82046FEF728FB01463E
:101F9000A06A10F0100F00D139B1A06A40F0100013
:101FA000A06201210846BDE8F081A06A20F48850B3
:101FB00040F00200A062E2696068237B104347EAB8
:101FC00043020243A068B0F5807F08D0012806D004
:101FD000002094F814C0BCF1010F03D00BE04FF4C3
:101FE0008070F6E7F3B1A36A43F02003A362E36ACB
:101FF00043F00103E3622368D3F804C02CF4694C76
:102000004CEA0000586020688368DFF86CC003EA7F
:102010000C0313438360A068B0F5807F09D00128CA
:1020200007D009E0A3695B1E40EA433040F400603A
:10203000E1E7208A401E05052068C36A23F4700387
:102040002B43C362206880680C4B1840904207D134
:10205000E662A06A20F0020040F00100A062A1E761
:10206000A06A20F0020040F01000A062E06A40F098
:102070000100E062012195E7FDF7E1FFFE0E1FFF81
:1020800010B586B0044614216846FEF736FA1149A9
:10209000206888421BD11048816941F40071816138
:1020A000816901F400710591416941F40031416198
:1020B0004069694600F4003005900120009003203B
:1020C0000190002002904FF0904000F099F906B086
:1020D00010BD0000002401400010024030B44379DC
:1020E000012B21D001244471022303710368D3F82A
:1020F00000C040F6FE7595402CEA050C0D68496855
:102100002943914041EA0C01196001680B684FF0C6
:10211000C00C0CFA02F223EA02020A6004710021E8
:10212000417130BC0020704730BC0220704770B550
:102130000446002C03D02079002510B105E00120D1
:1021400070BD6571204600F007F8022020712561FE
:1021500001202071002070BD10B586B00446142106
:102160006846FEF7CAF91149206888421BD1104819
:10217000C16941F00051C161C16901F0005105918F
:10218000416941F4003141614069694600F4003021
:1021900005901020009003200190002002904FF045
:1021A000904000F02DF906B010BD00000074004012
:1021B0000010024081B0D0F800C0CDF800C0006827
:1021C0000029104406D014300090009803600020CD
:1021D00001B0704708300090F7E710B44279012A47
:1021E00015D001234371022202710268D2F800C0A7
:1021F00003FA01F44CEA040CC2F800C051B10168C2
:102200000A684FF4701C3CEA02020FD012E010BCC6
:102210000220704701680A684FF03C0C3CEA020259
:1022200008D14A6842F001024A6003E04A6842F07D
:1022300002024A6003710021417110BC0020704706
:10224000F0B4C16B0A6801680B68D0F840C0042480
:1022500004FA0CF5154215D013F0040F12D00A68D9
:1022600012F0200F03D10A6822F004020A6090F8ED
:102270004010C26B04FA01F15160C16A002941D0DB
:10228000F0BC0847022505FA0CF414424FF0000692
:102290004FF0010419D013F0020F16D00A6812F0A3
:1022A000200F05D10A6822F00A020A6080F8214056
:1022B00090F84010C26B05FA01F1516080F820607F
:1022C000816A00291ED0F0BC0847082505FA0CFCDD
:1022D0001CEA020F16D013F0080F13D00A6822F080
:1022E0000E020A6090F84010C26B04FA01F15160CE
:1022F000846380F8214080F82060016B002901D0C0
:10230000F0BC0847F0BC704710B50446002C22D042
:10231000022084F82100206801686FF30D11A36882
:102320006268D4F810C01A43E36843EA0C031A4306
:1023300063691A43A3691A43E3691A4311430160AD
:102340002046FFF73BFD0020A063012184F8211007
:1023500084F8200010BD012010BD70B50446002592
:1023600094F8200001280DD0012084F8200094F872
:1023700021C00020BCF1010F06D084F82000022506
:10238000284670BD022070BD4FF0020C84F821C0B9
:10239000A0632068D0F800C02CF0010CC0F800C089
:1023A0002046FFF731FDE06A28B12068016841F05E
:1023B0000E01016009E02068016841F00A01016036
:1023C0002068016821F0040101602068016841F083
:1023D00001010160D4E7000070B5044600F01CF96B
:1023E0000546B4F1FF3F02D004480078044400F0F1
:1023F00013F9401BA042FAD370BD00007800002002
:102400002DE9F84F00220B68002B7CD0DFF8F0A1FB
:10241000DFF8E8914FF0010E03274FF00F080AF1A3
:10242000040B0B680EFA02F42340002B6CD091F8D9
:1024300004C00CF0030CBCF1010F02D0BCF1020F80
:1024400018D185684FEA420C07FA0CF6B543CE68FE
:1024500006FA0CFC4CEA050CC0F808C0D0F804C021
:102460002CEA040C0C79C4F30014944044EA0C0CDC
:10247000C0F804C0D1F804C037EA0C0C0CD0C46812
:102480004FEA420C07FA0CF5AC438D6805FA0CFCD8
:102490004CEA040CC0F80CC091F804C00CF0030C1A
:1024A000BCF1020F12D14FEAD20C00EB8C04256A6A
:1024B0004FEA427C4FEADC6C08FA0CF6B5430E6931
:1024C00006FA0CFC4CEA050CC4F820C004684FEA7C
:1024D000420C07FA0CF5AC430D7905F0030505FA3B
:1024E0000CFC4CEA040CC0F800C0D1F804C01CF489
:1024F000403F6DD0D9F818C04CF0010CC9F818C095
:10250000D9F818C001E068E062E00CF0010CCDF8E9
:1025100000C022F0030C0CF1804505F58035D5F89C
:1025200008C09407240F08FA04F62CEA0606B0F156
:10253000904F57D0A0F1904CBCF5806C4FD0A0F1DB
:10254000904CBCF5006C50D0A0F1904CBCF5406CA8
:102550004ED0A0F1904CBCF5805C4CD04FF0050CF7
:102560000CFA04FC4CEA060CC5F808C0DAF800C006
:102570002CEA030C4C6814F4803F01D04CEA030CA5
:10258000CAF800C0DBF800C02CEA030C4C6814F455
:10259000003F01D04CEA030CCBF800C0194CD4F832
:1025A00000C02CEA030C4D6815F4801F01D04CEAE2
:1025B000030CC4F800C0144CD4F800C02CEA030C7F
:1025C0004D6815F4001F01D04CEA030CC4F800C09C
:1025D000521C0B68D3407FF424AFBDE8F88F4FF056
:1025E000010CBDE74FF0000CBAE74FF0020CB7E763
:1025F0004FF0030CB4E74FF0040CB1E700100240B9
:1026000000040140080401400C040140002A01D0EC
:10261000816170478162704701488068704700009F
:102620007800002090F84120202A01D00220704735
:1026300090F84020012A20D0012280F84020242256
:1026400080F841200268136823F0010313600268D8
:10265000136823F4805313600268136819431160F0
:1026600001680A6842F001020A60202180F84110E6
:10267000002180F84010002070470220704790F839
:102680004120202A01D00220704790F84020012AE2
:102690001ED0012280F84020242280F841200268C8
:1026A000136823F0010313600268136823F4706356
:1026B00043EA0121116001680A6842F001020A60E0
:1026C000202180F84110002180F840100020704740
:1026D0000220704770B50446002C04D094F84100E5
:1026E000002510B106E0012070BD84F8405020465E
:1026F00000F050F8242084F841002068016821F09F
:10270000010101606068216820F070600861206844
:10271000816821F400418160E068012808D0A06848
:10272000216840F404408860E068022806D009E08F
:10273000A068216840F400408860F5E721684FF404
:10274000006048602068416841F4004141F0007138
:1027500041602068C16821F40041C160616920695D
:102760000843A16940EA01202168C860216AE06944
:102770000843216808602068016841F00101016098
:102780006564202084F84100256384F842500020CD
:1027900070BD000010B586B0044614216846FDF7F0
:1027A000ACFE1349206888421FD1124C606940F486
:1027B000802060616069694600F4802005904FF4D4
:1027C000407000901220019001200290032003909D
:1027D000042004900848FFF713FEE06940F400105D
:1027E000E061E06900F40010059006B010BD000043
:1027F0000054004000100240000400480248816874
:1028000002781144816070477800002010B50748B5
:10281000016841F010010160032000F085F80020FC
:1028200000F006F800F026F8002010BD002002405D
:1028300070B504460D4D4FF47A712878B1FBF0F075
:102840000B490968B1FBF0F001F03EFE08B1012030
:1028500070BD102C07D200222146501E00F030F827
:102860006C60002070BD012070BD00007800002069
:10287000740000200A4882B0816941F00101816141
:10288000816901F001010091C16941F08051C1618C
:10289000C06900F080500090052002B000F044B8FC
:1028A0000010024000280ADB00F01F01012202FA9A
:1028B00001F14009800000F1E020C0F800117047EC
:1028C00010B4184B1B68C3F30223C3F1070CBCF10F
:1028D000040F01D94FF0040C1C1D072C01D200235A
:1028E00000E0DB1E012404FA0CFCACF1010C0CEA44
:1028F0000101994004FA03F35B1E1A4011430028BA
:1029000006DB00F1E020090180F8001410BC7047DC
:1029100000F00F0000F1E020090180F8141D10BC48
:10292000704700000CED00E000F00700064A116857
:102930004FF6FF03194041EA002040F0FD7040F0DF
:1029400080601060704700000CED00E011F0800F17
:1029500007D001F0070101EB810100EBC100283035
:1029600005E001EB810100EBC10000F5B47099B204
:1029700032B1012202730181190C4181002070479C
:1029800000220273C180F9E7704701EB810200EB7E
:10299000C202D0F8E802D26B04F03AB801EB81022F
:1029A00000EBC202D0F8E802D2F87C2104F09BB818
:1029B00070B5044611F0800F01F0070000EB8001B4
:1029C00004EBC1014FF001024FF0000502D02831A5
:1029D0004A7002E001F5B4714D70087094F8A802D5
:1029E000012808D084F8A822206804F097FD84F814
:1029F000A852002070BD022070BD70B5044601F0E1
:102A00000F006268904201D9012070BD11F0800F63
:102A100001F0070000EB800104EBC1014FF001025F
:102A20004FF0000502D028314A7002E001F5B47180
:102A30004D708D70087094F8A802012808D084F8B1
:102A4000A822206804F042FE84F8A852002070BD3D
:102A5000022070BD2DE9F0470B78D1F818C004684A
:102A600012F4804F4FF0000848F2800748F2C0058A
:102A70004FF480663DD0B4F850904FF0020A0AEB54
:102A8000C30AD14406EB4906A45BC4F30904A44578
:102A900004D3ACEB040CC1F818C001E0C1F81880F5
:102AA000D1F818C0BCF1000F0CD1D0F800C03CF830
:102AB000236026F0700626F4804686F400563E43D6
:102AC0002CF8236012F0400F0BD00B78026832F81C
:102AD00023C02CF0700C2CF4E04C4CEA050C22F8CE
:102AE00023C0ECB30A8949690068234605F051F90F
:102AF0003EE0B4F850904FF0060A0AEBC30AD14406
:102B000006EB4906A45BC4F30904A44504D3ACEB6B
:102B1000040CC1F818C001E0C1F81880D1F818C041
:102B2000BCF1000F0CD1D0F800C03CF8236026F0B7
:102B3000700626F4804686F400563E432CF8236047
:102B400012F0400F0BD10B78026832F823C02CF042
:102B5000700C2CF4E04C4CEA050C22F823C000E089
:102B600006E02CB14A8949690068234605F011F94D
:102B70002046BDE8F0872DE9F05F05460C46164675
:102B80002178A269286816F0400F4CF280074FF6B2
:102B9000FF734FF4806E4FF002094FF006084FF0BC
:102BA000000C7CD0B0F850B009EBC10AD3440EEB56
:102BB0004B0B30F80B00C0F30900824202D9121A05
:102BC000A26101E0C4F818C0A26992B116F4804F66
:102BD00009D02A6832F8216026F0700626F4E04613
:102BE0003E4322F8216094F82410012958D000F0C7
:102BF00085B9607810B1012811D018E02868B0F8C4
:102C00005010084400EB4A0000F58060018821F470
:102C1000F8410180018841F40041018007E0286803
:102C2000B0F85010084400EB4A00A0F800C428682F
:102C3000617811B1012913D01CE0B0F8501008449C
:102C4000217808EBC10100EB410000F580600188AC
:102C500021F4F8410180018841F40041018009E03C
:102C6000B0F850100844217808EBC10100EB410096
:102C7000A0F800C421782846FFF787FE16F4804F9D
:102C800000F03C812078296831F8202022F0700281
:102C900022F4E0423A4321F8202000F02FB958E016
:102CA000616901446161E1690144E1612269216A6C
:102CB000914203D31046091A216205E049B184F814
:102CC00024C00846C4F820C0617829B101292ED05B
:102CD00038E084F824C0F7E72968B1F8502011449F
:102CE000227809EBC20201EB420101F5806150B18B
:102CF0003E2811D8420810F0010F00D0521C03EA00
:102D000082220A801EE00A8822F4F8420A800A8899
:102D100042F400420A8015E0420910F01F0F00D172
:102D2000521E4FF4004343EA82220A800AE02968D7
:102D3000B1F850201144227809EBC20201EB4201A4
:102D4000A1F8000483B222896169286805F046F879
:102D5000D4E0B0F850A008EBC10BDA440EEB4A0AFD
:102D600030F80A00C0F30900824202D3121AA261AD
:102D700001E0C4F818C0A2691AB116F4804F58D007
:102D800061E0607810B1012813D01CE02868B0F829
:102D90005020104409EBC10100EB410000F58060B8
:102DA000018821F4F8410180018841F4004101804B
:102DB00009E02868B0F85020104409EBC10100EB8D
:102DC0004100A0F800C42868617811B1012913D02E
:102DD0001CE0B0F850100844217808EBC10100EB6A
:102DE000410000F58060018821F4F84101800188EC
:102DF00041F40041018009E0B0F850100844217806
:102E000008EBC10100EB4100A0F800C4217828467E
:102E1000FFF7BBFD16F4804F70D12178286830F899
:102E2000212022F0700222F4E0423A4320F82120CF
:102E300064E02A6832F8216026F0700626F4E04645
:102E40003E4322F8216094F82410012956D161698B
:102E500001446161E1690144E1612269216A9142B1
:102E600003D31046091A216205E051B10846C4F89F
:102E700020C084F824C0296862782AB1012A2DD0A4
:102E800036E084F824C0F6E7B1F8502011442278E7
:102E900008EBC20201EB420101F5806150B13E280E
:102EA00011D8420810F0010F00D0521C03EA822210
:102EB0000A801DE00A8822F4F8420A800A8842F457
:102EC00000420A8014E0420910F01F0F00D1521E88
:102ED0004FF4004343EA82220A8009E0B1F850200F
:102EE0001144227808EBC20201EB4201A1F8000470
:102EF00083B262896169286804F070FF20782968CC
:102F000031F8202022F4415222F4804282F0100253
:102F100082F0200248F280031A4321F8202000208A
:102F2000BDE8F09F01F0070101EB810100EBC1005A
:102F3000D0F88401704770B5044611F0800F01F09D
:102F4000070000EB800104EBC1014FF0010C4FF0D2
:102F5000000503D0283181F801C002E001F5B47109
:102F60004D7008700A61CB704A7802B1C881022B9B
:102F700000D10D7194F8A802012808D084F8A8C2E5
:102F8000206804F039F9284684F8A85270BD022060
:102F900070BD10B501F0070C0CEB8C0100EBC1010A
:102FA00001F5B4714A618B610022CA614A7081F8EF
:102FB00000C0BCF1000F04D0006804F0F3FB002057
:102FC00010BD006804F0EEFBF9E770B5044601F0AF
:102FD00007006268904201D9012070BD11F0800F96
:102FE0004FF000054FF0010206D000EB800104EB2A
:102FF000C10128314A7006E001EB810104EBC101F7
:1030000001F5B4714D708A70087094F8A802012817
:1030100008D084F8A822206804F0A5FB84F8A85200
:10302000002070BD022070BD10B501F0070C0CEB44
:103030008C0100EBC10128314A618B61012281F8CA
:1030400024200B620023CB614A7081F800C0BCF1E0
:10305000000F04D0006804F0A5FB002010BD00683C
:1030600004F0A0FBF9E710B50446206804F08EFEDA
:1030700010F4004F02D0204602F01EF9206804F040
:1030800085FE10F4806F0DD02068B0F8441021F454
:103090008061A0F84410204600F00CF90021204681
:1030A00000F023F9206804F071FE10F4804F06D080
:1030B0002068B0F8441021F48041A0F84410206842
:1030C00004F064FE10F4005F06D02068B0F84410ED
:1030D00021F40051A0F84410206804F057FE10F4C9
:1030E000805F17D02068B0F8401021F00401A0F8EC
:1030F00040102068B0F8401021F00801A0F84010FE
:10310000204600F0EAF82068B0F8441021F480511D
:10311000A0F84410206804F039FE10F4006F17D0B6
:103120002068B0F8401041F00801A0F84010206875
:10313000B0F8441021F40061A0F844102068B0F801
:10314000401041F00401A0F84010204600F002F9C0
:10315000206804F01BFE10F4007F09D02068B0F84E
:10316000441021F40071A0F84410204600F0B9F892
:10317000206804F00BFE10F4807F06D02068B0F8C1
:10318000441021F48071A0F8441010BD70B586B0D1
:103190000446002C04D094F8A902002518B107E0D9
:1031A00006B0012070BD84F8A852204600F048F80F
:1031B000032084F8A902206804F080FA00216068E6
:1031C0000126002812D901EB810004EBC00080F831
:1031D000296080F82810C18680F82B508563C5636C
:1031E0000564481CC1B260688842ECD80021606860
:1031F000002814D901EB810004EBC00080F869516C
:1032000080F8681180F86B51C0F87851C0F87C5193
:10321000C0F88051481CC1B260688842EAD804F105
:10322000100090E80F108DE80F1094E80F0004F0E4
:1032300039FA84F8245084F8A96206B0002070BDE1
:1032400010B586B0044614216846FDF756F91749B3
:103250002068884228D1164C606940F400306061D3
:103260006069694600F4003005904FF4C05000904A
:103270000220019000200290032003900E20049071
:103280004FF09040FFF7BCF8E06940F40000E061C7
:10329000E069002200F40000059011464B20FFF782
:1032A0000FFB4B20FFF7FEFA06B010BD005C00409C
:1032B0000010024070B5044680680125022801D044
:1032C000FEF7BFFD2946D4F8E80203F0F9FCD4F874
:1032D000E802BDE8704003F0B4BCD0F8E80203F0A7
:1032E000D9BCD0F8E80203F0DFBC10B5044694F86E
:1032F000A80201280BD0012084F8A80284F8241029
:10330000206804F064FD002084F8A80210BD0220AB
:1033100010BDD0F8E82200F52C71104603F0DCBC9B
:1033200010B5044694F8A802012810D0012084F8B2
:10333000A802206804F01BFD01212046FFF724FBB2
:10334000206804F0ADF9002084F8A80210BD022026
:1033500010BD000010B50446D0F8E80203F0FDFCF3
:10336000A069002804D00348016841F0060101600B
:1033700010BD000010ED00E081B00749CA6942F0BD
:103380008052CA61C96901F08051009103490A68FD
:103390001043086001B07047001002400070004008
:1033A0002DE9F84F0446002620688A4D10F4803F2E
:1033B00070D0E86910F0805F08D1E86940F0805073
:1033C000E861E86900F0805000900126824F38687B
:1033D00010F4807F17D1386840F480703860FFF7B0
:1033E0001BF98046386810F4807F0CD1FFF714F980
:1033F000A0EB0800642802D90320BDE8F88F3868E4
:1034000010F4807FF2D0286A00F44070002878D051
:10341000A18801F44071814273D0286A20F4407081
:103420004FF4803191FAA1F2B2FA82F2920002F1E5
:10343000844202F584024FF00109C2F8009491FA27
:10344000A1F10022B1FA81F1890001F1844101F575
:103450008401C1F80024286210F0010F51D0FFF759
:10346000DBF807464FF0020898FAA8F0B0FA80F0AF
:1034700040F04000B9EB501F01D128680CE098FAE9
:10348000A8F0B0FA80F040F04000B8EB501F02D135
:10349000286A01E041E0686A98FAA8F1B1FA81F17E
:1034A00001F01F0109FA01F108422AD141F2883ADC
:1034B000FFF7B2F8C01B504502D90320BDE8F88FD2
:1034C00098FAA8F0B0FA80F040F04000B9EB501F35
:1034D00001D128680BE098FAA8F0B0FA80F040F02B
:1034E0004000B8EB501F01D1286A00E0686A98FAE2
:1034F000A8F1B1FA81F101F01F0109FA01F10842C6
:10350000D6D0286A616820F4407008432862012EF2
:1035100003D1E86920F08050E861207810F0010FB5
:1035200005D0286BA16820F00300084328632078A9
:1035300010F0020F05D0286BE16820F440300843FA
:103540002863207810F0040F05D0286B216920F43F
:10355000402008432863207810F0200F05D0286B06
:10356000616920F0100008432863206810F4003FD0
:1035700005D06868A16A20F480000843686020785C
:1035800010F0400F05D0286BA16920F020000843FF
:103590002863207810F0800F05D06868E16920F476
:1035A000404008436860208810F4006F05D06868C8
:1035B000216A20F0784008436860208810F4806F0A
:1035C00005D0286B616A20F0400008432863002082
:1035D000BDE8F88F00100240007000402DE9F04770
:1035E00004460D46002C17D0DFF8B481D8F800004F
:1035F00000F00700A84212D2D8F8000020F007001F
:103600002843C8F80000D8F8000000F00700A842DE
:1036100005D00120BDE8F0870120BDE8F0872078C3
:10362000604E10F0020F05D07068A16820F0F00025
:1036300008437060207810F0010F6FD0606801229D
:1036400001280CD0022823D0022393FAA3F1B1FA67
:1036500081F141F02001490933D0316832E04FF463
:10366000003393FAA3F1B1FA81F141F02001490945
:1036700001D0316800E0716A93FAA3F3B3FA83F3DF
:1036800003F01F039A40114228D10120BDE8F087C2
:103690004FF0007393FAA3F1B1FA81F141F02001E8
:1036A000490901D0316800E0716A93FAA3F3B3FAD3
:1036B00083F303F01F039A4011420FD10120BDE8AC
:1036C000F087716A93FAA3F3B3FA83F303F01F034D
:1036D0009A40114202D10120BDE8F087716821F0C3
:1036E000030108437060FEF797FF07467068616842
:1036F00000F00C00B0EB810F10D041F28839FEF7DA
:103700008BFFC01B484502D90320BDE8F0877068D5
:10371000616800F00C00B0EB810FF0D1D8F8000028
:1037200000F00700A8420FD9D8F8000020F00700E9
:103730002843C8F80000D8F8000000F00700A842AD
:1037400002D00120BDE8F087207810F0040F05D0EA
:103750007068E16820F4E06008437060207810F041
:10376000080F06D07068216920F4605040EAC1005B
:10377000706000F051F87168F02292FAA2F201F044
:10378000F001B2FA82F2D140074A515CC8400749C1
:10379000086007480068FFF74BF80020BDE8F08795
:1037A0000020024000100240ACA20008740000207B
:1037B0007C00002001480068704700007400002071
:1037C00000B5FFF7F7FF074949684FF4E06292FA46
:1037D000A2F201F4E061B2FA82F2D140024A515CF5
:1037E000C84000BD00100240BCA2000800B5FFF7B1
:1037F000E1FF074949684FF4605292FAA2F201F4DE
:103800006051B2FA82F2D140024A515CC84000BD18
:1038100000100240BCA2000810B5194B59681948A5
:1038200001F00C02042A02D0082A01D0164810BD6B
:103830004FF4701C9CFAACFC01F47012BCFA8CFCC6
:1038400022FA0CF2DFF844C01CF80240DA6A0F23B7
:1038500093FAA3F302F00F02B3FA83F3DA400CF108
:1038600010039A5C11F4803F06D000231946FCF740
:1038700037FDA0FB040110BD0548A4FB000110BDED
:1038800000100240001BB70000127A00C4A200081A
:1038900000093D002DE9F84F0446002C12D0207895
:1038A000FA4D10F0010F4FF001067DD068687704E3
:1038B00000F00C0004280CD0686800F00C00082808
:1038C00003D021E00120BDE8F88F686810F4803F44
:1038D0001AD097FAA7F0B0FA80F040F02000400923
:1038E00001D0286800E0686A97FAA7F1B1FA81F17F
:1038F00001F01F0106FA01F1084255D06068002866
:1039000052D10120BDE8F88F6068B0F5803F20D02B
:1039100020B3B0F5A02F2AD0286820F4803028608A
:10392000286820F480202860E86AA16820F00F0051
:103930000843E8626068C0B3FEF76EFE804697FAFF
:10394000A7F0B0FA80F040F02000400918D02868B5
:1039500017E0286840F480302860E5E7286820F404
:1039600080302860286820F480202860DCE7286800
:1039700040F480202860286840F480302860D3E735
:10398000686A97FAA7F1B1FA81F101F01F0106FA0E
:1039900001F1084256D1FEF73FFEA0EB0800642873
:1039A00004D90320BDE8F88F4CE015E097FAA7F0A2
:1039B000B0FA80F040F02000400901D0286800E013
:1039C000686A97FAA7F1B1FA81F101F01F0106FACE
:1039D00001F10842DFD035E0FEF71EFE804697FA7F
:1039E000A7F0B0FA80F040F02000400901D028682C
:1039F00000E0686A97FAA7F1B1FA81F101F01F01BE
:103A000006FA01F108421DD0FEF706FEA0EB080001
:103A1000642802D90320BDE8F88F97FAA7F0B0FA1E
:103A200080F040F02000400901D0286800E0686A7A
:103A300097FAA7F1B1FA81F101F01F0106FA01F13D
:103A40000842E1D120784FF0000910F0020F4FF04A
:103A500002074ED068684FF0F80A10F00C0F21D022
:103A6000686800F00C00082803D1686810F4803FF3
:103A700018D0206988B396FAA6F0B0FA80F08000DA
:103A800000F1844000F584000660FEF7C5FD804625
:103A900097FAA7F0B0FA80F040F02000400929D052
:103AA000286828E097FAA7F0B0FA80F040F02000EC
:103AB000400901D0286800E0686A97FAA7F1B1FAD6
:103AC00081F101F01F0106FA01F1084206D02069D8
:103AD000012803D00120BDE8F88F40E028689AFA59
:103AE000AAF26169B2FA82F220F0F800914008432C
:103AF000286075E0686A97FAA7F1B1FA81F101F0E0
:103B00001F0106FA01F108421DD1FEF785FDA0EB69
:103B10000800022802D90320BDE8F88F97FAA7F021
:103B2000B0FA80F040F02000400901D0286800E0A1
:103B3000686A97FAA7F1B1FA81F101F01F0106FA5C
:103B400001F10842E1D028689AFAAAF220F0F801BF
:103B50006069B2FA82F290400843286040E096FA29
:103B6000A6F0B0FA80F0800000F1844000F58400F7
:103B7000C0F80090FEF750FD804697FAA7F0B0FA23
:103B800080F040F02000400901D0286800E0686A19
:103B900097FAA7F1B1FA81F101F01F0106FA01F1DC
:103BA00008421DD0FEF738FDA0EB0800022802D91C
:103BB0000320BDE8F88F97FAA7F0B0FA80F040F044
:103BC0002000400901D0286800E0686A97FAA7F150
:103BD000B1FA81F101F01F0106FA01F10842E1D1C9
:103BE000207810F0080F5ED0A069B8B396FAA6F05E
:103BF000B0FA80F0800000F1844000F58400C0F845
:103C00008064FEF709FD804697FAA7F0B0FA80F0CD
:103C100040F06000B6EB501F01D128680BE097FA26
:103C2000A7F0B0FA80F040F06000B7EB501F01D170
:103C3000286A00E0686A97FAA7F1B1FA81F101F009
:103C40001F0106FA01F108422DD1FEF7E5FCA0EBB9
:103C50000800022803D90320BDE8F88F24E097FA72
:103C6000A7F0B0FA80F040F06000B6EB501F01D131
:103C700028680EE097FAA7F0B0FA80F040F06000F4
:103C8000B7EB501F04D1286A03E000000010024087
:103C9000686A97FAA7F1B1FA81F101F01F0106FAFB
:103CA00001F10842D1D058E096FAA6F0B0FA80F0BF
:103CB000800000F1844000F58400C0F88094FEF795
:103CC000ABFC804697FAA7F0B0FA80F040F06000B5
:103CD000B6EB501F01D128680BE097FAA7F0B0FAB5
:103CE00080F040F06000B7EB501F01D1286A00E07F
:103CF000686A97FAA7F1B1FA81F101F01F0106FA9B
:103D000001F1084229D0FEF787FCA0EB0800022849
:103D100002D90320BDE8F88F97FAA7F0B0FA80F037
:103D200040F06000B6EB501F01D128680BE097FA15
:103D3000A7F0B0FA80F040F06000B7EB501F01D15F
:103D4000286A00E0686A97FAA7F1B1FA81F101F0F8
:103D50001F0106FA01F10842D5D1207810F0040FB6
:103D600074D04FF00008E86910F0805F09D1E8696D
:103D700040F08050E861E86900F0805000904FF01A
:103D80000108DFF8C0B3DBF8000010F4807F1BD11E
:103D9000DBF8000040F48070CBF80000FEF73CFC3C
:103DA0008246DBF8000010F4807F0DD1FEF734FC72
:103DB000A0EB0A00642802D90320BDE8F88FDBF8E5
:103DC000000010F4807FF1D0E06801281CD000B31F
:103DD000052827D0286A20F001002862286A20F0F0
:103DE00004002862E06841F2883B80B3FEF714FCCF
:103DF000824697FAA7F0B0FA80F040F04000B6EBA8
:103E0000501F18D1286824E0286A40F00100286279
:103E1000E8E7286A20F001002862286A20F0040000
:103E20002862DFE7286A40F004002862286A40F030
:103E300001002862D6E797FAA7F0B0FA80F040F0C8
:103E40004000B7EB501F03D1286A02E08BE035E059
:103E5000686A97FAA7F1B1FA81F101F01F0106FA39
:103E600001F1084278D1FEF7D7FBA0EB0A005845D4
:103E700002D90320BDE8F88F97FAA7F0B0FA80F0D6
:103E800040F04000B6EB501F01D128680BE097FAD4
:103E9000A7F0B0FA80F040F04000B7EB501F01D11E
:103EA000286A00E0686A97FAA7F1B1FA81F101F097
:103EB0001F0106FA01F10842D5D04DE0FEF7ACFB38
:103EC000824697FAA7F0B0FA80F040F04000B6EBD7
:103ED000501F01D128680BE097FAA7F0B0FA80F0E4
:103EE00040F04000B7EB501F01D1286A00E0686A3B
:103EF00097FAA7F1B1FA81F101F01F0106FA01F179
:103F0000084229D0FEF788FBA0EB0A00584502D9E9
:103F10000320BDE8F88F97FAA7F0B0FA80F040F0E0
:103F20004000B6EB501F01D128680BE097FAA7F0CC
:103F3000B0FA80F040F04000B7EB501F01D1286A82
:103F400000E0686A97FAA7F1B1FA81F101F01F0168
:103F500006FA01F10842D5D1B8F1010F03D1E869A1
:103F600020F08050E861E069D0B3696801F00C018D
:103F700008297DD04FF0807A4FF00078022817D0C2
:103F80009AFAAAF0B0FA80F0800000F1844000F5BF
:103F90008400C0F80090FEF73FFB044698FAA8F0B2
:103FA000B0FA80F040F02000400975D028688BE01E
:103FB0009AFAAAF0B0FA80F0800000F1844000F58F
:103FC0008400C0F80090FEF727FB074698FAA8F097
:103FD000B0FA80F040F02000400902D0286801E0EB
:103FE00099E0686A98FAA8F1B1FA81F101F01F012D
:103FF00006FA01F108421CD0FEF70EFBC01B022896
:1040000002D90320BDE8F88F98FAA8F0B0FA80F042
:1040100040F02000400901D0286800E0686A98FA62
:10402000A8F1B1FA81F101F01F0106FA01F108428D
:10403000E2D1216A606A0843696821F47411084377
:1040400068609AFAAAF0B0FA80F0800000F184402B
:1040500000F584000660FEF7DFFA044698FAA8F03F
:10406000B0FA80F040F02000400902D0286801E05A
:1040700052E0686A98FAA8F1B1FA81F101F01F01E3
:1040800006FA01F108425AD1FEF7C6FA001B0228CF
:1040900003D90320BDE8F88F15E098FAA8F0B0FA2C
:1040A00080F040F02000400901D0296800E0696AF2
:1040B00098FAA8F0B0FA80F000F01F0006FA00F0BD
:1040C0000142E1D03BE0686A98FAA8F1B1FA81F1C7
:1040D00001F01F0106FA01F1084230D0FEF79CFA08
:1040E000001B022802D90320BDE8F88F98FAA8F037
:1040F000B0FA80F040F02000400901D0296800E0CB
:10410000696A98FAA8F0B0FA80F000F01F0006FA89
:1041100000F00142E2D112E001280DD06868226A65
:1041200000F48031914204D1616A00F47010884239
:1041300005D00120BDE8F88F0120BDE8F88F0020F0
:10414000BDE8F88F007000402DE9F04104460F46AD
:104150001646002594F83C00012801D0012524E0F2
:10416000204601F0ABFA20B1FF2084F83C00032583
:104170001BE0A7F50020B0F5807011D0380C216845
:104180000B6C1F2202EA80000322824023EA020213
:104190000A6421680A6C06FA00F01043086401E022
:1041A00020684664204601F0A6FA2846BDE8F08162
:1041B00070B504460E46002594F83C00012802D054
:1041C0000125284670BD204601F078FA20B1FF2075
:1041D00084F83C000325F4E72068416821F00601DB
:1041E00041602068416831434160204601F083FA14
:1041F0002068416841F010014160022084F83C00D1
:10420000DFE710B44FF0000C90F83C30002B19D0D1
:10421000FF2B17D003685C6824F49E045C60012ABD
:1042200007D003685C686FF30F0121435960826116
:104230000AE003685C686FF30F0141F480012143D9
:104240005960F4E74FF0010C10BC60467047000065
:1042500070B50446002C45D00020A061E061012526
:1042600025626562A062E062690321636063A06306
:104270002064204600F03AF82068016821F4E051FB
:104280000160E168606801432068026811430160D1
:104290002068416821F08071416020684168A2680F
:1042A0001143416010480168226901F44071914254
:1042B0000AD0016821F4407101600168226911434C
:1042C00001600220FEF788F82068416841F0010192
:1042D00041602068816811F4004FFBD184F83C50A4
:1042E000002070BD012070BD006001402DE9F04745
:1042F00086B0044614216846FCF7FFF84948DFF809
:1043000020C1236800250321474A861507154FF071
:1043100020084FF4405963452AD1836943F08073E4
:104320008361836903F080730593436943F48023B9
:104330004361406900F48020059005208DE823004A
:1043400069461046FEF75CF8DFF8E4A037495046AE
:10435000E0E8021520C080E8E0015046CAF81C9051
:1043600056E0C4F814A0CAF8244006B0BDE8F087AF
:10437000DFF8C0C0634524D1836943F000738361D3
:10438000836903F000730593436943F48023436119
:10439000406900F48020059004208DE823006946E0
:1043A0001046FEF72DF8DFF890A020495046143152
:1043B000E0E8021520C080E8E0015046CAF81C90F1
:1043C00026E01E4A9342D0D1826942F08062826127
:1043D000826902F080620592426942F48012426171
:1043E0004069009600F480100590CDE901156946FA
:1043F0001348FEF705F8DFF84CA00C495046283169
:10440000E0E8021520C080E8E0015046CAF81C90A0
:10441000FDF77AFF0028A4D0FDF713FDA1E7000007
:1044200000600140001002400004004830040240D7
:10443000485E0020006401408C5E0020006801405E
:10444000000C0048D05E00202DE9F04105460F46E3
:104450001446002695F83C00012801D0012618E0FA
:10446000284601F02BF920B1FF2085F83C000326F7
:104470000FE02021286801EB870108446268216869
:10448000E3681143A2681A4311430160284601F012
:1044900032F93046BDE8F08100220368A3F1804C78
:1044A000BCF5B03C01D101290AD090F83C30012B79
:1044B00008D0022B06D0042B04D0012210467047EE
:1044C0000122FBE78162F9E7401EB0F1807F01D352
:1044D000012070474FF0E0214861044AF02010703D
:1044E00000208861072008610020704723ED00E06C
:1044F00090F83C20012A2CD0012280F83C20CA6888
:104500000023D1F808C022F4407242EA0C02D1F82C
:1045100004C022F4806242EA0C02D1F800C022F406
:10452000006242EA0C02D1F810C022F4805242EA42
:104530000C02D1F814C022F4005242EA0C02C969FC
:1045400022F4804211430268516480F83C3000201C
:1045500070470220704730B490F83C20012A3FD0C9
:10456000012480F83C40022280F83D200268D2F805
:1045700004C093682CF0700C0D6845EA0C0CC2F86E
:1045800004C00268B2F1804F1DD0A2F1804CBCF58E
:10459000806C18D0A2F1804CBCF5006C13D0A2F155
:1045A000804CBCF5406C0ED0A2F1804CBCF5C05CD8
:1045B00009D0A2F1804CBCF5A03C04D0A2F1804C03
:1045C000BCF5AE3C04D123F08003496819439160E7
:1045D00080F83D40002180F83C1030BC002070473E
:1045E00030BC0220704710B50446002C03D094F86C
:1045F0003D0010B107E0012010BD002084F83C0010
:10460000204600F01FF8022084F83D00211D20689C
:1046100001F068FA012084F8480084F83E0084F82C
:104620003F0084F8400084F8410084F8440084F896
:10463000450084F8460084F8470084F83D000020D7
:1046400010BD000008B500681D4A1E4990420ED1F9
:10465000886940F4003088618869002200F40030E5
:10466000009011461920FEF72BF9192022E0164A76
:1046700090420ED1886940F48020886188690122C7
:1046800000F48020009000211A20FEF719F91A206A
:1046900010E00E4A904211D1C86940F40070C86120
:1046A000C869002200F40070009001211B20FEF771
:1046B00007F91B20BDE80840FEF7F4B808BD00006C
:1046C000004401400010024000480140009C0040AE
:1046D00090F83D10012901D001207047022180F897
:1046E0003D100168CA6842F00102CA600068B0F17A
:1046F000804F23D0A0F18041B1F580611ED0A0F1A0
:104700008041B1F5006119D0A0F18041B1F540615F
:1047100014D0A0F18041B1F5C0510FD0A0F180417B
:10472000B1F5A0310AD0A0F18041B1F5AE3105D08C
:10473000016841F00101016000207047816801F0CB
:1047400007010629F8D0016841F001010160F3E793
:104750000168CA6822F00102CA6001680A6A41F26F
:1047600011131A4207D10A6A9B101A4203D10A6830
:1047700022F001020A60012180F83D1000207047FC
:1047800070B505460C46002695F83C0001280FD070
:10479000012085F83C006AB1042A1CD0082A2CD0DC
:1047A0000C2A3BD00126002085F83C00304670BD25
:1047B000022070BDE36862682168286801F0B5FADC
:1047C0002868816921F00C01816128688169A268EB
:1047D00011438161E7E7E36862682168286801F0B6
:1047E000E6FA2868816921F440618161286881695D
:1047F000A26841EA02218161D5E7E3686268216825
:10480000286801F0F4FA2868C16921F00C01C1613F
:104810002868C169A2681143C161C4E7E36862689E
:104820002168286801F001FB2868C16921F4406112
:10483000C1612868C169A26841EA0221C161B2E789
:1048400010B50446002C03D094F83D0010B107E0E9
:10485000012010BD002084F83C00204600F01EF826
:10486000022084F83D00211D206801F03BF9012061
:1048700084F8480084F83E0084F83F0084F8400043
:1048800084F8410084F8440084F8450084F8460028
:1048900084F8470084F83D00002010BD10B586B0B4
:1048A000044614216846FBF728FE2068B0F1804FCB
:1048B0001FD11148C16941F00101C161C16901F015
:1048C00001010591416941F4003141614069694646
:1048D00000F4003005900420009002200190002098
:1048E000029003200390012004904FF09040FDF7C8
:1048F00087FD06B010BD00000010024010B586B064
:10490000044614216846FBF7F8FD0E4920688842EA
:1049100016D10D48416941F40031416140690021DF
:1049200000F4003005904FF4807000900220CDE933
:104930000101CDE9031069464FF09040FDF760FD9D
:1049400006B010BD000C00400010024070B50446D7
:10495000002594F83C0001280FD0012084F83C0089
:104960006AB1042A0FD0082A11D00C2A13D00125CD
:10497000002084F83C00284670BD022070BD2068ED
:1049800001F026F9F4E7206801F062F9F0E7206809
:1049900001F092F9ECE7206801F0AAF9E8E710B518
:1049A0000446002C03D094F83D0010B107E001202C
:1049B00010BD002084F83C00204600F01EF80220C4
:1049C00084F83D00211D206801F08CF8012084F856
:1049D000480084F83E0084F83F0084F8400084F8E2
:1049E000410084F8440084F8450084F8460084F8C7
:1049F000470084F83D00002010BD704770B50446A4
:104A00000D46002C03D094F83D0010B107E00120C2
:104A100070BD002084F83C00204600F01FF8022002
:104A200084F83D00211D206801F05CF820680168D1
:104A300021F008010160206801682943016001201C
:104A400084F8480084F83E0084F83F0084F844006D
:104A500084F8450084F83D00002070BD704770B5B3
:104A600004460D46002694F83C0001280FD0012092
:104A700084F83C006AB1042A1FD0082A32D00C2ADC
:104A800044D00126002084F83C00304670BD02204E
:104A900070BD2946206801F09BF82068816941F0CB
:104AA000080181612068816921F004018161206829
:104AB00081692A6911438161E4E72946206801F090
:104AC000C7F82068816941F40061816120688169CB
:104AD00021F480618161206881692A6941EA0221AB
:104AE0008161CFE72946206801F0E6F82068C169B6
:104AF00041F00801C1612068C16921F00401C16170
:104B00002068C1692A691143C161BBE72946206851
:104B100001F0EEF82068C16941F40061C1612068CC
:104B2000C16921F48061C1612068C1692A6941EAD3
:104B30000221C161A6E710B50446002C03D094F809
:104B40003D0010B107E0012010BD002084F83C00BA
:104B5000204600F01FF8022084F83D00211D206847
:104B600000F0C0FF012084F8480084F83E0084F87B
:104B70003F0084F8400084F8410084F8440084F841
:104B8000450084F8460084F8470084F83D00002082
:104B900010BD000008B500680649884208D10648E3
:104BA000C16941F00801C161C06900F008000090CE
:104BB00008BD0000000C00400010024010B5044683
:104BC000002909D004290AD008290BD094F8410003
:104BD00001280AD0012010BD94F83E00F8E794F8AF
:104BE0003F00F5E794F84000F2E70220F1B3042912
:104BF0004DD008294ED084F841000122206800F0F1
:104C0000D7FF26492068884209D0A0F18042B2F53A
:104C1000A23204D0A0F18042B2F5A43203D1426C9A
:104C200042F4004242642068B0F1804F22D0A0F1EB
:104C30008042B2F580621DD0A0F18042B2F50062E0
:104C400018D0A0F18042B2F5406213D0A0F18042AA
:104C5000B2F5C0520ED088420CD0A0F18041B1F51F
:104C6000AE3107D0016841F0010100E00CE00160C5
:104C7000002010BD816801F007010629F8D0016805
:104C800041F001010160F3E784F83E00B5E784F8E4
:104C90003F00B2E784F84000AFE700000040014069
:104CA00010B50446002C02D0A06F10B107E001201F
:104CB00010BD002084F87400204600F027F824205E
:104CC000A0672068016821F001010160204601F021
:104CD0006BF9012818D0606A10B1204601F0C5F8C0
:104CE0002068416821F4904141602068816821F08A
:104CF0002A0181602068016841F0010101602046BD
:104D0000BDE8104001F01DB9012010BD10B586B0FE
:104D1000044614216846FBF7F0FB124920688842DC
:104D20001ED11148C16941F40031C161C16901F46A
:104D300000310591416941F4802141614069694632
:104D400000F480200590182000900220019000209F
:104D5000029003200390072004900448FDF750FBC5
:104D600006B010BD0044004000100240000400489E
:104D7000FEE7F0B500230A24302537261F4610E051
:104D8000B4EB107F02D905EB107C01E006EB107C40
:104D900001F813C001EB430C00015B1C8CF801709F
:104DA000DBB29342ECD3F0BD3EB500240F48009433
:104DB000019402940C498460016004730475012518
:104DC00005614FF460214460C161FDF7C9F800B18D
:104DD000FEE7CDE90045694604480294FDF732F844
:104DE000002800D0FEE73EBD002401402005002041
:104DF000F0B587B014216846FBF77FFB294841696D
:104E000041F480014161416901F4800105914169EA
:104E100041F400314161416901F40031059141697A
:104E200041F480214161416901F48021059141698A
:104E300041F48011416140694FF4CC6400F480106A
:104E40004FF090450590002221462846FDF7DEFBF5
:104E50000120CDE9004000240294694628460394CD
:104E6000FDF7CEFA0225032600950F4FCDE9016428
:104E700069463846FDF7C4FAB003CDE90004694637
:104E800038460294FDF7BCFA2020CDE900050294D3
:104E90000520CDE9036069463846FDF7B1FA07B051
:104EA000F0BD00000010024000040048114810B599
:104EB0000F4901601049416000210122C0E902123E
:104EC000016141618161C1610162FDF703FC00B1D3
:104ED000FEE700210748FDF7A5FB00B1FEE7002132
:104EE0000448FDF7CCFB002800D0FEE710BD000011
:104EF00000540040640500200E0900201FB5002466
:104F000012480094019402940F490394C0E90014DC
:104F10008460C4600461FFF79BF900B1FEE70021E3
:104F20000A48FFF7B9FA00B1FEE74FF04060CDE95B
:104F3000000402946A46002104480394FFF784FAAF
:104F4000002800D0FEE71FBD00600140B005002032
:104F50001FB5002412480094019402940F49039451
:104F6000C0E900148460C4600461FFF771F900B106
:104F7000FEE700210A48FFF78FFA00B1FEE74FF085
:104F80004060CDE9000402946A460021044803947D
:104F9000FFF75AFA002800D0FEE71FBD0064014069
:104FA000F40500201FB500241A48009401940294CF
:104FB00017490394C0E900148460C4600461FFF7DA
:104FC00047F900B1FEE700211248FFF765FA00B18A
:104FD000FEE74FF04060CDE9000402946A460021EC
:104FE0000C480394FFF730FA00B1FEE70A4C0022A8
:104FF00021460848FFF7A8F800B1FEE70122214644
:105000000448FFF7FEF8002800D0FEE71FBD0000AF
:1050100000680140380600204000060010B590B03E
:105020001C2108A8FBF769FA20216846FBF765FAFE
:105030001F481E490024016041F61F41C0E90114C8
:105040004FF6FF71C0E9031444618461FFF7CBFAA6
:1050500000B1FEE71648FFF7A2FC00B1FEE7082109
:105060001348FFF7CBFC00B1FEE7089409940A94BB
:105070000B940C940D94002208A90D480E94FFF790
:1050800065FC00B1FEE700944FF40050CDE9044008
:10509000029401940394694605480794FFF728FA9F
:1050A000002800D0FEE710B010BD00000044014011
:1050B0001407002010B590B01C2108A8FBF71DFABA
:1050C00020216846FBF719FA1F481E490024016099
:1050D00041F61F41C0E901144FF6FF71C0E9031406
:1050E00044618461FFF77FFA00B1FEE71648FFF7DD
:1050F00022FD00B1FEE708211348FFF77FFC00B155
:10510000FEE76020CDE908040A940B940C940D94FA
:10511000002208A90C480E94FFF7A1FC00B1FEE79D
:1051200000944FF40050CDE904400294019403949C
:10513000694605480794FFF7DBF9002800D0FEE731
:1051400010B010BD004801406007002010B586B0C7
:1051500000241748009401940294039404944FF09F
:1051600080410594016041F61F41C0E9011442F2FB
:105170000F71C0E9031480218161FFF761FB00B169
:10518000FEE7009469460A480194FFF7E4F900B18C
:10519000FEE70120CDE902400494082202A9044858
:1051A0000594FFF7EDFA002800D0FEE706B010BD29
:1051B0007C06002010B58AB0002407941C216846A4
:1051C0000894FBF79AF917481549016041F61F4109
:1051D000C0E9011442F20F71C0E90314802181611A
:1051E000FFF7A9FC00B1FEE7079407A90D48089452
:1051F000FFF7B1F900B1FEE76020009041F287307F
:10520000CDE901040022694606480494FFF727FC13
:1052100000B1FEE70348FFF771FB0AB010BD0000C4
:10522000000C0040C80600200C4810B50A49016077
:105230004FF416414160002181600C22C160C0E939
:1052400004128161C16101624162FFF729FD0028FA
:1052500000D0FEE710BD000000440040F807002029
:1052600010B500220F49104801F0AAFB08B1FCF765
:10527000E8FD0E490C4801F096FD08B1FCF7E1FD90
:105280000B49094801F0DBF808B1FCF7DAFD0648E4
:1052900001F03AFE002803D0BDE81040FCF7D1BD74
:1052A00010BD000014000020145F002060010020E9
:1052B00064000020FEE770472DE9F05F0446206897
:1052C000B0F8440010F4004F00F0CF814FF0060812
:1052D0004FF002094FF480672068B0F8441001F0E5
:1052E0000F06002E47D030F826A01AF4004F00F029
:1052F000458130F8261021F0700121F4704141F011
:10530000800120F8261006EB860004EBC00000F5B3
:10531000B475287B002800F0EE80E878022800F0C1
:10532000FF802978206830F8212022F0700222F4D2
:10533000E04248F2C0031A4320F82120297820686F
:1053400030F8212012F4804F00F0F180B0F85020A6
:1053500009EBC101114407EB4101415AC1F3090BAB
:10536000BBF1000F00F0F5802A895B46696902F005
:1053700010FD00F0EEB811F0100F25D004F5B47553
:10538000018811F4006F52D0B0F850102A7808EB61
:10539000C202114407EB4101405AC0F30903EB611B
:1053A000EA8804F52C71206802F0F3FC206801887B
:1053B00021F0700121F4704141F08001018020460C
:1053C000FDF7A7FF00F04AB9018821F0F00121F4B0
:1053D000E04141F40041018004F128052068B0F863
:1053E00050102A7809EBC202114407EB4101405AE0
:1053F000C0F30900E861696908446861002120463A
:10540000FDF7C3FA94F82400002800F02781A8696A
:10541000002840F0238194F82400216840F08000A7
:10542000A1F84C00002084F8240000F017B911F412
:10543000004F00F01381018821F0700121F47041C8
:1054400041F0800101802068B0F850102A7808EB04
:10545000C202114407EB4101405AC0F30900E86160
:1054600070B1696961B183B2EA88206802F091FC89
:10547000E96968690844686100212046FDF78EFAF1
:105480002068018811F4006F73D1B0F850100844FF
:1054900000F20C40296961B13E2913D84A0811F085
:1054A000010F00D0521C4FF6FF7101EA82210180EA
:1054B00012E0018821F4F8410180018841F40041A3
:1054C000018009E04A0911F01F0F00D1521E4FF46C
:1054D000004141EA822101802068018821F07001A9
:1054E00021F4804181F4805181F4005148F280021E
:1054F00011430180B2E02068B0F850102A7808EB20
:10550000C202114407EB4101415AC1F3090BBBF13F
:10551000000F1ED0EA885B46696902F03AFC18E089
:10552000524629462046FDF795FA834611E0B0F829
:10553000502008EBC101114407EB4101415AC1F36E
:10554000090BBBF1000F04D06A895B46696902F060
:1055500020FCE8695844E861686958446861A869B2
:1055600010B12869584505D929782046FDF716FA63
:1055700004E06BE02946206802F014F91AF0800F6D
:105580006CD006EB860004EBC00000F12801206817
:1055900030F8262022F0F00222F4E04242F40042E9
:1055A00020F82620C878022851D000238B611AF0F9
:1055B000400F24D0487810B1012814D042E0206870
:1055C000B0F8502010440A7809EBC20200EB420008
:1055D00000F58060028822F4F8420280028842F4DA
:1055E000004202802EE02068B0F8502010440A7873
:1055F00009EBC20200EB4200A0F8003422E0206870
:105600004A7812B1012A13D01CE0B0F8502010449F
:105610000A7808EBC20200EB420000F580600288C5
:1056200022F4F8420280028842F40042028009E03B
:10563000B0F8502010440A7808EBC20200EB420098
:10564000A0F8003409782046FDF79FF906E01AF427
:10565000807F0DD052462046FDF78DFA2068B0F8C5
:10566000440010F4004F7FF437AE0020BDE8F09FF7
:105670002068B0F850200B7809EBC3031A4407EBFD
:105680004202805AC0F309008A69824202D9121A82
:105690008A6101E000228A618A694AB14A6902444A
:1056A0004A61CA691044C861206802F07BF8D5E7F6
:1056B00009782046FDF769F9D0E7704770B50446D0
:1056C0002068016841F000410160FCF7A5FF054634
:1056D0002068806810F0004F0BD1FCF79DFF401B45
:1056E000C82801D9032070BD2068806810F0004FE1
:1056F000F3D0002070BD0068016821F00041016016
:1057000070477047FDF77AB830B59BB028216846DE
:10571000FAF7F3FE142115A8FAF7EFFE2C210AA8D8
:10572000FAF7EBFE032001210090049110214FF4C1
:10573000803000240591CDE901040225CDE9075010
:10574000000109906846FEF7A5F800B1FEE70F20BA
:10575000CDE915054FF48065CDE91745022115A85F
:105760001994FDF73BFF00B1FEE70F940C48149429
:105770000A900D944FF02840CDE911400AA8FDF79A
:105780000FFE00B1FEE74FF40070FDF7F5FD28466F
:10579000FDF7F2FD4FF40060FDF7EEFD1BB030BDEC
:1057A000A20802001448016841F470010160134826
:1057B000016841F0010101604168114A11404160F6
:1057C0000168104A11400160016821F480210160E4
:1057D000416821F4FE014160C16A21F00F01C162FC
:1057E000016B094A11400163002181600249C00335
:1057F000803908607047000088ED00E0001002402A
:105800000CC07FF8FFFFF6FECCFC00FF09480068E3
:105810000068016A41F21112114207D1016A921027
:10582000114203D1416C21F4004141640148FBF76E
:10583000E3BD0000005E00200948406A0068016A7C
:1058400041F21112114207D1016A9210114203D1A3
:10585000416C21F40041416401482430FBF7CCBD88
:10586000005E002070B594496FF00100096808617E
:10587000934D924CB5F90010B5F90200D4F8802090
:105880000B1A22B1012A05D0022A07D10EE000EE40
:10589000101A01E000EE100AB8EEC00AD4F8802217
:1058A0003AB1012A08D0022A0AD102E100EE103AE8
:1058B000F2E700EE901A01E000EE900AF8EEE00A3E
:1058C000804C2046616A88477F4928888A6ACB686D
:1058D000D0528889801CC0F30C00C860002001EB06
:1058E0008002401C93699B1C93610228F7DB764978
:1058F00068888A6ACB68D0528889801CC0F30C0003
:10590000C860002001EB8002401C93699B1C9361DE
:105910000228F7DB94ED020A6C4B10EE100ADFED63
:105920006C0A984201DDB0EE600A10EE100A4FF0EA
:1059300047459FED681AA84201D9B0EE410A624975
:10594000BDEEC00A8A6A10EE100ACE6890538889AC
:10595000801CC0F30C00C860002001EB8002401CDA
:105960009669B61C96610228F7DB94ED030A10EEE7
:10597000100A984201DDB0EE600A10EE100AA8424B
:1059800001D9B0EE410A5049BDEEC00A8A6A10EE54
:10599000100ACE6890538889801CC0F30C00C86040
:1059A000002001EB8002401C9669B61C966102281B
:1059B000F7DB494894ED000AD0ED001A20EE210AE9
:1059C00010EE100A984201DDB0EE600A10EE100AE7
:1059D000A84201D9B0EE410A3B49BDEEC00A8A6A2D
:1059E00010EE100ACE6890538889801CC0F30C001A
:1059F000C860002001EB8002401C9669B61C9661CD
:105A00000228F7DB94ED010A10EE100A984201DD3E
:105A1000B0EE600A10EE100AA84201D9B0EE410AB9
:105A20002949FDEEC00A8A6A10EE900ACB68D0526E
:105A30008889801CC0F30C00C860002001EB800244
:105A4000401C93699B1C93610228F7DBBCEEC00AE3
:105A50000422002110EE100A83B22048FCF7AAFBB2
:105A600019491F488A6ACB680088D0528889801CEF
:105A7000C0F30C00C860002001EB8002401C936959
:105A80009B1C93610228F7DB0F494AF6CD308A6AE6
:105A9000CB68D0528889801CC0F30C00C8600020FD
:105AA00001EB8002401C93699B1C93610228F7DB89
:105AB00070BD00EE903A01E7AC070020B82A002044
:105AC00008000020483C00207C28002000FEFF4603
:105AD00000FEFF46000000C7040000205005002023
:105AE000020000202DE9F00102682A4B2A4E2B4FBC
:105AF000DFF8AC80B0F1804F07D0984205D0B042BB
:105B000003D0B84201D0404505D122F07002D1F84F
:105B100004C04CEA0202DFF88CC0234C234DB0F1E4
:105B2000804F1CD098421AD0B04218D0B84216D03C
:105B3000A0F18043B3F5C05311D0A0F18043B3F579
:105B4000E0530CD0A0F18043B3F5005307D060457B
:105B500005D0A04203D0A84201D0404503D122F491
:105B60004072CB681A434B6922F080021A430260EC
:105B70008A68C2620A688262604503D0A04201D08E
:105B8000A84201D10969016301214161BDE8F00129
:105B9000704700000004004000080040000C004076
:105BA000005C0140004001400044014000480140C9
:105BB00001F01F0101238B40D0F820C02CEA030321
:105BC0000362036A02FA01F119430162704700009F
:105BD000F0B4026A22F001020262026A4368D0F85D
:105BE00018C02CF0700C2CF0030C0C6844EA0C0C60
:105BF00022F002028C682243124C134D134EA04235
:105C000003D0A84201D0B04205D122F00802CF68EB
:105C10003A4322F00402A04203D0A84201D0B0428D
:105C200007D123F4807323F400734C6923438C69F8
:105C300023434360C0F818C0496841630262F0BC66
:105C4000704700000040014000440140004801400E
:105C500010B4026A22F010020262D0F820C042683A
:105C6000836923F4E04323F440730C6843EA04237C
:105C70002CF0200C8C684CEA041CA0F18044B4F594
:105C8000A03409D0A0F18044B4F5A23404D0A0F12E
:105C90008044B4F5A43407D122F480624C6942EA0E
:105CA00084028C6942EA84024260836149688163AC
:105CB000C0F820C010BC704710B4026A22F4807291
:105CC0000262D0F820C04268C36923F0700323F059
:105CD00003030C6823432CF4007C8C684CEA042CEE
:105CE0004260C3614968C163C0F820C010BC7047FE
:105CF00010B4026A22F480520262D0F820C04268D6
:105D0000C36923F4E04323F440730C6843EA04239B
:105D10002CF4005C8C684CEA043C4260C361496826
:105D20000164C0F820C010BC704730B4D0F820C067
:105D30002CF0010CC0F820C0D0F818C0046AB0F1F3
:105D4000804F2FD0A0F18045B5F580652AD0A0F115
:105D50008045B5F5006525D0A0F18045B5F54065D5
:105D600020D0A0F18045B5F5C0551BD0A0F18045ED
:105D7000B5F5A03516D0A0F18045B5F5AE3511D0FA
:105D80004CF0010222F0F0024FF0F00C0CEA031389
:105D90001A4324F00A0301F00A01194382610162E7
:105DA00030BC70472CF0030C4CEA0202EAE710B456
:105DB000D0F820C02CF0100CC0F820C08469D0F8B6
:105DC00020C024F4407444EA022222F470424FF4CA
:105DD000704404EA03331A432CF0A0034FF0A00CE4
:105DE0000CEA011119438261016210BC704710B4C2
:105DF000D0F820C02CF4807CC0F820C0C469D0F852
:105E000020C024F00304224322F0F002F02404EA2C
:105E100003131A432CF420634FF4206C0CEA012185
:105E20001943C261016210BC704710B4D0F820C0A1
:105E30002CF4805CC0F820C0C469D0F820C024F4E1
:105E4000407444EA022222F470424FF4704404EA9F
:105E500003331A432CF420434FF4204C0CEA013155
:105E60001943C261016210BC704790F8241011F010
:105E7000010F06D001684A68836A22F400321A438F
:105E80004A6090F8241011F0020F06D001684A68A9
:105E9000C36A22F480321A434A6090F8241011F049
:105EA000040F06D001684A68036B22F480221A436B
:105EB0004A6090F8241011F0080F06D001684A6873
:105EC000436B22F400421A434A6090F8241011F008
:105ED000100F06D001688A68836B22F480521A433F
:105EE0008A6090F8241011F0200F06D001688A68AB
:105EF000C36B22F400521A438A6090F8241011F008
:105F0000400F11D001684A68036C22F480121A43D2
:105F10004A60016CB1F5801F06D101684A68436C84
:105F200022F4C0021A434A6090F8241011F0800F46
:105F300006D001684A68806C22F400221043486051
:105F40007047F8B504460025C4F88050FCF764FBA0
:105F50000746206800686FF07E4610F0080F0AD0F0
:105F60003B4600224FF400112046009600F0FEF858
:105F700008B10320F8BD2068006810F0040F0AD0B3
:105F80003B4600224FF480012046009600F0EEF8D8
:105F900008B10320F8BD2020A067E067256684F8DB
:105FA00074500020F8BD000070B50446002521693A
:105FB000A068E269084361691143014320680268EF
:105FC00022F4037222F414421143016020684168F4
:105FD000E26821F4405111434160A069216A014304
:105FE0002068826822F430621143816020685D4934
:105FF000A0F18042B2F59C321AD0A0F18042B2F5F5
:10600000884229D0A0F18042B2F590423BD01020C6
:10601000E26955494FF6EF76B2F5004F4AD00928AC
:1060200077D2DFE800F0797D8A88818888888500CA
:10603000086B10F0030007D0012809D0022809D00E
:10604000032803D01020E3E70120E1E70220DFE787
:106050000420DDE70820DBE7086B10F440300AD0AD
:10606000B0F5803F0BD0B0F5003F0AD0B0F5403F0F
:1060700003D01020CCE70020CAE70220C8E70420A4
:10608000C6E70820C4E7086B10F440200AD0B0F53A
:10609000802F0BD0B0F5002F0AD0B0F5402F03D0E1
:1060A0001020B5E70020B3E70220B1E70420AFE7F6
:1060B0000820ADE7092815D2DFE800F0050916141D
:1060C0000D1414141100FDF77BFB01460CE0FDF7E5
:1060D0008DFB014608E0FDF79FFB014604E04FF40D
:1060E000004101E000210125A1B36068490001EBF6
:1060F0005001B1FBF0F080B2A0F11001B14209D81B
:106100004FF6F0710140C0F3420008432168C860B7
:1061100022E010E001251FE0FDF752FB01460CE0F4
:10612000FDF764FB014608E0FDF776FB014604E05D
:106130004FF4004101E00021012559B1606801EBF5
:106140005001B1FBF0F080B2A0F11001B14202D8D1
:106150002168C86000E0012500206066A06628462E
:1061600070BD00000010024000127A002DE9F047D7
:106170000446089D884691469A462068C06938EAD8
:10618000000037D00020484558D100272026B5F11F
:10619000FF3F4BD0FCF740FAA0EB0A00A8422BD8F7
:1061A00055B32068016811F0040F3FD0C06910F4A6
:1061B000006F3BD021684FF400600862206850E80F
:1061C000001F21F4D07140E80012002AF6D12068A7
:1061D000083050E8001F21F0010140E80012002AB9
:1061E000F5D1A667E667C4F8806084F87470032070
:1061F000BDE8F0870120C6E7206850E8001F21F4C1
:10620000D07140E80012002AF6D12068083050E82A
:10621000001F21F0010140E80012002AF5D1A66715
:10622000E66784F874700320BDE8F0872068C069D1
:1062300038EA000005D000204845A8D00020BDE87D
:10624000F0870120F8E770B5D0F8B822D0F8C05236
:10625000002A1BD001EB810C00EB8C030026DC69CB
:1062600054B105EBCC0CDCF838C0B4FBFCF50CFBEE
:10627000154CBCF1000F03D0C2F81462002070BDB1
:10628000DE6100231A4600F071FDF7E7022070BDC1
:1062900070B50546D5F8B842284600F069FCC4F848
:1062A0000C02D5F8B80248B1D5F8BC12D4F80402F3
:1062B000CA6804F503719047002070BD022070BDCC
:1062C00070B5044600268121204600F098FB002589
:1062D000E5620121204600F092FBC4F86C51822156
:1062E000204600F08CFB2564D4F8B80248B1D4F8FD
:1062F000BC0240688047D4F8B80200F077FFC4F8C9
:10630000B852304670BD10B5D0F8B842D0F8BC12C3
:1063100000290BD094F80002FF2807D08B6894F86E
:10632000012221469847FF2084F80002002010BD7A
:106330000A21018000487047880000204321018025
:1063400000487047D8000020432101800048704772
:106350009400002043210180004870471C01002068
:1063600070B504460026207C0125002831D040234A
:1063700002228121204600F04FFCE56240230222E8
:106380000121204600F048FCC4F86C510823032288
:106390008221204600F040FC25644FF4077000F095
:1063A00027FFC4F8B80230B30546D4F8BC02006831
:1063B00080470020C5F81402C5F81802207CE0B11F
:1063C000402301212046D5F8042200F031FC30465C
:1063D00070BD4FF4007302228121204600F01CFCA6
:1063E000E5624FF4007302220121204600F014FC04
:1063F000C4F86C51CAE70126E9E74FF400730121A4
:106400002046D5F8042200F013FCE0E710B5D0F8E0
:10641000B812002911D0027C3AB1D1F804224023ED
:10642000012100F005FC002010BDD1F804224FF43A
:106430000073012100F0FCFBF5E7022010BD0246CD
:106440000220002902D0C2F8BC1200207047D0F808
:10645000B802C0F8041200207047D0F8B802C0F8A3
:106460000812C0F8102200207047F0B583B005462E
:106470000C46D5F8B87200200290019000262078D2
:1064800010F060012ED0202907D02146284600F0C8
:10649000A5F8022603B03046F0BDE288D2B110F074
:1064A000800F0BD0D5F8BC1260788B6839469847BE
:1064B000E2883946284600F0B7F8EBE7607887F8BD
:1064C0000002A07987F80102E2883946284600F0E8
:1064D00091F8DFE7D5F8BC12607800228B6821467E
:1064E0009847D7E7607848B10A2817D00B2825D0FD
:1064F0002146284600F072F80226CBE795F89C0268
:10650000032805D02146284600F068F80226C1E796
:10651000022201A9284600F087F8BBE795F89C0203
:10652000032805D02146284600F058F80226B1E796
:10653000012202A9284600F077F8ABE795F89C0203
:106540000328A7D02146284600F048F80226A1E7F4
:1065500010B5D0F8B812002914D0D1F814220AB11D
:10656000012010BD0122C1F81422D1F810220263CB
:10657000B1F8102293B2D1F80822812100F0F6FB85
:10658000002010BD022010BD10B5D0F8B422526812
:106590009047002010BD90F89C22012A05D0022AC5
:1065A00003D0032A01D000F019B84988012904D189
:1065B0000021C0F8A41200F044B8704710B513468B
:1065C0000A46002100F034FB002010BD10B5134630
:1065D0000A46002100F0CAFB002010BD10B5044699
:1065E0008021204600F0A7FB2046BDE81040002196
:1065F00000F0A1BB10B50323C0F89432C0F85C21B1
:10660000C0F8602113460A46002100F011FB00206B
:1066100010BD10B50521C0F8941200231A46194682
:1066200000F006FB002010BD10B50223C0F8943224
:10663000C261026213460A46002100F097FB002067
:1066400010BD10B50421C0F8941200231A46194653
:1066500000F08CFB002010BD10B50A46024903A0D3
:1066600000F080F9004810BDE46600204344432058
:10667000436F6E666967000012200880004870470B
:106680003400002010B50A46024903A000F06AF960
:10669000004810BDE466002043444320496E746501
:1066A000726661636500000004200880004870473E
:1066B0003000002010B50A46024903A000F052F94C
:1066C000004810BDE4660020436572654C6F6F7032
:1066D0000000000010B50A46024903A000F042F98C
:1066E000004810BDE4660020434C303220436C6FFC
:1066F0007365642D6C6F6F702053797374656D00D2
:1067000010B51A2008800A480168001D0468001DA1
:106710000068081809D008220649FEF72AFB054937
:10672000042210312046FEF724FB0248801E10BDD3
:10673000ACF7FF1F4A000020CA88012A01D0FFF7EA
:106740004DBF90F89C22012A05D0022A03D0032ACB
:1067500008D0FFF743BF00218160012200F108014A
:10676000FFF762BF0122011DFFF75EBF2DE9F8436D
:1067700004460F4600200090002600257888010A74
:10678000082970D2DFE801F0AB040C22ABAB8B9A86
:10679000D4F8B012207C0A68694690470646A3E008
:1067A000207C4FF0020840B1D4F8B402C16A6846B8
:1067B0008847064686F8018096E0D4F8B402816ADC
:1067C00068468847064686F801808DE0C0B20628F4
:1067D0005FD2DFE800F0031221303F4FD4F8B0025F
:1067E000426822B1207C6946904706467CE03946E3
:1067F0002046FFF7F3FE012576E0D4F8B002826868
:1068000022B1207C6946904706466DE03946204615
:10681000FFF7E4FE012567E0D4F8B002C26822B1B8
:10682000207C6946904706465EE039462046FFF7E1
:10683000D5FE012558E0D4F8B002026922B1207CCF
:106840006946904706464FE039462046FFF7C6FEA8
:10685000012549E0D4F8B00242692AB1207C69469A
:106860009047064640E03AE039462046FFF7B6FE3C
:10687000012539E0D4F8B002826922B1207C694652
:106880009047064630E039462046FFF7A7FE01252F
:106890002AE039462046FFF7A1FE012524E0207CAE
:1068A00028B139462046FFF799FE01251CE0D4F8AF
:1068B000B402416B68468847064615E0207C28B143
:1068C00039462046FFF78AFE01250DE0D4F8B402D0
:1068D000016B6846884706460721717004E0394617
:1068E0002046FFF77BFE0125002D12D1BDF80000E8
:1068F00048B1FA883AB1824200D902460092314644
:106900002046FFF791FEF888002802D12046FFF7C5
:1069100098FEBDE8F88300210278002A05D0491CC2
:10692000C9B2401C0278002AF9D10846704790F895
:106930009C22012A05D0022A03D0032A01D0FFF7A6
:106940004DBECA88022A01D0FFF748BE0121C160AE
:10695000D0F8A41209B10321C160022200F10C0198
:10696000FFF762BE70B504460D461646002C1AD0DD
:106970002046FFF7D0FF022101EB40003080307845
:106980002870032102206970217800290BD0002291
:1069900014F8013B411CC9B22B54481CC0B26A54C4
:1069A00021780029F4D170BD01004FF0000004D01F
:1069B000012901D0022901D002207047012070472F
:1069C00010B5002810D0D0F8B43213B10023C0F8AD
:1069D000B43209B1C0F8B012012180F89C120270E3
:1069E00000F0CAF8002010BD022010BD10B5D0F88C
:1069F000C002FCF702F8BDE81040FFF7D5BF10B5A4
:106A0000D0F8C002FBF7D4FFBDE81040FFF7CCBFC1
:106A100070B504469446002909D0D4F8B4024269FE
:106A20001AB194F89C02032859D0022070BD04F1D9
:106A30001400D4F894120025022904D0042940D06F
:106A400000293ED041E0C36801698B420DD9591A33
:106A5000C1608AB261462046FFF7B8FD00231A469E
:106A60001946204600F0E4F82FE08068B0FBF1F210
:106A700001FB12029AB9884211D3D4F898128842C5
:106A80000DD2002211462046FFF7A0FDC4F898520F
:106A900000231A461946204600F0CAF815E0D4F83B
:106AA000B402C16829B194F89C02032801D12046A0
:106AB00088478021204600F03EF92046FFF7A9FDD7
:106AC00003E08021204600F036F994F8A002012866
:106AD00007D1204600F070F984F8A05201E020466A
:106AE0009047002070BD10B50446084611460028A6
:106AF00009D0D4F8B4128A691AB194F89C12032907
:106B000031D0022010BD04F5AA70D4F89432032BC2
:106B100002D0052B1FD029E0D0F810C0C368634510
:106B20000BD9A3EB0C03C3600069834200D3034677
:106B30009AB22046FFF742FD18E0D4F8B40201698A
:106B400029B194F89C02032801D1204688472046A9
:106B5000FFF777FD0AE00020C4F8940200212046E8
:106B600000F0E9F802E0014620469047002010BD01
:106B7000D0F8C002FCF7D6B910B504461C481D4930
:106B8000C0F8E842C4F8C002016008214160022157
:106B900081600161002181610162FCF7F7FA08B1AF
:106BA000FBF74FF90022D4F8C0021823114604F570
:106BB0003074FBF7CBFE5823002280212068FBF7BE
:106BC000C5FEC023002281212068FBF7BFFE4FF4E1
:106BD0008873002201212068FBF7B8FE4FF4807310
:106BE000002282212068FBF7B1FE002010BD0000CA
:106BF000F8630020005C00400A0601F07F01D0F835
:106C0000C00201EB810100EBC10002D590F82A001F
:106C1000704790F86A01704710B51C461346D0F8CB
:106C2000C0022246FCF787F9BDE81040FFF7BCBE62
:106C300010B5D0F8C002FCF7ACF9BDE81040FFF782
:106C4000B3BE70B504460022402311462046FFF72C
:106C5000E3FF0125C4F858514026C4F8646140237D
:106C6000002280212046FFF7D7FFA561666284F8E5
:106C70009C520020C4F894026060C4F8A402D4F8C6
:106C8000B80228B1D4F8B4020021426820469047E7
:106C9000002070BD90F89C12042903D190F89D1239
:106CA00080F89C120020704710B590F89C120329C0
:106CB00004D1D0F8B412C96901B18847002010BDD1
:106CC00001740020704710B5D0F8C002FCF70DFB2E
:106CD000BDE81040FFF768BE10B5044604F52A7001
:106CE00000F04DF80120C4F89402B4F8AE02C4F8E4
:106CF000980294F8A81211F01F000AD001280ED0B3
:106D0000022812D001F08001204600F014F8002083
:106D100010BD04F52A71204600F0FBF8F7E704F5F2
:106D20002A71204600F02DFAF1E704F52A71204679
:106D300000F02FF9EBE710B5D0F8C002FCF745F9E9
:106D4000BDE81040FFF730BE10B5D0F8C002FCF728
:106D5000E7FABDE81040FFF727BE90F89C1280F8D4
:106D60009D12042180F89C120020704710B5D0F8C5
:106D7000C002FCF759F9BDE81040FFF715BE0A78CC
:106D800002704A7842708A78CB7802EB0322428004
:106D90000A794B7902EB032282808A79C97902EB66
:106DA0000121C180704702460020002902D0C2F8AC
:106DB000B4127047022070470020704770B5044637
:106DC0008888002821D1C888F8B9488880281CD232
:106DD00000F07F0594F89C0203280DD084F89E52A1
:106DE00029462046FFF76FFF2046FFF72AFC45B1F2
:106DF000022084F89C0270BD2046BDE87040FFF779
:106E0000EDBB012084F89C0270BD2046BDE87040B7
:106E1000FFF7E4BB10B50224D0F8B422002A03D057
:106E20001268904700B90024204610BD70B5044692
:106E30000D46304EA9783170012905D929462046E2
:106E4000BDE87040FFF7CABB94F89C0202280BD043
:106E5000032823D029462046FFF7C0FB317820467F
:106E6000BDE87040FFF790BB99B16160032084F8E2
:106E70009C022046FFF7CEFF022804D02046BDE842
:106E80007040FFF7DEBB29462046BDE87040FFF7A3
:106E9000A5BB2046BDE87040FFF7D3BB91B1606849
:106EA000884221D0C1B22046FFF76EFB3178616085
:106EB0002046FFF7AFFF022810D02046BDE8704003
:106EC000FFF7BFBB022084F89C0261602046FFF7F9
:106ED0005BFB2046BDE87040FFF7B3BB2946204668
:106EE000BDE87040FFF77ABB2046BDE87040FFF771
:106EF000A8BB0000840000204988012903D1C0F804
:106F0000A412FFF79EBB704710B5FFF71DFF0020CE
:106F100010BD10B503460024087810F060020ED0B2
:106F2000202A06D0402A04D01846FFF757FB2046F7
:106F300010BDD3F8B402826818469047F7E7487846
:106F40000A2822D2DFE800F0151D211921090521A8
:106F5000110D1846FFF70AFCE9E71846FFF72EFF68
:106F6000E5E71846FFF762FFE1E71846FFF7E4FBA5
:106F7000DDE71846FFF7DBFCD9E71846FFF7BCFF53
:106F8000D5E71846FFF707FBD1E71846FFF726FBC2
:106F9000CDE72DE9F0410446084600260179037843
:106FA00013F0600211D0202A08D0402A06D00146F2
:106FB0002046FFF713FB3046BDE8F081D4F8B41249
:106FC0008A68014620469047F5E703F06002202AD0
:106FD0000BD04278002A61D0012A37D0032A0CD086
:106FE00001462046FFF7FAFAE5E7D4F8B4128A68BA
:106FF00001462046BDE8F041104794F89C22022A41
:1070000006D0032A14D001462046FFF7E7FAD2E75C
:1070100049B1802907D02046FFF78DFE8021204608
:10702000FFF789FEC7E701462046FFF7D7FAC2E718
:1070300042883AB931B1802904D0C08810B92046BD
:10704000FFF779FE2046FFF7FCFAB4E794F89C229C
:10705000022A06D0032A14D001462046FFF7BEFAC2
:10706000A9E749B1802907D02046FFF764FE8021B7
:107070002046FFF760FE9EE701462046FFF7AEFA86
:1070800099E74088002896D111F07F0F02D0204662
:10709000FFF7ACFC2046FFF7D4FA8CE794F89C226B
:1070A0000027022A06D0032A26D001462046FFF7F1
:1070B00095FA80E731B1802904D001462046FFF7D8
:1070C0008DFA78E711F0800F08D001F07F0000EB17
:1070D000800004EB800000F1140107E001F07F0064
:1070E00000EB800004EB800000F5AA710F60022223
:1070F0002046FFF799FA5EE711F0800F0CD001F0FF
:107100000F0202EB820204EB820292696AB9014625
:107110002046FFF763FA4EE701F00F0202EB82020E
:1071200004EB8202D2F858215AB111F0800F0DD031
:1071300001F07F0000EB800004EB800000F11405FB
:107140000CE001462046FFF749FA34E701F07F00E2
:1071500000EB800004EB800000F5AA7541B18029A6
:1071600006D02046FFF748FD20B10120286002E04C
:107170002F6000E02F60022229462046FFF754FAD4
:1071800019E770B505460C46207810F0600209D06A
:10719000202A07D0402A05D021462846FFF71EFAAC
:1071A000002070BD95F89C22012A08D0022A06D042
:1071B000032A04D021462846FFF710FAF0E7207989
:1071C00001280ED8D5F8B402214682682846904797
:1071D000E1880029E4D10028E2D12846FFF731FAFE
:1071E000DEE721462846FFF7F9F9D9E770470000A6
:1071F00000487047D86100202DE9F001002591F882
:1072000000C030F82C2022F4CE6222F4E042CB7889
:10721000002B7ED0012B7AD0022B02D0032B7BD007
:10722000012548F28004224320F82C200A7830F807
:10723000223023F0700323F4E0431343234320F868
:1072400022300A7B042748F2C0034CF28006002A51
:1072500068D0CA78022A7DD00A7830F822C02CF48F
:10726000B87C2CF4E04C4CEA040C20F822C0B0F8B6
:107270005020024491F800C002EB0C12B1F808C093
:107280002CF0010CA2F800C4B0F85020024491F890
:1072900000C007EBCC0C02EB4C02B1F80AC02CF09A
:1072A000010CA2F800C44A78002A6DD00A7830F8A0
:1072B00022C01CF4804F09D030F822C02CF0700C92
:1072C0002CF4E04C4CEA060C20F822C00A7830F886
:1072D00022C01CF0400F09D030F822C02CF0700CF6
:1072E0002CF4E04C4CEA030320F82230CA78012A3F
:1072F0007DD00A7830F8223023F4415323F48043C0
:1073000083F02003234320F82230F9E001E006E077
:1073100002E042F4007284E742F4C06281E742F482
:1073200080627EE74A7872B3B0F85020024491F848
:1073300000C002EB0C12B1F806C02CF0010CA2F850
:1073400000C40A7830F822C01CF0400F0BD030F88F
:1073500022C000E083E02CF0700C2CF4E04C4CEAEE
:10736000030320F82230CA78012A0ED0097830F8B9
:10737000212022F4415222F4804282F02002224352
:1073800020F82120C6E00BE077E0097830F82120D2
:1073900022F4415222F48042224320F82120B9E015
:1073A000B0F8502002440B7807EBC30302EB430212
:1073B000CB8823F00103A2F80034B0F85020024437
:1073C0000B784FF0060C0CEBC30302EB430202F503
:1073D00080620B6983B13E2B17D84FEA530C13F030
:1073E000010F01D00CF1010C4FF6FF7300E07DE0BE
:1073F00003EA8C23138014E0138823F4F8431380EA
:10740000138843F4004313800BE04FEA531C13F03E
:107410001F0F01D1ACF1010C4FF4004343EA8C2360
:1074200013800A7830F8223013F4804F08D030F8F7
:10743000223023F0700323F4E043334320F822305A
:10744000097830F8212022F0700222F4804282F480
:10745000805282F40052224320F821205AE00A7818
:1074600030F822C02CF0700C2CF4E04C48F280185C
:107470004CEA080C20F822C0F9E60A7830F822C05D
:107480001CF4804F09D030F822C02CF0700C2CF482
:10749000E04C4CEA060C20F822C00A7830F822C0F2
:1074A0001CF0400F09D030F822C02CF0700C2CF4E6
:1074B000E04C4CEA030320F822300A7830F82230FE
:1074C00023F0700323F4804383F4805383F4005348
:1074D000234320F82230097830F8212022F4415249
:1074E00022F48042224320F8212013E00A7830F869
:1074F000223023F4415323F48043234320F82230E5
:10750000097830F8212022F0700222F480422243D0
:1075100020F821202846BDE8F001704770B40E7BAA
:107520004B780A7848F2800C48F2C0044CF280058F
:10753000002E41D0002B75D030F8223013F4804F4C
:1075400008D030F8223023F0700323F4E0432B43BB
:1075500020F822300A7830F8223013F0400F08D09B
:1075600030F8223023F0700323F4E043234320F863
:1075700022300A7830F8223023F0700323F4E043FD
:107580002B4320F822300A7830F8223023F441537C
:1075900023F4804343EA0C0320F82230097830F8C2
:1075A000212022F0700222F4804242EA0C0220F8EC
:1075B000212070BC00207047CBB130F8223013F08E
:1075C000400F08D030F8223023F0700323F4E0435A
:1075D000234320F82230097830F8212022F4415248
:1075E00022F4804242EA0C0220F82120E1E730F840
:1075F000223013F4804F08D030F8223023F070038B
:1076000023F4E0432B4320F82230097830F821207E
:1076100022F0700222F4804242EA0C0220F821207B
:10762000C7E7FFE730F8223013F4804F08D030F876
:10763000223023F0700323F4E0432B4320F8223060
:107640000A7830F8223013F0400F08D030F822309A
:1076500023F0700323F4E043234320F822300A7818
:1076600030F8223023F0700323F4E043234320F862
:1076700022300A7830F8223023F0700323F480435C
:1076800043EA0C0320F82230097830F8212022F454
:10769000415222F4804242EA0C0220F8212088E77D
:1076A000002070470121A0F840100021A0F84010F0
:1076B000A0F84410A0F8501000207047B0F8401017
:1076C00021F43F41A0F840100020704710B40A7B1D
:1076D000002A45D14A7848F2800C0AB30A7830F87B
:1076E000223013F0400F0AD030F8223023F070031C
:1076F00023F4E04348F2C004234320F82230CA7840
:10770000012A2DD0097830F8212022F4415222F4A8
:10771000804282F0200242EA0C0220F821201FE081
:107720000A7830F8223013F4804F0AD030F8223033
:1077300023F0700323F4E0434CF28004234320F849
:107740002230097830F8212022F0700222F48042A1
:1077500082F4805282F4005242EA0C0220F8212086
:1077600010BC002070474A78097848F28003002A4C
:107770000BD030F8212022F4415222F4804282F0D2
:1077800010021A4320F821200AE030F8212022F0CC
:10779000700222F4804282F480521A4320F82120A1
:1077A000002070472DE9F04F05460C460627627809
:1077B000217B4FF0000B4FF002084FF6FF794FF49A
:1077C000004A012A0CD0002900F0A381E0780228A9
:1077D00000F0D181012800F04D820120BDE8F08F3A
:1077E000A6692069864200D90646E9B1E1780229F6
:1077F0002CD0206A801B2062207835F8201011F0F0
:10780000400F00F06681B5F85010294407EBC00026
:1078100001EB4000A0F800646289B3B228466169B8
:1078200000F0DCFA00F064B9B3B2E288284661697E
:1078300000F0D4FAB5F850002844217808EBC101D3
:1078400000EB4100A0F8006400F052B9216A8142C7
:1078500040F22281207835F8201021F0700121F4C7
:10786000E04148F28012114325F82010206A801B65
:107870002062207835F8201011F0400F74D0617824
:1078800011B1012927D02FE0B5F85010294407EB9A
:10789000C00001EB400000F5806056B13E2E11D8CB
:1078A000710816F0010F00D0491C09EA81210180FE
:1078B0001AE0018821F4F8410180018841F4004177
:1078C000018011E0710916F01F0F00D1491E4AEA2C
:1078D0008121018008E0B5F85020511907EBC00064
:1078E00001EB4000A0F800646289B3B228466169E8
:1078F00000F074FA6069304460612169206A88424E
:1079000002D9801B206202E00646C4F820B06078ED
:1079100010B1012829D032E0B5F850002844217870
:1079200008EBC10100EB410000F5806056B13E2E2E
:1079300011D8710816F0010F00D0491C09EA812105
:1079400001801CE0018821F4F8410180018841F4A4
:107950000041018013E0710916F01F0F00D1491E8C
:107960004AEA812101800AE010E0B5F8500028447D
:10797000217808EBC10100EB4100A0F800642289E6
:10798000B3B22846616900F029FAB1E0617811B11B
:10799000012927D02FE0B5F85010294408EBC0008A
:1079A00001EB400000F5806056B13E2E11D8710801
:1079B00016F0010F00D0491C09EA812101801AE06C
:1079C000018821F4F8410180018841F400410180DF
:1079D00011E0710916F01F0F00D1491E4AEA8121FA
:1079E000018008E0B5F85010294408EBC00001EB15
:1079F0004000A0F800642289B3B22846616900F013
:107A0000EDF96069304460612169206A884202D9D9
:107A1000801B206202E00646C4F820B0607810B1F6
:107A2000012828D031E0B5F850002844217807EB30
:107A3000C10100EB410000F5806056B13E2E11D827
:107A4000710816F0010F00D0491C09EA812101805C
:107A50001BE0018821F4F8410180018841F40041D4
:107A6000018012E0710916F01F0F00D1491E4AEA89
:107A70008121018009E0B5F850104819217807EB01
:107A8000C10100EB4100A0F800646289B3B228464E
:107A9000616900F0A3F92BE0207835F8202022F46A
:107AA000B87222F4E04248F280031A4325F82020FD
:107AB000B5F850002844227808EBC20200EB4200DF
:107AC0008BB2A0F8003422892846616900F086F95B
:107AD0000EE0B5F85010294408EBC00001EB40005F
:107AE000A0F800642289B3B22846616900F076F9F3
:107AF000207835F8201021F4415121F4804181F0A3
:107B0000100181F0200148F28002114325F8201075
:107B10002AE1A1692069814202D9091AA16102E022
:107B20000846C4F818B0B5F850102944227807EB7D
:107B3000C20201EB420101F5806150B13E2811D82B
:107B4000420810F0010F00D0521C09EA8220088080
:107B5000FAE0088820F4F8400880088840F40040E3
:107B60000880F1E0420910F01F0F00D1521E4AEACE
:107B700082200880E8E03ABBB5F85000284421781C
:107B800008EBC10100EB410000F58060216951B1B3
:107B90003E2911D84A0811F0010F00D0521C09EA01
:107BA0008221018010E0018821F4F84101800188E0
:107BB00041F40041018007E04A0911F01F0F00D194
:107BC000521E4AEA82210180607810B1012829D032
:107BD00033E0B5F850002844217807EBC10100EBF1
:107BE000410000F58060216951B13E2911D84A0851
:107BF00011F0010F00D0521C09EA822101801CE023
:107C0000018821F4F8410180018841F4004101809C
:107C100013E04A0911F01F0F00D1521E4AEA8221D7
:107C200001800AE0B5F850104819217807EBC1012E
:107C300000EB4100218AA0F80014E069D8B3217854
:107C400035F8210010F4804F02D010F0400F05D11C
:107C500000F4804200F04000104375D135F8210057
:107C600020F0700020F4E04048F2C002104325F8F4
:107C7000210069E0A1692069814202D9091AA16144
:107C800002E00846C4F818B03ABBB5F850102944D1
:107C9000227808EBC20201EB420101F5806158B184
:107CA0003E2812D8420810F0010F00D0521C09EAF9
:107CB00082220A8011E047E00A8822F4F8420A8012
:107CC0000A8842F400420A8007E0420910F01F0FC0
:107CD00000D1521E4AEA82220A80617811B101293C
:107CE00028D031E0B5F850102944227807EBC202C1
:107CF00001EB420101F5806150B13E2811D84208E4
:107D000010F0010F00D0521C09EA822008801BE00D
:107D1000088820F4F8400880088840F40040088073
:107D200012E0420910F01F0F00D1521E4AEA8220D1
:107D3000088009E0B5F850205119227807EBC202FB
:107D400001EB4201A1F80004207835F8201021F061
:107D5000700121F4804181F4805181F4005148F296
:107D60008002114325F820100020BDE8F08F00218B
:107D7000A0F844104FF43F41A0F840100020704795
:107D80000148FBF770B90000F8630020B0F8440028
:107D9000704710B44FEA530C00EB420000F58060CE
:107DA000BCF1000F0CD00288841C0A70481C110A18
:107DB0000170411CA01CACF1010CBCF1000FF2D110
:107DC00013F0010F01D00088087010BC7047002923
:107DD00002D18021A0F84C10002070475B1C5B088A
:107DE00000EB420000F58060002B0BD00A78491CA4
:107DF00091F800C042EA0C220280001D491C5B1E63
:107E0000002BF3D17047FEE703B4019841000098BE
:107E100050EAC12018BF04204A0D18BF40F00100ED
:107E200040F2FF72B2EB515F08BF40F00200012840
:107E300008BF052002B0704770B59B482DED020BBE
:107E40002DED068B079D25F00044A04218DC9748D5
:107E5000844202DC0AD1069840B19DED060BBDECD0
:107E6000068B02B0BDE8704000F003BB002DCCBF14
:107E70009FED8F0B9FED900BBDEC068B02B070BD9C
:107E80008F48A04215DD8F48A042D8BF4FF0FF3485
:107E900058DD9DED060B51EC100BFFF7B5FF0428E4
:107EA00008BF00F0FDFA9DED060BBDEC068B02B09D
:107EB00070BD9DED060B51EC100B00F019FBCDE9E8
:107EC000060181489FED828BA0423CDD8248A042A2
:107ED0001FDD00249FED82AB9DED060B53EC1A2BAA
:107EE00051EC100B00F092FC9DED060B41EC190BD0
:107EF00053EC1A2B51EC100B00F0E2FE53EC182B54
:107F000001F0B4F853EC192B00F028FDCDE906017F
:107F100049E09DED060B012453EC182B51EC100B9E
:107F200000F074FC9DED060B41EC190B53EC182B83
:107F300051EC100B01F09AF853EC192B00F00EFDE8
:107F4000CDE906012FE06848A0421FDD02249FED25
:107F5000689B9DED060B53EC192B51EC100B00F0B8
:107F6000AFFE53EC182B00F051FC9DED060B41ECDD
:107F7000180B53EC192B51EC100B01F077F853EC64
:107F8000182B00F0EBFCCDE906010CE09DED060B93
:107F9000032453EC102B9FED580B51EC100B00F009
:107FA000DDFCCDE906019DED060B53EC102B51ECE9
:107FB000100B00F085FE41EC180B53EC182B00F071
:107FC0007FFE41EC190B4E480621B0EE490AF0EE57
:107FD000690A784400F0D1F953EC182B51EC100BDE
:107FE00000F06EFE41EC180B4648B0EE490AF0EE88
:107FF000690A0521784400F0C0F953EC192B51ECC3
:10800000100B00F05DFE41EC100B51EC180B53EC23
:10801000102B002C0EDA00F0F9FB9DED061B53EC43
:10802000112B00F04DFE9DED061B53EC112B00F0C3
:1080300045FF35E000F0EAFB9DED061B53EC112BEC
:1080400000F03EFE41EC100B2F48784400EBC400DA
:1080500090ED001B51EC100B53EC112B01F006F8C6
:108060009DED061B53EC112B01F000F841EC100BB9
:108070002648784400EBC40090ED001B51EC100B37
:1080800053EC112B00F01AFF41EC100B002DA2BF96
:10809000BDEC068B02B070BD51EC100B00F078FB0C
:1080A00041EC100B01E70000000010440000F07FDD
:1080B000182D4454FB21F93F182D4454FB21F9BFDE
:1080C0000000DC3F0000203E0000F33F0000000005
:1080D000000000000000F03F0000E63F000000004C
:1080E000000000000000004000800340000000008D
:1080F000000000000000F83F000000000000F0BF9A
:108100007A23000030230000BA220000722200000F
:1081100070B56B4E2DED040B2DED028B82B0DDF8AA
:108120001CC0DDE905235C422CF000411C4341EA00
:10813000D474049D22F00040B44205D86C422C4314
:1081400040EAD474B4420BD99DED061B9DED040B9F
:1081500002B0BDEC028B04B0BDE8704000F093B9F2
:10816000ACF14054A4F17F641C430BD0022404EA18
:10817000AC7444EAD27405439FED538B9FED542BAE
:1081800007D015E09DED040B51EC100B00F098F9B1
:1081900042E0002C11BF012C9DED040B02B0BDECA0
:1081A000028B04BF04B070BD022C38D0032C3BD02E
:1081B0000B439FED491B9FED4A0B0AD0B14218D1EA
:1081C000B04209D121F0804120F080400791059014
:1081D0000FE0002A15DA10E0434B7B44002C08BF67
:1081E00093ED000B0DD0012C10D0022C17D0032CD6
:1081F0001AD0B0421DD1002A03DAB0EE410AF0EEE7
:10820000610A02B0BDEC028B04B070BD93ED000BAF
:1082100051EC100B00F0BCFA41EC100BF1E7B0EEA2
:10822000480AF0EE680AECE7B0EE420AF0EE620AA5
:10823000E7E7401A00153C28C8BF8DED000B19DC9C
:10824000BCF1000FBEBF10F13C0F9FED290B8DED6F
:10825000000B0FDB9DED060B53EC102B9DED040B7B
:1082600051EC100B00F07AFB00F042F900F028F915
:10827000CDE90001002C08BF9DED000BC1D0012C01
:1082800010D0022C9FED1C0B53EC102B9DED000B1E
:1082900051EC100B0DD000F0E9FE53EC182B00F060
:1082A000E5FEB9E7019880F0004001909DED000BDC
:1082B000A7E700F0DBFE53EC182B00F0FFFDABE767
:1082C0000000F07F00000000182D4454FB210940FD
:1082D000182D4454FB2109C0182D4454FB21F9BF2B
:1082E000182D4454FB21F93FA2210000000000009A
:1082F0000000000000000000075C143326A6A13C2B
:1083000000B52DED048BB0EE409AF0EE609A83B08C
:1083100051EC190B00F0DEFD41EC180B18EE100AC1
:1083200018EE901A8DED008B002818BF012008432D
:1083300020F00040C0F17F6000F1E040C00F14D099
:1083400019EE101A19EE900A8DED009B002918BF46
:108350000121084320F00040C0F17F6000F1E040BF
:10836000C00F04BF0120F8F7F7F8B0EE480A03B0D9
:10837000F0EE680ABDEC048B00BD70B504462DED2F
:10838000028B4D1E00EBC500B0EE408AF0EE608A15
:1083900090ED000B35F0060017D053EC182B51EC84
:1083A000100B00F08DFC41EC100B6D1E04EBC500B2
:1083B00090ED001B51EC100B53EC112B00F026FA42
:1083C00041EC100B35F00600E7D1022D36D0042D1C
:1083D0001CD0062D1CBFBDEC028B70BD53EC182BBE
:1083E00051EC100B00F06CFC94ED0A1B53EC112BBC
:1083F00000F00CFA53EC182B00F062FC94ED081B13
:1084000053EC112B00F002FA41EC100B53EC182B3B
:1084100051EC100B00F054FC94ED061B53EC112BA7
:1084200000F0F4F953EC182B00F04AFC94ED040B27
:1084300053EC102B00F0EAF941EC100B53EC182B25
:1084400051EC100B00F03CFC94ED021B53EC112B93
:1084500000F0DCF953EC182B00F032FC94ED001B1B
:1084600053EC112B00F0D2F9BDEC028B41EC100B58
:1084700070BD10B553EC102B51EC100B00F0C6F989
:1084800041EC100B10BD10B553EC112B51EC100B3F
:1084900000F0BCF941EC100B10BD00000000000022
:1084A0009FED050B10B553EC102B51EC100B00F0A9
:1084B00007FC41EC100B10BD000000000000001094
:1084C00010B541EC100BFFF7B7FC51EC100B10BDD1
:1084D000002381621946C0E9022300EB8102491C96
:1084E0001361936113620229F7DB036043607047F5
:1084F00082B0CDE9000121F0004001909DED000B1C
:1085000002B051EC100B70470EB5FAF77FF9FDF78A
:10851000FBF8FCF76DFC9448416941F002014161B0
:108520004069002200F00200009011463A20FAF75C
:10853000C7F93A20FAF7B6F9002211463B20FAF7BC
:10854000BFF93B20FAF7AEF9002211463C20FAF7BA
:10855000B7F93C20FAF7A6F9002485490094019464
:108560008248029408600846F9F7E1FD00B1FEE791
:108570000094002269467E480194F9F7AFFD00B1EE
:10858000FEE7FCF7BBFCFCF7E3FCFCF769FEFCF73D
:108590008DFCFCF709FCFCF7D9FD77480094754980
:1085A000019401604721C0E9011440F2E731C16044
:1085B00080218161FCF717F800B1FEE7009469465D
:1085C0006D480194FBF7C7FF00B1FEE7FCF726FDFD
:1085D000FCF770FDFCF728FEFCF7E4FCFCF7EAFD75
:1085E00065480021E438FCF7E9FA63494FF4005587
:1085F000D0312A4601F50050FFF76AFF5F4C4FF477
:108600007A705F4944F88C0BA1F5D260CDE9000186
:10861000A0F5D263A0F52962584900F5E060F8F7AB
:10862000E3F957487030F8F789FB5148042160306E
:10863000FBF7BEFD4E480421A430FBF7B9FD514EB7
:108640004B48012231466030FBF7DBFD48480122F0
:108650003146A430FBF7D5FD454E603630680168E1
:1086600041F40031016031680123474A6431706987
:10867000F9F773FE3068416841F400014160443607
:108680003068016841F4003101603F4A31680123DC
:10869000921C64317069F9F760FE3068416841F4FA
:1086A0000001416000231A4606F590713748F8F73B
:1086B000BAFE364806F5B67124300123002206467C
:1086C000F8F7B1FEF7F7D2FDE26CE16D00FB012097
:1086D00082B2A08DA18F80B289B2CDE90010A08BAB
:1086E00083B2B4F8940081B22848F8F7B4FEF7F7E3
:1086F000BDFDE26CE16D00FB012082B2A08DA18F77
:1087000080B289B2CDE90010A08B83B2B4F8940096
:1087100081B23046F8F79FFE00211548F9F75DFD5C
:108720001548FBF7D5FF154C6E11343CA069B042DB
:1087300007D92079800702D5F9F776F901E0F9F732
:108740005BF9A069A84201D9F9F756F90C486A46C5
:1087500001A9D030F8F7ACFF0028E7D1DDE900101F
:10876000F9F706F8E2E7000000100240007400404C
:1087700050050020009C0040AC070020B0280020DD
:10878000D83B00204000060008000020005E0020CA
:1087900081F00041704780F00040704721F00041B7
:1087A000704720F00040704721F00042A2F1605273
:1087B000B2F5801F01F0004328BFD2F17F6C0BD9C6
:1087C0005FEA001C43EAC20242EB507018BF7047D8
:1087D00028BF20F001007047B2F5801FBCBF1846CB
:1087E00070474FEA410C1CF5001F02D2084600F00A
:1087F0009DBD70B500F00EFB00000089FFF7F6BFCD
:108800004FF00040A0F580007047000010B591EADD
:10881000030F48BF83F0004300F13084841A71EBEA
:10882000030C05D2121943EB0C03001B61EB0C0186
:10883000DFF824E14FEA1154A4EB135C1EEA430F66
:1088400018BF9EEA445F73D023EA0E03DCF1200ECA
:1088500021EA045143F4801332D322FA0CFE10EBC8
:108860000E0023FA0CFE41EB0E01CCF1200E03FAB0
:108870000EFE10EB0E0051F10001B1F5801FCCF19E
:10888000200E32D201EB045112FA0EF2BDE8104074
:1088900058BF7047401C38BF5FEA420218BF70479C
:1088A000002814BF20F0010041F100014FEA41030C
:1088B00013F5001F38BF7047A1F1C04100F0F8BAAE
:1088C000012A43EB0302ACF1200CDCF11F0E32BF96
:1088D0004FF0000E23FA0CF310EB030041EB0451B0
:1088E000B4EB115FD0D0A1EB045101F58011490820
:1088F0005FEA300001EB04510ED350F1000038BFA5
:1089000012FA0EFE08D1BDE81040C9E7401C38BF7E
:108910005FEA4202CAD1C3E7BDE810404FEA410313
:1089200013F5001F38BF7047A1F1C04100F0C0BA75
:108930009EEA445F08D011EA5E0FBDE8104004BF14
:1089400001F0004100207047BDE8104070B500F014
:1089500061FA00BF64FBBE3E0000E0FF2DE9C041AC
:1089600030B4DFF8A0C23CEA111418BF3CEA13147B
:1089700000F0EC8081EA03051CEA111444EAD57486
:1089800018BF1CEA131500F0C780A4EB05044FF0D4
:10899000004545EAC12145EAC32341EA505143EA73
:1089A000525304F17F74994204F500344FEAC02019
:1089B0004FEAC22208BF904200F09C804FEA136544
:1089C0000FF24016765D4FEA134506FB05F7C7F137
:1089D000807706FB07F74FEAD737A7FB0368764295
:1089E000C8F58038A7FB06CE38BFA8F1010807FB01
:1089F00008E64FF0000EA6FB028CE6FB03CEDCF18E
:108A0000000CCEF1004E38BFAEF1010EA6FB0C58A3
:108A10004FF000074FF00005E6FB0E87A1FB08C6EC
:108A2000A0FB07CE16EB0E0645F10005E1FB07653E
:108A300015F1E04E7EBFA4F580345FEA46066D4135
:108A400016F1800745F100054FEA17274FEA066641
:108A500047EA0567A6F1DE46B6F1805F4FEA1525C5
:108A60001FD9384624F0010C05EBC471BCF1FE6F30
:108A700001EB0C1102D8F0BCBDE8008124425CBFC0
:108A800001F5801E9EEAC47F02D4F0BCBDE80081DF
:108A9000244238D4F0BCA1F1C041BDE8004100F04F
:108AA00007BA4FEAD22242EA43524FEAD323A7FB46
:108AB00002864FEAD02040EA415007FB03661EEAD7
:108AC0000E0F4FEAD12105FB026658BFA6EB0056F8
:108AD000B6EB00564FEA520E4EEAC37E18EB0E0E6E
:108AE00056EB530EBDD518EB02085E417F1C55F1C5
:108AF0000005B6E74FF480154FF000074FF0000671
:108B00004FF00008ADE7F0BC4FF0000001F1C041AC
:108B100001F00041BDE8008111EA0C1F0CEA1315B9
:108B200000D00CE013EA0C1F00F025804FF000008D
:108B3000F0BC81EA030101F00041BDE80081F0BC16
:108B4000BDE8004181EA030100F0B2B9F0BCBDE824
:108B5000004170B500F05EF9097EFC3E00F007B8F8
:108B600081EA03014FF0000001F00041704781EA03
:108B7000030100F09DB9F0BCBDE800414FF00000DA
:108B800021497047FFFDFBF9F7F5F4F2F0EEEDEB4C
:108B9000E9E8E6E4E3E1E0DEDDDBDAD8D7D5D4D3FB
:108BA000D1D0CFCDCCCBCAC8C7C6C5C4C2C1C0BF47
:108BB000BEBDBCBBBAB9B8B7B6B5B4B3B2B1B0AF4D
:108BC000AEADACABAAA9A8A8A7A6A5A4A3A3A2A131
:108BD000A09F9F9E9D9C9C9B9A99999897979695EC
:108BE00095949393929191908F8F8E8E8D8C8C8B88
:108BF0008B8A898988888787868585848483838210
:108C0000828181800000FF070000F87FB0FA80F3C6
:108C100010FA03F10AD0C3F11D0303F580634FEA94
:108C200041504FEA035202EBD12170474FF0000050
:108C300070470000B1FA81F30B3B20D3994010D16B
:108C4000B0FA80F310FA03F108BF7047C3F11D03B7
:108C500003F580634FEAD1224FEA415002EB035102
:108C60007047C3F1200C20FA0CFC9840C3F132038A
:108C700003F5806341EA0C0101EB0351704710B525
:108C8000C3F10004C3F1320CC4F1200E0CF5806274
:108C900001FA0EFC21FA04F100FA0EF3E040BDE8FF
:108CA000104040EA0C0001EB025138BF7047401CF5
:108CB00041F100015B0008BF20F001007047000097
:108CC000DFF848C170B51CEA111E1EBF1CEA13155F
:108CD0009EEA0C0F95EA0C0F00F06F8081EA030406
:108CE00023EA4C134EEAD47E21EA4C1141F4801160
:108CF00043F48013AE44A1FB024CA0FB0365AEF12C
:108D00007F7E361955EB0C05A1FB034C4CF100039B
:108D1000A0FB021C16EB0C06654153F1000309424F
:108D200018BF46F0010613F4007F0BD14FEA033160
:108D30004FEA0530340341EA155140EA16506FF00E
:108D400003020AE04FEAC3214FEAC520F40241EAD8
:108D5000555140EA56506FF0020202EB2E4201EBF1
:108D6000025585EACE710AD05FEA440C18BF24F0A0
:108D7000004450F1000041F1000120EAD47040F2BB
:108D8000FE7C624500D270BDA84214BF4FF0804403
:108D90004FF04044002E08BF0024BEF1806FA8BFF2
:108DA000A1F1C041BDE8704080F282804FF0000028
:108DB00001F1C04101F0004170479EEA0C0F0CEA3E
:108DC000131518BF95EA0C0F06D04FF0000081EA8A
:108DD000030E0EF0004170BD00F01CF88900013E4A
:108DE00000F007B800F009B84FEA430C5FEA5C5C9A
:108DF00008D081EA030100F05BB84FEA410C5FEA5A
:108E00005C5CF6D14FF00000014970470000FF079D
:108E10000000F87F0EF1020E2EF0030E5EF8046BD8
:108E2000364205D4012A43EB030515F5001F12D87D
:108E3000012841EB010C1CF5001F0CD80ED14FEAA4
:108E4000D17C15F5001F0CEB4C0C0CF1020C08BF8B
:108E50004CEBD37C04E04FF0080C01E04FEAD37CEC
:108E60000CEB4C0526FA05F606F00706B6F1040CE5
:108E700006D20EEB860CBDE870404CF0010C60474A
:108E8000DFE80CF0090B02024FF000414FF0000048
:108E9000A1F5002170BD19461046012851EB0104CF
:108EA00018BFD4F5001484BF002001F0004170BD4C
:108EB0000808A0F500114FEA3101704791EA030F4D
:108EC00010B581F000413FF5A9AC83F0004300F0FC
:108ED000D5B800002DE9F04101F5801CBCF5001F5C
:108EE000C0F2A9804FEA115C21EA0C510CF1FD0C93
:108EF00041F480115FEA5C0C0CF5C07C01D34000AA
:108F0000494130A4890241EA905187028E0E0A0C31
:108F1000A45D04FB04F602FB06F6C6F14046A4FB82
:108F20000662F60D46EA422606FB06F4A4FB012380
:108F30005242C3F1404338BF5B1EA6FB02420024ED
:108F4000E6FB0324D20B42EA4446A6FB0623A1FB20
:108F500002E2A3FB07E4E3FB61426442C2F1404E3C
:108F600038BFAEF1010EA6FB04234FF00002E6FB72
:108F70000E32A2FB03463400E2FB6264A1FB06E66C
:108F8000A4FB07E8E4FB61687642C8F1405838BFAB
:108F9000A8F10108A2FB06E4A3FB08E5E2FB685484
:108FA000A1FB05E6A7FB04E8E1FB648618F12005B8
:108FB00056F10006A809A8F11B08B10908F03F08FE
:108FC000B8F10A0F40EA86601CD901EB0C51BDE8EC
:108FD000F08100BFFCF5EEE8E2DDD8D3CFCBC7C30C
:108FE000C0BDB9B6B4B1AEACA9A7A5A3A19F9D9BC6
:108FF0009A9896959392908F8D8C8B898887868589
:1090000084838281A0FB006800FB01F208EB420828
:10901000B8EB872807D5341858EB0104D5D5401C88
:1090200051F10001D1E7341A78EB0104CDD4401E90
:1090300071F10001C9E75FEA4C0C5FEA9C5C0DD15D
:1090400005D34FF0000001F00041BDE8F081BDE81C
:10905000F04170B5FFF7DEFE6DDBFFBEBDE8F0410D
:109060004FF00000004970470000F87F10B591EA0A
:10907000030F48BF83F000433FF5D0AB841A71EB78
:10908000030C07D212198CF0004C43EB0C03001BAD
:1090900061EB0C01DFF8A4E14FEA1154A4EB135C7F
:1090A0001EEA430F18BF9EEA445F00F0B08023EA37
:1090B0006E03524221EA0451C3EB6E0338BF5B1EBC
:1090C000DCF1200E25D322FA0CFE10EB0E0043FA41
:1090D0000CFE41EB0E01CCF1200E03FA0EFE10EB5C
:1090E0000E0051F10001CCF1200E29D412FA0EF23B
:1090F00001EB0451BDE8104058BF7047401C1CBF35
:10910000B2F1004F704700280CBF491C20F001004D
:10911000704712EB020E43EB030218BF4FF0010E33
:109120004EEA4202ACF1200CDCF11E0E54D943FA97
:109130000CFE10EB0E0051F1FF31CCF11E0ED5D517
:109140000EF1010E12FA0EFE404141EB010101EB5E
:10915000445C5FEA5C5C10D910EBDE7001EB0451FB
:1091600038BFBEF1004FBDE8104018BF704700285F
:109170000CBF491C20F00100704730D24FEAD42CBC
:1091800011F5001124F400641BD0B1FA81F20B3AFE
:10919000A41AA41ED2F12003914030FA03F319431C
:1091A000904001EBCC71002C01EB0451BDE8104064
:1091B000A8BF704701F1C0414FF0000001F000412D
:1091C0007047B0FA80F310FA03F100D110BDE41A31
:1091D000173C4805C90AE4E701EB045110BD4910EA
:1091E00001EB0451BDE810404FEA300002E04FF0BF
:1091F000000170474A0008BF0042F8D0B2F5001FD6
:1092000028BF704701F000414FF0000070479EEA10
:10921000445F07D011EA5E0FBDE8104004BF002193
:1092200000207047BDE8104070B5FFF7F3FD00BFA8
:1092300040DFF63E83F00041104670470000E0FF3B
:1092400043004FEAD30C4FEA3C0C43401FBF40079A
:109250000CF1605113F0FE4F70471CF0006F03D10A
:1092600000200CF0004170470CF0004343EA5070BE
:1092700010B540EACC0000F00EF800BF00000092EC
:109280004FEA0001FFF714BE4FF000414FF000001D
:10929000A1F5002170470EF1020E2EF0030E5EF8CC
:1092A000044B244204D44FEA4102B2F17F4F11D85B
:1092B0004FEA4003B3F17F4F0CD80ED14FEAD07C78
:1092C000B2F17F4F0CEB4C0C0CF1020C08BF4CEBD5
:1092D000D17C04E04FF0080C01E04FEAD17C0CEBAC
:1092E0004C0324FA03F404F00704B4F1040C06D28E
:1092F0000EEB840CBDE810404CF0010C6047DFE839
:109300000CF0070802024FF00040A0F5800010BDED
:109310000846420018BFD2F1807288BF00F00040BA
:1093200010BD4FF04070E1EE100A7047FF2141EA96
:10933000D050C005704700004FEAC1230A1543EA28
:1093400050534FEAC02C18BF43F000431BD4A2F285
:109350004E02D2F57C72C0F22080502AA8BF502263
:1093600023FA02F12CFA02F060B4D2F1200284BF99
:1093700003FA02F52843C2F100029CBF23FA02F56A
:10938000284360BC704701F1804212F5801F04DA67
:109390004FF000004FF00001704770B5FFF73AFD45
:1093A00049922480002001E06FEAE1700146704795
:1093B000C2154FEA002318BF43F000430ED4D2F188
:1093C000BE0215D323FA02F1B2F1200C2EBF23FA0C
:1093D0000CF0C2F1200C03FA0CF070474FEA400C7D
:1093E000BCF1FE4F04D24FF000004FF00001704777
:1093F00010B5FFF750FF00BF9224498000204FF0C6
:10940000000170476FEAE0700146704701000000FC
:109410000300000001000000000000000000000048
:10942000000000000000000000000000000000003C
:1094300082574B3C00000000000000000000803F0D
:1094400000000000000080BF0000803F000000001E
:10945000000000000000803F00000000000000004D
:109460000000803F86C9FCBF65A5793F0000803FB2
:1094700000000000000000000100000003000000E8
:1094800001000000000000000000000000000000DB
:1094900000000000000000000000000082574B3C6C
:1094A00000000000000000000000803F00000000FD
:1094B000000080BF0000803F0000000000000000AE
:1094C0000000803F00000000000000000000803F1E
:1094D000C1A8FCBF65A5793F0000803F00000000E7
:1094E0000000000001000000030000000100000077
:1094F000000000000000000000000000000000006C
:1095000000000000000000001B657D3C0000000022
:10951000000000000000803F00000000000080BF4D
:109520000000803F00000000000000000000803FBD
:1095300000000000000000000000803F1F85FBBF0E
:10954000F914783F0000803F000000000000000098
:109550000100000003000000010000000000000006
:1095600000000000000000000000000000000000FB
:1095700000000000FDD94F3D000000000000000089
:109580000000803F00000000000080BF0000803F1E
:1095900000000000000000000000803F000000000C
:1095A000000000000000803FA323F1BFC004663F1D
:1095B0000000803F000000000000000001000000EB
:1095C0000300000001000000000000000000000097
:1095D000000000000000000000000000000000008B
:1095E000F3020C3E00000000000000000000803F7D
:1095F00000000000000080BF0000803F000000006D
:10960000000000000000803F00000000000000009B
:109610000000803F8885D2BF87FE393F0000803F31
:109620000000000000000000010000000300000036
:109630000100000000000000000000000000000029
:109640000000000000000000000000004372723DB6
:1096500000000000000000000000803F000000004B
:10966000000080BF0000803F0000000000000000FC
:109670000000803F00000000000000000000803F6C
:10968000EE5ADABFD9B1613F0000803F0000000010
:1096900000000000010000000300000001000000C5
:1096A00000000000000000000000000000000000BA
:1096B000000000000000000024B4E53D00000000B0
:1096C000000000000000803F00000000000080BF9C
:1096D0000000803F00000000000000000000803F0C
:1096E00000000000000000000000803F1058B9BFDB
:1096F000F792463F0000803F00000000000000009D
:109700000100000003000000010000000000000054
:109710000000000000000000000000000000000049
:109720000000000082725B3D0000000000000000AD
:109730000000803F00000000000080BF0000803F6C
:1097400000000000000000000000803F000000005A
:10975000000000000000803F2E90F0BFD191643FD8
:109760000000803F00000000000000000100000039
:1097700003000000010000000000000000000000E5
:1097800000000000000000000000000000000000D9
:10979000BBD5A33E00000000000000000000803F99
:1097A00000000000000080BF0000803F00000000BB
:1097B000000000000000803F0000000000000000EA
:1097C0000000803FBBD523BF8B54B83E0000803FD4
:1097D0000000000000000000010000000300000085
:1097E0000100000000000000000000000000000078
:1097F00000000000000000000000000032207B3E5E
:1098000000000000000000000000803F0000000099
:10981000000080BF0000803F00000000000000004A
:109820000000803F00000000000000000000803FBA
:1098300028D56EBF8F70023F0000803F00000000FF
:109840000000000001000000030000000100000013
:109850000000000000000000000000000000000008
:1098600000000000000000000000803F0000000039
:10987000000000000000803F000000000000000029
:109880000000803F00000000000000000000803F5A
:1098900000000000000000000000803F0000000009
:1098A000000000000000803F0000000000000000F9
:1098B00001000000030000000100000000000000A3
:1098C0000000000000000000000000000000000098
:1098D0000000000082574B3C000000000000000028
:1098E0000000803F0000803F000000000000803F3B
:1098F00000000000000000000000803F00000000A9
:10990000000000000000803F65A579BF0000000056
:109910000000803F00000000000000000100000087
:109920000300000001000000000000000000000033
:109930000000000000000000000000000000000027
:1099400082574B3C00000000000000000000803FF8
:109950000000803F000000000000803F0000000089
:10996000000000000000803F000000000000000038
:109970000000803F65A579BF000000000000803F27
:1099800000000000000000000100000003000000D3
:1099900001000000000000000000000000000000C6
:1099A000000000000000000000000000209AF93CC8
:1099B00000000000000000000000803F0000803F29
:1099C000000000000000803F0000000000000000D8
:1099D0000000803F00000000000000000000803F09
:1099E0003C6670BF000000000000803F00000000E7
:1099F0000000000001000000030000000100000062
:109A00000000000000000000000000000000000056
:109A100000000000000000009F76383D00000000BC
:109A2000000000000000803F0000803F00000000B8
:109A30000000803F00000000000000000000803FA8
:109A400000000000000000000000803F2CF168BF13
:109A5000000000000000803F000000000000000047
:109A600001000000030000000100000000000000F1
:109A700000000000000000000000000000000000E6
:109A8000000000009CDFB03D00000000000000006E
:109A90000000803F0000803F000000000000803F89
:109AA00000000000000000000000803F00000000F7
:109AB000000000000000803FF7C753BF0000000017
:109AC0000000803F000000000000000001000000D6
:109AD0000300000001000000000000000000000082
:109AE0000000000000000000000000000000000076
:109AF00024B4E53D00000000000000000000803FAD
:109B00000000803F000000000000803F00000000D7
:109B1000000000000000803F000000000000000086
:109B20000000803FF79246BF000000000000803F29
:109B30000000000000000000010000000300000021
:109B40000100000000000000000000000000000014
:109B50000000000000000000000000001B657D3CCC
:109B600000000000000000000000803F0000803F77
:109B7000000000000000803F000000000000000026
:109B80000000803F00000000000000000000803F57
:109B9000F91478BF000000000000803F00000000C2
:109BA00000000000010000000300000001000000B0
:109BB00000000000000000000000000000000000A5
:109BC0000000000000000000FA27183E000000001E
:109BD000000000000000803F0000803F0000000007
:109BE0000000803F00000000000000000000803FF7
:109BF00000000000000000000000803F5BEB33BF6E
:109C0000000000000000803F000000000000000095
:109C1000010000000300000001000000000000003F
:109C20000000000000000000000000000000000034
:109C300000000000F3020C3E0000000000000000E5
:109C40000000803F0000803F000000000000803FD7
:109C500000000000000000000000803F0000000045
:109C6000000000000000803F87FE39BF00000000B8
:109C70000000803F00000000000000000100000024
:109C800003000000010000000300000001000000CC
:109C900003000000010000000000000000000000C0
:109CA00000000000000000000000000000000000B4
:109CB00000000000000000000000000000000000A4
:109CC0000000000000000000000000000000000094
:109CD000D9940BBE00000000000000000000803F8F
:109CE00023DB81BF000000000000803F0000000077
:109CF000000000000000803FC65016BFF8537740B8
:109D00000000803F00000000000000000000803FD5
:109D1000CA3204C0AEB6E23F0000803F000000003F
:109D2000000000000000803F000000000000000074
:109D30000000803F410E6ABF000000000000803F2D
:109D400000000000000000000000803F2D43BCBF69
:109D5000598B273F0000803F0000000000000000FA
:109D60000000803FF0BF6DBF5EF4353F0000803FD4
:109D700000000000000000000100000003000000DF
:109D800001000000030000000100000003000000CB
:109D900001000000000000000000000000000000C2
:109DA00000000000000000000000000000000000B3
:109DB00000000000000000000000000000000000A3
:109DC000000000000000000000000000882EE8BD38
:109DD00000000000000000000000803FA30184BFDD
:109DE000000000000000803F0000000000000000B4
:109DF0000000803FBB0F283FF24163400000803FDE
:109E000000000000000000000000803F6C78F2BFFE
:109E1000857C04400000803F00000000000000003E
:109E20000000803F00000000000000000000803FB4
:109E300049D764BF000000000000803F0000000020
:109E4000000000000000803F1FF49CBFBD3A073FA8
:109E50000000803F00000000000000000000803F84
:109E6000740CE8BEAA43163F0000803F00000000CB
:109E700000000000010000000300000001000000DD
:109E800003000000010000000000000000000000CE
:109E900000000000000000000000000000000000C2
:109EA00000000000000000000000000000000000B2
:109EB000EF554BBE00000000000000000000803F96
:109EC000448B84BF000000000000803F00000000C1
:109ED000000000000000803FD3DEA0BF40A485400A
:109EE0000000803F00000000000000000000803FF4
:109EF00000000000000000000000803F12F760BF7B
:109F0000000000000000803F000000000000000092
:109F10000000803FEFC993BFEE77103F0000803F05
:109F2000000000000000000001000000030000002D
:109F3000010000000300000001000000000000001C
:109F40000000000000000000000000000000000011
:109F50000000000000000000000000000000000001
:109F60000000000018CF80BE0000000000000000CC
:109F70000000803FD7128ABF000000000000803F31
:109F800000000000000000000000803F1AC0A33F56
:109F90007D3F65400000803F0000000000000000A1
:109FA0000000803F00000000000000000000803F33
:109FB000E3194CBF000000000000803F00000000DB
:109FC000000000000000803FEA3ED0BE4547923EC0
:109FD0000000803F000000000000000001000000C1
:109FE000030000000100000000000000000000006D
:109FF0000000000000000000000000000000000061
:10A00000A04F34BF00000000000000000000803FAF
:10A01000C66D9CBF000000000000803F00000000F3
:10A02000000000000000803F000000000000000071
:10A030000000803F43E25EBF000000000000803F60
:10A04000000000000000000001000000030000000C
:10A0500001000000000000000000000000000000FF
:10A060000000000000000000000000004A5E7DBF0C
:10A0700000000000000000000000803F3B01F5BF31
:10A080003867343F0000803F0000000000000000FF
:10A090000000803F00000000000000000000803F42
:10A0A000C6166ABF5DDC063E0000803F000000006F
:10A0B000000000000100000003000000010000009B
:10A0C0000000000000000000000000000000000090
:10A0D0000000000000000000BC2270BF0000000073
:10A0E000000000000000803F3B01F5BF3867343FAF
:10A0F0000000803F00000000000000000000803FE2
:10A1000000000000000000000000803FC6166ABF8B
:10A110005DDC063E0000803F000000000000000003
:10A120000100000003000000010000000300000027
:10A13000010000000000000000000000000000001E
:10A14000000000000000000000000000000000000F
:10A15000000000000000000000000000032680BE98
:10A1600000000000000000000000803FD7128ABFFE
:10A17000000000000000803F000000000000000020
:10A180000000803F1AC0A33F7D3F65400000803F34
:10A1900000000000000000000000803F0000000000
:10A1A000000000000000803FE3194CBF00000000E9
:10A1B0000000803F00000000000000000000803F21
:10A1C000EA3ED0BE4547923E0000803F00000000BE
:10A1D000000000000100000003000000010000007A
:10A1E000000000000000000000000000000000006F
:10A1F0000000000000000000F2B557BF00000000A2
:10A20000000000000000803F3B01F5BF3867343F8D
:10A210000000803F00000000000000000000803FC0
:10A2200000000000000000000000803FC6166ABF6A
:10A230005DDC063E0000803F0000000000000000E2
:10A240000100000003000000010000000000000009
:10A2500000000000000000000000000000000000FE
:10A26000000000004D845DBF000000000000000001
:10A270000000803F3B01F5BF3867343F0000803F5E
:10A2800000000000000000000000803F000000000F
:10A29000000000000000803FC6166ABF5DDC063E7D
:10A2A0000000803F000000000000000000000000EF
:10A2B0000000000001020304060708090000000076
:10A2C0000102030402030405060708090A0B0C0D2A
:10A2D0000E0F10100102030405060708090A0B0CF3
:10A2E0000D0E0F10000000004FBB610567ACDD3F95
:10A2F000182D4454FB21E93F9BF681D20B73EF3FAD
:10A30000182D4454FB21F93FE2652F227F2B7A3C24
:10A31000075C143326A6813CBDCBF07A8807703CDD
:10A32000075C143326A6913CC4EB98999999C9BF50
:10A33000711623FEC671BCBF6D9A74AFF2B0B3BF85
:10A340009AFDDE522DDEADBF2F6C6A2C44B4A2BF45
:10A350000D5555555555D53FFF8300922449C23FB1
:10A360006E204CC5CD45B73F513DD0A0660DB13FE5
:10A37000EB0D76244B7BA93F11DA22E33AAD903FF7
:10A380000000000000000000A8A30008000000205A
:10A3900098010000C40100086CA400089801002086
:10A3A000607C00002002000861C320411379661B15
:10A3B00008A9041AB5041AD5041301671B08590823
:10A3C0001A8504170403090412011402020216403C
:10A3D00083043F57260201020301031A1A0313459F
:10A3E000061B0841041A3D041A69041113127A1954
:10A3F0003311B210130A0632022A40181C09024314
:10A40000571125C03209041B01020B130524161035
:10A410000105240110090104240202052406170184
:10A4200007058203081C1009048D320A1D07050167
:10A4300002432C070581070938442A40072A81076F
:10A44000112B0907440A3B04441361631408C162D9
:10A450001C086B64F8291F19101A47101A9104C1BF
:0CA460001A49181A3D041A55041A310458
:040000050800018965
:00000001FF
